id,text,label,group_id,source
c-849e2961bcd0,"자막 검수 일정이 편집 작업 지연으로 하루 밀려 금요일 오후에 시작됩니다. 검수 담당자는 배정된 영상의 자막 파일을 목요일까지 확인하고, 수정이 필요한 부분은 공동 작업표에 남겨 주세요. 최종본은 다음 주 월요일 오전에 게시됩니다.",announcement,ctx-d-039,original-synthetic:advanced-context-ko-1.0
c-7db75d9e8177,"이전 운영의 보관 자료
지난달 전시장 운영 점검에서 관람객이 모형 철도 주변의 안전선 안으로 들어오는 일이 여러 차례 확인되었습니다. 이에 따라 안내선은 이미 보강했고, 점검표와 당시 촬영한 배치도는 이번 안내를 작성할 때 참고 자료로 검토했습니다. 전시물 자체의 고장이나 체험 도구의 수량 부족이 확인된 것은 아니며, 기존 예약 내역과 자원봉사자 근무표도 정상적으로 정리되어 있습니다.

이번 토요일 개장부터 관람객 입장 동선은 한 방향으로 운영됩니다. 입구에서 받은 번호표의 시간에 맞춰 체험 구역으로 이동해야 하며, 어린이 체험 구역은 해당 회차 예약자만 이용할 수 있습니다. 예약하지 않은 보호자는 지정된 대기선 밖에서 관람해 주셔야 합니다.

분기점마다 새 동선을 표시한 안내판을 설치하고, 혼잡한 시간에는 안전을 위해 일부 구역의 입장을 잠시 늦출 수 있습니다. 전시물의 움직임이 평소와 다르거나 안전선이 훼손된 경우에는 직접 만지지 말고 가까운 안내요원에게 알려 주십시오. 기존 안내 방송은 유지하되, 번호표 안내를 먼저 확인해 주시기 바랍니다.

자원봉사자는 매일 시작 20분 전에 안내선의 위치와 번호표 수량을 확인해야 합니다. 운영 중에는 예약 번호와 입장 시간을 대조하고, 종료 후에는 체험 도구를 지정함에 넣은 뒤 남은 수량을 담당자에게 전달해 주십시오. 이미 끝난 시설 점검을 다시 수행하라는 뜻이 아니라, 변경된 운영 방식에 맞춰 현장에서 확인할 사항을 알리는 것입니다.

이번 변경은 관람객의 이동 순서와 체험 구역 이용 조건에 적용됩니다. 게시판과 입구 안내 화면에는 토요일부터 적용되는 동선을 표시하며, 자원봉사자는 근무 시작 전에 담당 구역을 확인해 주시기 바랍니다. 과거 점검 결과를 새로 신고하거나 별도의 장비 수리를 요청하는 내용이 아니라, 변경된 운영을 모든 수신자가 지켜 달라는 안내입니다.
이 내용은 당시 운영을 마치고 보관한 참고 자료입니다.

이번에 전달하는 본문은 다음과 같습니다.
이번에 전달하는 본문
지난 운영 점검표는 참고 자료로 첨부하고, 이번 회의에서는 철도 모형 전시장의 동선과 체험 회차 운영을 검토했다. 안내 담당은 분기점이 많아 한 방향 동선이 필요하다고 했고, 체험 담당은 예약 번호를 확인하면 조작대 혼잡을 줄일 수 있다고 설명했다. 시설 담당은 열차가 멈출 때 전원을 바로 끄는 기준을 명확히 하자고 제안했다. 참석자들은 토요일부터 새 동선을 시험하고, 첫날 종료 후 대기 시간과 고장 대응 사례를 함께 기록하기로 했다. 동선 표시는 안내 담당이 맡고 장비 점검은 시설 담당이 맡는다. 어린이 체험 구역의 회차별 인원은 시범 운영 결과를 본 뒤 확정하기로 하여 아직 결정하지 않았다. 이 문서는 이번 논의의 내용과 후속 업무를 남긴 것이다.",minutes,ctx-d-054,original-synthetic:advanced-context-ko-1.0
c-e97dd6f7d71b,"이전 운영의 보관 자료
지난 운영 점검표와 체험 회차별 이용 현황은 이번 회의의 참고 자료로 첨부했습니다. 자료에는 분기점에서 대기 줄이 길어졌던 사실과 일부 시간대의 조작대 혼잡이 기록되어 있었지만, 안내선 보강과 기존 장비 점검은 회의 전에 이미 완료되었습니다. 이번 회의에서는 그 자료를 다시 조사하기보다 다음 운영 방식과 담당 업무를 결정하는 데 활용했습니다.

안내 담당은 관람객이 서로 마주치는 구간이 많아 한 방향 동선이 필요하다고 설명했습니다. 체험 담당은 입구에서 예약 번호와 회차를 확인하면 조작대의 대기 인원을 줄일 수 있다고 보고했습니다. 시설 담당은 열차가 멈추었을 때 전원을 차단하고 구역을 통제하는 기준을 운영 기록에 명시해야 한다고 제안했습니다.

참석자들은 다음 토요일부터 한 방향 동선을 시범 적용하기로 결정했습니다. 입구와 각 분기점의 표시는 안내 담당이 맡고, 체험 담당은 회차별 예약자 확인과 대기 시간 기록을 맡습니다. 장비 이상이 발생하면 시설 담당이 전원 차단과 재가동 승인 여부를 판단하며, 첫날 종료 후 세 담당자가 기록을 함께 검토하기로 했습니다.

어린이 체험 구역의 회차별 적정 인원은 시범 운영 결과를 본 뒤 확정하기로 했습니다. 따라서 현재 회의에서 인원 기준을 최종 승인한 것은 아니며, 첫날 대기 시간과 안전선 이탈 사례를 확인한 후 다음 회의에서 결정할 예정입니다. 기존 점검표에 적힌 안전선 보강을 다시 지시하거나 이미 끝난 장비 수리를 새 업무로 배정한 것도 아닙니다.

이번 문서는 실제 참석자들이 논의한 내용과 결정 사항, 담당자별 후속 업무, 아직 보류한 인원 기준을 남기기 위해 작성했습니다. 안내 담당은 시범 적용 전 표시를 완료하고, 체험 담당은 예약자와 대기 시간을 기록하며, 시설 담당은 이상 사례를 정리합니다. 회의에서 확정하지 않은 사항은 결과 확인 뒤 다시 논의하며, 참고 자료의 과거 기록을 이번 결정 자체로 간주하지 않습니다.
이 내용은 당시 운영을 마치고 보관한 참고 자료입니다.

이번에 전달하는 본문은 다음과 같습니다.
이번에 전달하는 본문
철도 모형 전시장을 운영할 때는 개장 전에 전원과 제어판의 표시등을 확인하고, 운행 구간마다 정지 위치를 시험한다. 관람객 동선은 안내선 밖으로 유지하며 체험 회차가 시작되면 예약 번호를 확인한 뒤 지정된 조작대에 한 명씩 입장시킨다. 열차가 멈추거나 선로에 이물질이 보이면 즉시 전원을 끄고 해당 구역을 통제한다. 재가동은 선로와 연결부를 확인한 후 담당자의 승인 아래 진행한다. 혼잡도가 기준을 넘으면 다음 회차 입장을 늦추고 대기 인원을 분산한다. 운영 종료 시에는 체험 도구를 회수해 목록과 대조하고, 이상 내역을 점검표에 기록한다. 이전 점검표는 확인 항목을 빠뜨리지 않기 위한 참고 자료이며, 실제 장비 상태가 다르면 현장 안전 기준을 우선한다.",manual,ctx-d-054,original-synthetic:advanced-context-ko-1.0
c-5fbbfcef8363,"이전 운영의 보관 자료
급수대 정비 일정과 점검 범위를 현장에서 논의했다. 시설 담당은 필터 교체를 먼저 하자고 했고, 체육 담당은 운동 시간과 겹치지 않도록 오후 작업을 요청했다. 누수 확인 뒤 한 곳만 재개할지 전부 열지 의견이 갈렸으며, 최종적으로 두 곳을 먼저 시험하고 다음 날 수압을 확인하기로 했다. 시설 담당이 결과를 기록하고 체육 담당이 이용자 안내를 맡는다.
이 내용은 당시 운영을 마치고 보관한 참고 자료입니다.

이번에 전달하는 본문은 다음과 같습니다.
이번에 전달하는 본문
운동장 급수대를 정비할 때는 먼저 밸브를 잠그고 주변 전원을 차단한다. 필터를 교체한 뒤 연결부에 누수가 없는지 확인하고, 물을 30초 이상 흘려 이물질을 제거한다. 바닥이 젖으면 미끄럼 표지를 세운 상태에서 닦고, 수압이 회복되지 않으면 예비 부품을 임의로 조립하지 말고 관리 담당자에게 작업을 넘긴다.",manual,ctx-d-053,original-synthetic:advanced-context-ko-1.0
c-404503be2ca3,"공유 주방 예약 충돌 사례를 검토한 자리에서 저녁 이용자의 준비 시간을 어떻게 반영할지 논의했다. 한쪽은 예약 시작 전 입장을 허용하자고 했고, 다른 쪽은 다음 이용자의 준비 공간이 줄어든다고 우려했다. 참석자들은 준비 목적의 입장은 시작 15분 전까지만 허용하고, 시범 운영 결과를 한 달 뒤 확인하기로 했다. 예약 담당자는 안내 문구를 수정하고 다음 주까지 변경안을 공유한다.",minutes,ctx-d-025,original-synthetic:advanced-context-ko-1.0
c-e53243b8db87,"공동 공구함 점검 결과, 드라이버 세 개의 손잡이가 손상되어 이번 주 수요일까지 사용할 수 없습니다. 해당 공구는 별도 상자에 옮겨 두었으며, 점검이 끝나면 다시 사용 가능 여부를 안내하겠습니다. 급히 필요한 작업은 관리실에 대체 공구를 신청해 주세요.",announcement,ctx-d-035,original-synthetic:advanced-context-ko-1.0
c-1686866c74d7,"지난주 현장 점검에서 버스 승차장 대기선이 출입구를 막는 사례가 확인되었습니다. 내일부터 오전 8시부터 10시까지는 노란선 안쪽에서 순서대로 기다리고, 안내 표지 밖에 선 줄은 운영요원이 정리합니다.",announcement,ctx-d-051,original-synthetic:advanced-context-ko-1.0
c-d487b6e2a078,"이번 동네 장터에서는 물품을 접수한 뒤 종류별로 분류해 판매대에 배치합니다. 판매자는 토요일 오전 8시 30분까지 물품을 가져와 주시고, 깨지기 쉬운 물건은 별도 표시를 붙여 주세요. 분류가 끝난 물품은 생활용품, 의류, 도서 구역에서 확인할 수 있습니다.",announcement,ctx-d-049,original-synthetic:advanced-context-ko-1.0
c-38d107e9b151,다음 달 안전 교육 참석 확인 방식이 바뀝니다. 교육 당일 현장 서명 대신 안내된 확인 화면에서 이름과 소속을 입력해 주세요. 미참석자는 보충 일정 신청서를 18일까지 제출하면 됩니다.,announcement,ctx-d-041,original-synthetic:advanced-context-ko-1.0
c-941ba0a67d0f,"이전 운영의 보관 자료
회화 수업 작품 보관 문제를 논의하기 위해 지난주 강사 두 명과 운영 담당자, 보관실 관리자가 참석했습니다. 지난 학기에는 완성 작품을 교실 뒤 선반에 임시로 쌓아 두었고, 이동 중 모서리가 구겨지거나 이름표가 떨어진 사례가 보고되었습니다. 운영 담당자는 작품을 찾는 과정에서 수업명과 제출 시기를 다시 확인해야 했다고 설명했습니다.

강사들은 물감이 덜 마른 작품을 바로 봉투에 넣으면 표면이 달라질 수 있다고 지적했습니다. 보관실 관리자는 이름별 칸을 사용할 수 있지만, 큰 작품이 한꺼번에 들어오면 공간이 부족할 수 있다고 보고했습니다. 참석자들은 기존에 작성된 작품 보관 안내 초안과 지난 학기 제출 목록을 참고 자료로 확인했으며, 그 자료 자체를 이번 회의의 결정문으로 보지는 않았습니다.

논의 결과, 작품 뒷면과 봉투에 이름과 반을 함께 적고 완전히 마른 작품만 보관실로 옮기기로 합의했습니다. 건조가 끝나지 않은 작품은 강사가 건조대에 두고 상태를 확인하며, 보관 담당자는 제출 목록과 봉투 표기를 대조하기로 했습니다. 이 결정은 다음 학기 전체 운영을 확정한 것이 아니라 현재 수업에서 우선 적용할 기준으로 기록되었습니다.

보관 기간은 마지막 수업일부터 두 달로 정했습니다. 강사는 수업 종료 때 건조 상태를 확인하고, 운영 담당자는 보관 위치와 회수 기록을 관리하며, 보관실 관리자는 공간 현황을 매주 공유하기로 했습니다. 두 달이 지난 작품의 전시 활용 여부와 폐기 방식은 수강생 동의 확인 절차를 거친 뒤 운영 담당자가 별도 안으로 마련하기로 했습니다.

보관실 칸이 부족할 때 크기별 임시 선반을 사용하는 안은 우선 적용하되, 임시 선반의 안전 기준과 책임자는 아직 정하지 않고 다음 회의로 보류했습니다. 운영 담당자는 이번 주 안에 결정된 표기와 건조 기준을 강사들에게 전달하고, 보관실 관리자는 현재 칸 수를 다시 확인하기로 했습니다. 이번 회의록은 실제 논의에서 합의된 사항과 보류된 과제, 담당자를 남기는 것이 목적이며, 참고 안내를 새로운 미해결 요청으로 확대하지 않습니다.
이 내용은 당시 운영을 마치고 보관한 참고 자료입니다.

이번에 전달하는 본문은 다음과 같습니다.
이번에 전달하는 본문
회화 수업 작품은 완전히 마른 뒤 보관해야 한다. 작업자는 작품 뒷면에 수강생 이름, 반, 수업 날짜를 연필로 적고 표면이 젖었는지 확인한다. 젖은 부분이 있으면 평평한 건조대에 두고, 마른 작품은 크기에 맞는 종이 봉투에 넣어 봉투 겉면에도 같은 정보를 적는다.

보관 담당자는 제출 목록과 봉투 표기를 대조한 뒤 이름별 칸에 세워 넣는다. 작품이 휘었거나 물감이 묻어 봉투에 붙을 우려가 있으면 별도 선반에 두고 강사에게 알린다. 회수 요청이 들어오면 수업명과 제출 시기를 확인하고 목록에 인수 날짜를 기록한다. 두 달이 지난 작품은 폐기 대상 목록을 만든 뒤 담당 강사의 확인을 받아 처리하며, 전시 활용 동의가 있는 작품은 별도 상자에 옮긴다.",manual,ctx-d-018,original-synthetic:advanced-context-ko-1.0
c-214061d5ae90,"이전 운영의 보관 자료
야간 출입 담당자는 업무를 시작할 때 당일 승인 명단과 출입 단말기의 날짜와 시간을 먼저 대조합니다. 명단의 적용일이 다르거나 담당자 서명이 빠져 있으면 이용자에게 바로 입장을 허용하지 말고, 승인 담당자에게 사실을 확인한 뒤 처리합니다. 지난달 점검표에 기록된 학생증 오류 사례는 확인 순서를 정하는 참고 자료이며, 당일 명단이 실제 승인 기준입니다.

이용자가 학생증을 인식시키면 화면에 표시된 이름과 소속, 승인 시간, 출입 상태를 명단과 비교합니다. 정보가 모두 일치하면 입장 시각을 기록하고 통과시키며, 이름이 없거나 승인 시간이 맞지 않으면 사유를 설명한 뒤 입장을 보류합니다. 동일한 사람이 반복해서 실패하더라도 과거 접수 이력을 근거로 임의 승인하지 말고 현재 명단과 담당자의 확인을 받아야 합니다.

단말기가 작동하지 않거나 인식 결과가 저장되지 않을 때는 먼저 전원과 연결 상태를 확인하되, 장비를 분해하거나 설정을 변경하지 않습니다. 문제가 계속되면 수기 대장에 이용자 이름, 소속, 입장 시각, 오류 화면의 내용을 적고 시설 담당에게 전달합니다. 수기 기록을 작성한 경우에도 승인 명단 확인은 생략할 수 없으며, 담당자 확인 전에는 입장을 허용하지 않습니다.

퇴실할 때는 입장 기록과 같은 대장에서 퇴실 시각을 확인하고, 연구실 사용자는 담당 교사의 확인 표시가 있는지 다시 살핍니다. 오후 8시 이후 남아 있는 이용자가 있으면 안내 방송으로 퇴실 시간을 알린 다음 순찰 담당에게 현재 인원과 위치를 넘깁니다. 이미 처리한 오류 신고나 지난 점검표를 다시 작성하는 것은 이 절차에 포함되지 않습니다.

업무가 끝나면 승인 명단, 수기 대장, 시설 담당에게 보낸 오류 내용을 함께 정리해 보관합니다. 다음 근무자는 이 기록을 참고할 수 있지만, 새로운 당일 명단과 현장 상태를 다시 확인한 뒤 같은 순서로 처리해야 합니다. 이 절차의 목적은 야간 출입을 반복적으로 관리하는 것이며, 특정 주간의 운영 시간을 공지하거나 회의 결정을 남기는 것이 아닙니다.
이 내용은 당시 운영을 마치고 보관한 참고 자료입니다.

이번에 전달하는 본문은 다음과 같습니다.
이번에 전달하는 본문
지난 화요일 도서관 야간 운영 검토 회의에는 사서, 시설 담당, 학생 대표가 참석했다. 시설 담당은 최근 한 달 동안 학생증 인식 오류가 네 차례 있었다고 보고했고, 학생 대표는 늦게까지 남은 학생의 귀가 확인이 불안정했다고 말했다. 회의에서는 단말기 교체 기간에 야간 이용을 오후 8시까지로 줄이는 안과 열람실만 제한하는 안을 비교했다. 사서는 전체 이용 시간을 줄이면 안내가 단순해진다고 설명했고, 참석자들은 교체가 끝날 때까지 오후 8시 제한을 적용하기로 결정했다. 동아리 연구실 이용자의 사전 명단 제출도 의무화했지만, 명단 변경을 언제까지 받을지는 정하지 못했다. 시설 담당은 교체 예정일을 확인해 다음 회의 전에 공유하고, 서기는 결정 사항과 미결 항목을 회의 자료에 반영하기로 했다.",minutes,ctx-d-034,original-synthetic:advanced-context-ko-1.0
c-53e74c787140,"재봉틀을 빌릴 때는 수선실 장부에 이름과 반납 예정 시각을 적습니다. 실을 교체하려면 전원을 끄고 노루발을 올린 뒤 바늘 주변의 실을 제거한 다음 새 실을 끼우며, 이상음이 나면 사용을 중지하고 관리함에 표시를 남깁니다.",manual,ctx-d-001,original-synthetic:advanced-context-ko-1.0
c-3a0de0aed6f0,"이전 운영의 보관 자료
지난달 식당 운영 점검에서 메뉴판에 적힌 알레르기 정보와 실제 조리대 표지가 서로 다른 사례가 확인되었습니다. 영양 담당자는 당시 원재료 변경 이력, 납품서의 성분표, 조리 기록을 대조했고, 성분을 확인할 수 없는 소스는 새 기준이 정해질 때까지 사용을 보류했습니다. 이 확인과 보류 조치는 이미 완료된 사항이며, 이번 안내는 그 검토 결과를 바탕으로 앞으로 적용할 표시 기준을 전달하기 위한 것입니다.

기존 검토 자료에는 색상만으로 알레르기 성분을 구분하는 방안과 메뉴별 별도 안내문을 붙이는 방안이 함께 제시되어 있었습니다. 그러나 색상 인식 차이와 안내문 누락 가능성을 고려해 색상만 사용하는 방식은 채택하지 않았고, 메뉴명 옆에 주요 유발 성분을 글자와 기호로 함께 표시하는 기준으로 정리했습니다. 참고 자료는 변경 배경을 설명하기 위한 것이며, 이용자가 별도의 자료를 다시 제출하거나 과거 표기를 확인해야 한다는 뜻은 아닙니다.

이번 주부터 모든 식당은 메뉴판과 배식대 표지를 같은 기준으로 교체합니다. 새 표지에는 주요 알레르기 유발 성분과 실제 제공 가능한 대체 여부가 함께 표시되며, 이용자는 식사 전에 배식대의 최신 표지를 확인해 주셔야 합니다. 표지가 교체되지 않은 식당은 운영 담당자가 확인한 뒤 별도 안내를 보내므로, 이용자는 임의로 성분을 추정하지 말고 직원에게 확인해 주시기 바랍니다.

조리 중 원재료가 바뀌거나 납품 제품의 성분표가 달라진 경우에는 해당 메뉴를 임시 보류하고 담당 영양사에게 즉시 알려야 합니다. 이미 배식이 시작된 뒤 오류를 발견하면 식당은 현장 표지와 안내 방송으로 변경 사실을 알리고, 이용자에게 개별 확인을 요청받았을 때 같은 기준으로 설명해야 합니다. 이 절차는 기존 검토에서 확인된 오류 대응을 실제 운영에 적용하는 내용이며, 새로운 별도 신고 업무를 추가하는 것은 아닙니다.

각 식당의 새 표지는 월요일 오전까지 교체될 예정이며, 교체가 끝난 뒤 운영 담당자가 게시 상태를 확인합니다. 수신자는 변경된 표지를 기준으로 메뉴를 확인하고, 표시와 실제 제공 내용이 다를 때 즉시 직원에게 알려 주시기 바랍니다. 이번 안내의 목적은 과거 대조 결과를 다시 기록하는 데 있지 않고, 모든 식당에 동일한 표시 기준과 이용자 확인 사항을 적용하는 데 있습니다.
이 내용은 당시 운영을 마치고 보관한 참고 자료입니다.

이번에 전달하는 본문은 다음과 같습니다.
이번에 전달하는 본문
식당 알레르기 표기를 갱신할 때는 먼저 해당 날짜의 메뉴와 조리 예정 원재료를 확인하고, 납품서의 성분표를 이전 등록 자료와 대조한다. 원재료가 바뀌었거나 성분표가 없는 제품은 알레르기 유발 성분을 임의로 추정하지 말고 사용 보류 목록에 기록한다. 대체 재료를 사용한 경우에는 기존 메뉴 표지를 재사용하지 않고 새 성분을 반영해 다시 작성한다.

표지는 메뉴명 옆에 주요 유발 성분을 글자와 기호로 함께 표시하며, 대체 가능 여부는 실제 제공 가능한 선택지만 기재한다. 배식 전 조리 담당자와 영양 담당자가 표지와 조리 기록을 서로 확인하고, 확인자와 시각을 점검표에 남긴다. 표지의 글자가 번졌거나 배식대 위치가 바뀐 경우에는 손글씨로 덧붙이지 말고 임시 표지를 출력해 교체한다.

배식 중 원재료 변경이나 표기 오류가 발견되면 해당 메뉴를 우선 보류하고 남은 음식과 사용 원재료를 분리한다. 담당자는 변경 내용을 기록한 뒤 영양 담당자의 확인을 받아 새 표지를 게시하며, 이미 제공된 음식에 대해서는 현장 직원에게 알리고 이용자 문의에 같은 정보를 안내한다. 원인과 조치가 끝나면 점검표와 성분 자료를 함께 보관한다.",manual,ctx-d-010,original-synthetic:advanced-context-ko-1.0
c-614b514952b9,"이전 운영의 보관 자료
이번 배송지 변경 운영 회의에는 고객센터 책임자, 물류 담당자, 결제 담당자, 회원관리 담당자가 참석했습니다. 고객센터는 결제 완료 뒤 주소를 바꾸려는 문의가 늘었다고 보고했고, 물류 담당자는 택배사 인계 이후에는 내부 수정이 배송 사고로 이어질 수 있다고 설명했습니다. 회원관리 담당자는 오래된 휴대전화 번호 때문에 배송 알림을 받지 못한 구매 이력을 제시했으며, 결제 담당자는 취소가 끝난 주문을 변경 대상에 다시 넣지 말아야 한다고 확인했습니다.
참석자들은 출고 전 주소 변경은 주문 상세 화면을 통한 요청만 유효하게 보고, 상담 채널로 전달된 주소는 별도 확인 없이는 반영하지 않기로 결정했습니다. 주문번호와 회원정보의 등록 연락처를 대조한 뒤 물류 담당자가 가능 여부를 판단하는 흐름에도 합의했습니다. 모바일 앱과 웹의 접속 환경은 기록하되, 어느 화면에서 요청했는지가 처리 기준을 달리하지는 않는다고 정리했습니다.
택배사 인계 이후의 주문은 내부에서 주소를 수정하지 않고 운송장 번호를 고객에게 안내하는 것으로 결정했습니다. 배송 완료 주문과 이미 취소된 결제 건은 이번 운영 범위에서 제외하며, 과거 구매 이력은 본인 확인과 문의 경위 파악에만 사용하기로 했습니다. 회원정보의 전화번호 갱신은 회원관리 담당자의 절차를 따르되, 배송지 변경과 한 번에 완료된 것으로 안내하지 않기로 했습니다.
고객센터 책임자는 새 기준을 상담 화면에 반영하고, 물류 담당자는 출고 전 변경 승인 여부를 기록하기로 했습니다. 회원관리 담당자는 알림 실패 사례를 모아 다음 회의에 제출하며, 결제 담당자는 취소 완료 건이 자동으로 변경 대기 목록에 들어가지 않는지 확인합니다. 택배사와의 직접 조정 권한과 예외적인 배송 중단 기준은 추가 확인이 필요해 보류했습니다.
이번 회의의 결정은 다음 달부터 적용할 배송지 변경 기준으로 정리해 고객 안내와 내부 화면에 반영하기로 했습니다. 다만 인계 직전의 긴급 요청을 어떤 담당자가 승인할지는 물류 책임자의 검토 후 다음 회의에서 확정합니다. 따라서 이번 기록은 과거 점검 결과를 다시 심의하는 문서가 아니라, 현재 합의된 적용 범위와 담당 업무, 보류된 결정을 남기는 데 목적이 있습니다.
이 내용은 당시 운영을 마치고 보관한 참고 자료입니다.

이번에 전달하는 본문은 다음과 같습니다.
이번에 전달하는 본문
상담 예약을 처리할 때는 신청서가 들어온 순서와 관계없이 희망 시간 두 개, 상담 방식, 보호자 참석 여부가 모두 입력되었는지 먼저 확인한다. 빈 항목이 있으면 신청자에게 보완을 요청하고, 자료가 갖춰진 건만 상담 가능 시간표와 대조한다. 같은 시간에 신청이 겹치면 담당 상담사의 배정 현황을 확인한 뒤 한 건을 우선 확정하고 다른 신청자에게 두 번째 희망 시간을 제안한다.
확정 전에는 신청자에게 확인 메시지를 보내고, 상담 전날까지 회신이 없으면 해당 시간을 보류 목록으로 옮긴다. 보호자 참석 여부가 바뀌면 상담 이틀 전까지 기록을 수정하되, 당일 변경은 상담실 책임자에게 판단을 요청한다. 온라인 화면에서 취소 표시만 남고 담당자 확인이 없는 경우에는 예약을 유지한 채 연락 기록을 남긴다. 이미 확정된 예약은 새 시간표로 다시 배정하지 말고 기존 담당자에게 변경 요청을 전달한다.
지난 운영 검토에서 대기 시간이 길어진 사례가 있었으므로, 매주 금요일 처리 건수와 미확정 사유를 정리해 다음 검토 자료로 보낸다. 책임자가 부재하면 지정 대리자가 같은 순서로 처리하고, 판단이 필요한 사례는 임의로 종결하지 않는다.",manual,ctx-d-030,original-synthetic:advanced-context-ko-1.0
c-b0df950dd123,"이번에 전달하는 본문
저녁 연습실은 예약이 겹치는 시간이 많아 입실 확인 절차를 통일하기로 했습니다. 지난 운영 검토에서 대기자 확인이 늦어진 사례를 살폈고, 관리자에게 구두로 예약을 전달하던 방식은 기록이 남지 않아 제외했습니다. 아래 순서는 근무자가 교대해도 같은 방식으로 처리하기 위한 것입니다.
예약자가 오면 먼저 당일 예약 목록에서 이름과 이용 시간을 대조한다. 시작 10분 전보다 이른 경우에는 앞 팀의 정리 여부를 확인한 뒤 복도 대기 위치를 안내한다. 시간이 되었으면 예약 화면의 동행 인원과 실제 입실 인원을 비교하고, 일치하지 않으면 관리자에게 확인을 요청한다. 확인이 끝난 사람만 출입 기록에 시각을 남기고 문을 열어 준다. 동행자가 뒤늦게 도착하면 기존 기록을 수정하지 말고 추가 입실 시각을 별도로 적는다. 예약 화면을 확인할 수 없을 때는 임의로 들여보내지 말고 당일 담당자에게 연락한다.

다음은 이전 운영 때 남긴 참고 자료이며 이번 본문과 구분해 보관합니다.
이전 운영의 보관 자료
지난 화요일 오후 7시에 연습실 운영 검토 회의를 열었고, 시설 담당자 두 명과 야간 근무자, 이용자 대표가 참석했습니다. 이번 회의에서는 예약 시간 전 입실로 인한 복도 대기, 동행자 확인 지연, 출입 기록 누락을 안건으로 다뤘습니다. 관리자는 지난주 기록에서 시작 전 입실 네 건과 예약 정보에 없는 동행자 두 건을 확인했다고 보고했습니다.
이용자 대표는 악기를 옮기려면 시작 전에 도착할 필요가 있다고 설명했지만, 야간 근무자는 앞 팀 정리 전에 입실시키면 복도 혼잡과 소음이 커진다고 말했습니다. 참석자들은 예약자가 시작 10분 전에 도착하는 것은 허용하되, 앞 팀이 정리하기 전에는 실 안으로 들이지 않는 방안을 논의했습니다. 동행자 정보가 맞지 않을 때 현장 근무자가 임의로 판단할지 여부도 함께 검토했습니다.
회의 결과 예약자는 안내 데스크에서 예약 화면을 확인한 뒤 입실하고, 예약 정보와 실제 동행 인원이 다르면 야간 담당자의 확인을 받기로 결정했습니다. 이 기준은 다음 달 말까지 시범 적용하며, 야간 근무자가 매일 출입 기록을 모아 시설 담당자에게 전달하기로 했습니다. 이용자에게 시행 내용을 알리는 안내문 작성은 운영 담당자가 맡기로 했습니다.
참고로 회의 전 검토 자료에는 관리자 구두 확인, 악기 보관함 사용 시간 분리, 동행자 사전 등록 기능이 대안으로 정리되어 있었습니다. 구두 확인 방식은 기록이 남지 않아 적용하지 않기로 했고, 보관함 시간 분리는 이번 안건의 직접 해결책이 아니어서 별도 검토 대상으로 남겼습니다. 동행자 사전 등록 기능은 시스템 수정이 필요하다는 이유로 결론을 내리지 못했습니다.
이번 회의에서 결정된 입실 기준은 시범 기간의 출입 기록과 이용자 의견을 확인한 뒤 재논의하기로 했습니다. 기능 개선 여부와 보관함 운영 변경은 보류 사항으로 남아 있으며, 다음 회의에서 담당자가 검토 결과를 보고합니다. 따라서 이 기록은 이용자에게 즉시 행동을 지시하는 안내문이 아니라, 이번 논의에서 나온 결정과 담당 업무, 미결 안건을 남기기 위한 문서입니다.
이 내용은 당시 운영을 마치고 보관한 참고 자료입니다.",manual,ctx-d-026,original-synthetic:advanced-context-ko-1.0
c-1c2c79b878c0,"이번에 전달하는 본문
종이 수거함을 비울 때에는 먼저 비닐과 음식물 찌꺼기를 골라내고, 젖은 종이는 마른 종이와 섞지 않는다. 상자는 접어서 끈으로 묶되 너무 큰 묶음은 두 개로 나누며, 영수증처럼 코팅된 종이는 일반 종이 수거 대상에서 제외한다. 배출 뒤에는 수거함 안쪽에 남은 물기를 닦고, 오염이 심한 경우 담당자에게 사진과 함께 알린다.

다음은 이전 운영 때 남긴 참고 자료이며 이번 본문과 구분해 보관합니다.
이전 운영의 보관 자료
지난 수거 점검에서 젖은 종이가 일반 수거함에 섞여 처리 지연이 발생했습니다. 다음 달부터 마을회관과 도서관의 종이 수거일이 화요일과 금요일로 조정되며, 수거 전날 저녁에 배출함을 비워 두어야 합니다. 담당자는 변경된 일정을 각 시설 게시판에 알려 주세요.
이 내용은 당시 운영을 마치고 보관한 참고 자료입니다.",manual,ctx-d-037,original-synthetic:advanced-context-ko-1.0
c-a33f7ebec78a,"이전 운영의 보관 자료
지난달에는 공사 구간과 어린이 보호구역의 표시가 실제 통행 제한과 일치하는지 확인하기 위해 현장 사진, 관리 기관의 변경 목록, 이전 배포본을 함께 대조했습니다. 검토 과정에서 일부 임시 폐쇄 표지가 공사 종료 뒤에도 남을 수 있다는 점이 확인되어, 종료 예정일을 기록하고 배포 전 다시 확인하는 기준을 마련했습니다. 당시 작성한 검토표와 사진 대조 결과는 이번 안내의 근거가 아니라 참고 자료로 보관하고 있습니다.
그동안 지도 이용자들이 기존 파일을 계속 사용하고 있다는 사실도 다운로드 기록으로 확인했습니다. 결제나 회원정보를 새로 처리하는 내용은 없으며, 로그인하지 않은 이용자도 배포 파일을 받을 수 있도록 접속 경로만 점검했습니다. 공사 일정이 아직 확정되지 않은 구역은 이전 안내처럼 이번 변경 범위에서 제외하기로 했습니다.
디자인 검토에서는 폐쇄 구간을 굵은 선과 사선 무늬로 표시하고, 우회 경로는 기존 색을 유지하는 방안을 채택했습니다. 어린이 보호구역의 범례 문구는 이용자 테스트가 끝난 뒤 확정할 예정이므로, 해당 문구가 들어간 최종 표시는 별도 배포 대상으로 남겨 두었습니다. 이 결정은 내부 검토 기록이며, 이용자에게 즉시 수행을 요구하는 절차는 아닙니다.
다음 주 월요일 배포본부터 확정된 우회 경로와 폐쇄 구간 표시가 적용됩니다. 기존에 내려받은 지도는 삭제한 뒤 새 파일을 받아 사용해 주시고, 현장 안내판과 모바일 화면의 경로가 다르면 배포 담당자에게 위치와 화면을 알려 주시기 바랍니다. 공사 일정이 다시 바뀐 구역은 새 파일에 포함하지 않고 별도 안내하겠습니다.
새 파일을 받은 뒤에는 자주 이용하는 경로가 변경 대상인지 확인하고, 이전 파일을 다른 기기에 남겨 두지 않도록 정리해 주십시오. 이번 안내는 지도 표현 기준을 설명하는 매뉴얼이나 회의 결과를 재현하려는 것이 아니라, 변경된 배포본의 적용 시점과 이용자 조치를 전달하기 위한 것입니다. 문의가 필요한 경우에는 지도 화면의 캡처와 확인 시각을 함께 보내 주시면 됩니다.
이 내용은 당시 운영을 마치고 보관한 참고 자료입니다.

이번에 전달하는 본문은 다음과 같습니다.
이번에 전달하는 본문
지역 지도를 수정할 때는 현장 통행 상태와 관리 기관에서 받은 변경 목록을 먼저 비교합니다. 도로가 완전히 막힌 경우에는 폐쇄 구간의 시작점과 끝점을 각각 표시하고, 우회 경로가 실제로 연결되는지 현장 자료로 확인합니다. 어린이 보호구역이나 경사로처럼 이용자에게 별도 주의가 필요한 장소는 기본 경로와 다른 기호를 사용하되 범례에 의미를 적습니다. 임시 변경은 종료 예정일을 기록하고, 날짜가 지나면 현장 확인 후 표시를 제거합니다. 수정본을 배포하기 전에는 이전 파일과 겹쳐 보이는 표식이 없는지 확인하고 검토자 승인을 받습니다.",manual,ctx-d-058,original-synthetic:advanced-context-ko-1.0
c-dab81b6e18a7,"이전 운영의 보관 자료
공동 구매 정산은 주문서의 참여자별 수량을 먼저 확인한 뒤 실제 결제액을 수량에 따라 나누어 계산한다. 배송비가 있으면 균등 배분하고, 할인액은 각 품목 금액에 비례해 차감한다. 계산표의 합계가 카드 승인액과 일치하는지 확인한 다음 영수증 파일을 연결하며, 차이가 생기면 입금 요청을 보류하고 주문 담당자에게 재확인을 요청한다.
이 내용은 당시 운영을 마치고 보관한 참고 자료입니다.

이번에 전달하는 본문은 다음과 같습니다.
이번에 전달하는 본문
공동 구매 물품의 정산 마감일이 6월 12일로 정해졌습니다. 참여자는 영수증 사진과 본인 계좌 정보를 운영 담당자에게 보내고, 마감 뒤 제출분은 다음 정산일로 이월됩니다. 금액이 다른 경우에는 입금 전에 확인 연락을 드립니다.",announcement,ctx-d-023,original-synthetic:advanced-context-ko-1.0
c-b73f5598f9fe,"이전 운영의 보관 자료
방음 상태를 확인한 회의에서 문 하단 보강과 환기구 교체가 제안되었습니다. 환기구를 막으면 공기 순환이 나빠질 수 있다는 의견이 있었고, 비용을 줄이기 위해 우선 문 하단만 시공하자는 결정이 내려졌습니다. 시설 담당자는 시공 뒤 소음 측정값을 공유하고, 기준을 충족하지 못하면 환기구 부품을 다시 검토하기로 했습니다. 다음 확인 일정은 공사 완료 후 첫 운영일로 잡았습니다.
이 내용은 당시 운영을 마치고 보관한 참고 자료입니다.

이번에 전달하는 본문은 다음과 같습니다.
이번에 전달하는 본문
지난달 점검에서 문틈으로 소리가 새는 문제가 확인되어 방음 보강 방법을 정리했습니다. 참고한 점검표에는 문 하단과 환기구를 순서대로 확인하라는 내용이 있습니다. 작업자는 먼저 실내 통화 장비를 끄고 문틀의 틈을 확인한 뒤, 규격에 맞는 차음재를 문 하단에 부착합니다. 환기구를 막아서는 안 되며, 부착 후에는 문을 닫은 상태에서 바깥쪽 소리를 측정합니다. 기준을 넘으면 차음재를 덧대지 말고 관리 담당자에게 재점검을 요청합니다.",manual,ctx-d-003,original-synthetic:advanced-context-ko-1.0
c-501a03f86549,"이전 운영의 보관 자료
영상 통화실의 방음 보강 공사가 8월 22일 오후에 진행됩니다. 공사 시간에는 해당 실을 사용할 수 없으므로 예약 이용자는 다른 통화실로 변경해 주세요. 작업이 끝난 뒤 소음 측정 결과를 확인하고 이용 재개 시각을 게시하겠습니다.
이 내용은 당시 운영을 마치고 보관한 참고 자료입니다.

이번에 전달하는 본문은 다음과 같습니다.
이번에 전달하는 본문
방음 상태를 확인한 회의에서 문 하단 보강과 환기구 교체가 제안되었습니다. 환기구를 막으면 공기 순환이 나빠질 수 있다는 의견이 있었고, 비용을 줄이기 위해 우선 문 하단만 시공하자는 결정이 내려졌습니다. 시설 담당자는 시공 뒤 소음 측정값을 공유하고, 기준을 충족하지 못하면 환기구 부품을 다시 검토하기로 했습니다. 다음 확인 일정은 공사 완료 후 첫 운영일로 잡았습니다.",minutes,ctx-d-003,original-synthetic:advanced-context-ko-1.0
c-fedf79668b5c,"공동 공구함을 점검할 때는 먼저 공구 목록과 실제 수량을 맞춰 봅니다. 손잡이가 흔들리거나 날이 무뎌진 공구는 사용 표시를 제거하고 별도 상자에 넣은 뒤 관리 기록에 상태를 적습니다. 전동 공구는 전원선을 확인한 다음 시험 작동을 하며, 이상음이 나면 즉시 플러그를 뽑습니다. 점검이 끝나면 부족한 공구와 수리 대상 목록을 관리실에 전달하고, 정상 공구만 원래 칸에 돌려놓습니다.",manual,ctx-d-035,original-synthetic:advanced-context-ko-1.0
c-13ef380edb3e,"이전 운영의 보관 자료
도예실 건조 선반 운영 문제를 논의한 회의에는 담당 강사와 작업실 관리자, 이용자 대표가 참석했습니다. 관리자는 선반 안쪽 작품의 건조 지연과 이동 중 이름표 분실 사례를 제시했고, 이용자 대표는 큰 작품을 위 칸에 올릴 수밖에 없었던 상황을 설명했습니다. 참석자들은 기존 점검표와 지난달 건조 시간 기록을 참고 자료로 확인했으며, 해당 자료를 이번 회의의 결정문으로 대체하지는 않았습니다.
참석자들은 작품 사이 간격을 넓히는 안과 선반 칸별 담당자가 위치를 기록하는 안을 비교했습니다. 큰 작품을 하단에 두는 방안, 칸이 부족할 때 사용할 작업대 옆 대기 구역, 이름표를 앞쪽 고리에 고정하는 방법도 함께 검토했습니다. 이미 떨어진 이름표 일부를 다시 부착한 조치는 완료되었지만, 반복적인 분실 원인이 해결되었다고 보기는 어렵다는 의견이 나왔습니다.
회의에서는 다음 주 화요일부터 새 배치를 한 달간 시범 적용하기로 결정했습니다. 현재 선반의 작품은 작업실 관리자가 이번 주 안에 재배치하고, 담당 강사는 작품 위치와 건조 시간을 기록하기로 했습니다. 이용자 대표는 새 기준을 이용자에게 전달하는 역할을 맡되, 개별 작품의 포장 가능 여부를 최종 판단하는 권한은 갖지 않기로 했습니다.
이름표 고정 방식의 내구성을 한 달 뒤 다시 확인하는 안은 결정되었고, 파손과 건조 시간 자료를 다음 회의에서 공유하기로 했습니다. 반면 이용자 대표가 포장 가능 여부를 현장에서 판단하게 해 달라는 제안은 권한과 책임 범위가 불명확해 보류했습니다. 선반을 추가 설치할지 여부도 비용 자료가 부족해 이번 회의에서는 결론을 내리지 않았습니다.
이번 회의록은 실제 논의에서 제시된 사실, 결정된 시범 운영, 담당자와 보류 사항을 남기기 위한 것입니다. 다음 주 적용 기준을 이용자에게 알리는 별도 안내가 필요하지만, 이 문서 자체가 이용자 행동을 직접 지시하는 공지로 작성된 것은 아닙니다. 과거 점검표를 다시 작성하거나 이미 끝난 이름표 부착 작업을 재요청하는 내용도 아니며, 후속 확인 시 무엇을 결정하고 무엇을 보류했는지 추적하기 위한 기록입니다.
이 내용은 당시 운영을 마치고 보관한 참고 자료입니다.

이번에 전달하는 본문은 다음과 같습니다.
이번에 전달하는 본문
지난 건조 상태 점검에서 선반 안쪽 작품이 바깥쪽보다 늦게 마르고, 선반을 옮기는 과정에서 이름표가 떨어지는 일이 있었습니다. 운영 검토에서는 작품 사이 간격을 넓히고 칸별 담당자가 위치를 기록하는 방안을 시범 적용하기로 했습니다. 다음 주 화요일부터 도예실 건조 선반은 새 배치 기준으로 운영됩니다. 작품을 올릴 때는 지정된 칸의 번호를 확인하고, 이름표를 선반 앞쪽 고리에 고정해 주세요. 큰 작품은 하단 칸에 두며, 자리가 없으면 임의로 다른 칸에 넣지 말고 작업대 옆 대기 구역을 이용해야 합니다. 현재 선반에 놓인 작품은 담당자가 이번 주 안에 다시 배치할 예정이므로 이용자는 이동하지 말아 주세요. 변경 사항은 한 달간 적용한 뒤 파손과 건조 시간을 확인해 조정합니다.",announcement,ctx-d-028,original-synthetic:advanced-context-ko-1.0
c-b02278a19d89,"공동 우편함 관리 방식이 다음 달부터 바뀝니다. 각 세대는 매주 수요일 저녁까지 자신의 칸에 쌓인 우편물을 확인하고, 장기 부재 시 관리 담당자에게 미리 알려 주세요. 지난달 시범 운영에서 확인된 분실 우려를 반영해 금요일에는 관리 담당자가 공용 안내문과 미수령 우편을 한 번 더 점검합니다.",announcement,ctx-d-011,original-synthetic:advanced-context-ko-1.0
c-670e8fbce3db,"이전 운영의 보관 자료
지난 학기 과학실 시약 점검표와 지난달 안전회의 기록을 참고해 보관 상태와 수업 사용 기준을 다시 확인했습니다. 점검 당시 산성 용액 일부가 일반 선반에 놓여 있었고, 유리병 세 개는 라벨이 흐려져 사용 중지 대상으로 표시되었습니다. 전자 목록 도입과 냉장 품목의 이동 범위는 아직 검토가 끝나지 않았으며, 이번 안내에서는 확정된 변경 사항만 전달합니다.
이번 주 금요일 오후부터 산성 용액 일부를 잠금 보관장으로 옮깁니다. 이동 대상과 현재 수량은 실험대 옆 게시판과 교사용 공유 문서에 적어 두며, 보관장 이동이 끝난 뒤 담당자가 사진과 점검 날짜를 함께 기록합니다. 냉장 보관 품목은 기존 위치를 유지하므로 별도 이동을 준비하지 않으셔도 됩니다.
다음 주부터 실험 수업 전 담당 교사는 필요한 시약의 수량과 보관 위치를 게시된 목록으로 확인해 주십시오. 수업을 신청한 교사는 변경된 위치를 학생들에게 미리 안내하고, 부족한 품목이 있으면 수요일까지 실험실 담당자에게 알려 주셔야 합니다. 확인되지 않은 용기는 임의로 사용하지 말고 담당자에게 문의해 주십시오.
라벨이 흐려진 유리병 세 개는 이미 사용 구역에서 분리했으며 대체 품목이 도착할 때까지 해당 실험은 다른 재료를 사용하는 활동으로 조정됩니다. 이 조치는 지난 점검에서 확인된 사실에 따른 것으로, 이번 보관장 이동과는 별도로 계속 적용됩니다. 전자 목록 시범 운영 일정은 확정되는 대로 별도 안내하겠습니다.
따라서 이번 안내의 적용 대상은 과학실을 이용하는 교사와 수업 준비 담당자입니다. 금요일 이동 이후에는 게시된 수량과 위치를 기준으로 준비하고, 부족분이나 위치 불일치가 발견되면 수요일까지 알려 주시기 바랍니다. 이전 점검표를 다시 제출하거나 전자 목록 도입 여부를 결정하는 일은 이번 안내에서 요구하지 않습니다.
이 내용은 당시 운영을 마치고 보관한 참고 자료입니다.

이번에 전달하는 본문은 다음과 같습니다.
이번에 전달하는 본문
지난 과학실 운영 검토에서는 시약 목록을 종이로만 관리해 수량 차이가 생긴다는 문제가 보고됐다. 실험 담당자는 전자 목록으로 전환하자고 했고, 안전 담당자는 먼저 보관 위치 표준화가 필요하다고 의견을 냈다. 참석자들은 이번 달에는 종이 목록의 항목을 정리하고, 다음 달 초에 전자 목록을 시범 적용하기로 결정했다. 산성 용액은 잠금장으로 옮기되 냉장 품목의 이동은 별도 점검 뒤 정하기로 보류했다. 정리 작업은 실험 담당자가 맡고, 안전 담당자는 손상 라벨 품목을 확인해 다음 회의 전까지 결과를 공유한다. 회의 말미에는 대체 시약 기준을 문서화해야 한다는 제안도 나왔으나, 담당자를 정하지 못해 후속 안건으로 남겼다. 아래에는 회의에서 참고한 지난달 점검표의 일부를 덧붙인다. 당시에는 개봉 날짜가 없는 병을 우선 확인 대상으로 표시했으며, 이번 결정은 그 표시 기준을 그대로 적용한다.",minutes,ctx-d-012,original-synthetic:advanced-context-ko-1.0
c-de889f424ac8,"이전 운영의 보관 자료
지난주 위생 점검에서 도시락 선반의 냉기 순환이 고르지 않다는 의견이 있어 배치 위치를 조정했습니다. 오늘부터 개인 도시락은 이름표를 붙여 가운데 두 칸에 넣고, 오후 2시까지 찾아가지 않은 음식은 안내된 폐기함으로 옮겨 주세요. 선반 정리는 매일 마지막 수업 뒤 담당 반이 진행합니다.
이 내용은 당시 운영을 마치고 보관한 참고 자료입니다.

이번에 전달하는 본문은 다음과 같습니다.
이번에 전달하는 본문
도시락 선반 개선을 위해 오늘 점심 뒤 생활안전 모임을 열었다. 학생들은 이름표가 떨어져 주인을 찾기 어려웠던 사례를 말했고, 영양 담당은 가운데 칸의 온도가 비교적 안정적이라고 설명했다. 참석자들은 냉장이 필요한 도시락을 가운데 두 칸에 배치하기로 결정했으며, 남은 음식 처리 시각은 오후 2시로 정했다. 다만 연락이 닿지 않는 음식의 폐기 책임자는 정하지 못해 다음 모임에서 다시 논의하기로 했다.",minutes,ctx-d-033,original-synthetic:advanced-context-ko-1.0
c-b8934dd644ba,"이번에 전달하는 본문
지난 직물 공예실 점검에서는 바늘이 작업대 아래로 떨어진 뒤 회수되지 않는 사례가 확인되었습니다. 운영 검토에서 자석판을 활용하자는 의견과 개수 확인표를 두자는 의견이 나왔고, 시범 운영 결과를 본 뒤 전체 수업에 적용하기로 했습니다.

시범 운영 결과에 따라 이번 달 마지막 수업부터 모든 수강생은 사용한 바늘을 작업대별 수거통에 넣고, 수업 종료 전에 수거통의 개수를 확인해 주세요. 바늘이 부족하거나 바닥에서 발견된 경우에는 임의로 주워 주머니에 넣지 말고 즉시 강사에게 알리기 바랍니다. 강사는 수거통을 잠근 뒤 개수 확인표를 작성하며, 확인이 끝난 작업대만 정리할 수 있습니다. 이미 수거된 바늘은 담당자가 주 1회 상태를 점검하고 보관함으로 옮깁니다.

다음은 이전 운영 때 남긴 참고 자료이며 이번 본문과 구분해 보관합니다.
이전 운영의 보관 자료
직물 공예실에서 바늘을 회수할 때에는 작업대별 수거통, 집게, 손전등, 개수 확인표를 먼저 준비합니다. 담당자는 수업 시작 전에 수거통이 비어 있는지 확인하고 작업대 번호를 표에 적은 뒤, 수거통의 뚜껑과 잠금 상태에 이상이 없는지 기록합니다. 이전 시범 수업에서 사용한 자석판은 보조 확인 도구일 뿐 기본 절차를 대신하지 않습니다.

수업이 끝나면 수강생이 반납한 바늘을 작업대별 수거통에 모으고, 강사는 표에 적힌 기준 수량과 실제 수량을 대조합니다. 이어 작업대 표면과 의자 주변을 손전등으로 살피며 천 조각이나 보관 상자에 바늘이 남아 있는지 확인합니다. 바닥에서 바늘을 발견하면 맨손으로 줍지 말고 집게로 집어 해당 작업대의 수거통에 옮긴 뒤 발견 위치를 임시 기록합니다.

수량이 맞지 않을 때에는 먼저 작업대 아래, 의자 밑, 천 보관 상자 순서로 확인합니다. 그래도 찾지 못하면 작업대 사용을 중지하고 마지막으로 수량이 맞았던 시각과 발견하지 못한 수량을 확인표에 적어 운영 담당자에게 보고합니다. 수량이 맞지 않는 상태에서 수거통을 잠그거나 작업대를 정리 완료로 처리하지 않습니다.

확인이 끝난 수거통은 뚜껑을 닫고 잠근 뒤 보관함의 지정 위치에 넣습니다. 녹이 슬었거나 휘어진 바늘은 정상 바늘과 섞지 말고 별도 폐기 봉투에 넣으며, 폐기 봉투에는 작업대 번호와 날짜를 표시합니다. 운영 담당자는 주 1회 수량, 뚜껑, 잠금 상태를 확인하고 이상이 있으면 다음 수업 전에 교체합니다.

이 절차는 매 수업 반복 적용하며, 확인표와 임시 기록은 정해진 보관 기간 동안 남겨야 합니다. 이미 완료된 시범 운영의 결과를 다시 평가하거나 중앙 수거통을 선택하는 것은 이 절차의 단계가 아닙니다. 자석판 사용 여부나 손상 바늘의 최종 폐기 기준처럼 별도 검토 중인 사항은 담당자의 확정 안내가 있을 때까지 현재 절차의 예외로 임의 변경하지 않습니다.
이 내용은 당시 운영을 마치고 보관한 참고 자료입니다.",announcement,ctx-d-020,original-synthetic:advanced-context-ko-1.0
c-5376a0abe18f,"현장 회의에서는 대기선을 출입구에서 한 걸음 떨어뜨리는 방안을 논의했다. 관리팀은 우천 때 표지가 잘 보이지 않는다고 했고, 교통 담당은 이동식 안내판을 시험하자고 제안했다. 참석자들은 금요일 아침에 시험 운영을 하고 결과를 다음 회의에서 확인하기로 했다.",minutes,ctx-d-051,original-synthetic:advanced-context-ko-1.0
c-dc5a9a75116c,"이전 운영의 보관 자료
지난달 온라인 쇼핑몰 주문과 배송 문의를 점검한 결과, 일부 주문에서 결제 완료 시각과 택배사 집화 시각 사이의 차이가 평소보다 길게 나타났습니다. 고객센터는 주문번호, 결제 승인 여부, 배송지 변경 이력을 대조했고, 이미 환불이 끝난 주문과 주소 오류로 반송된 주문은 이번 조정 대상에서 제외했습니다. 회원정보 확인 과정에서는 휴대전화 번호가 오래된 계정이 일부 발견되었지만, 해당 정보는 배송 알림 수신 여부를 확인하기 위한 참고 사항으로만 사용했습니다.

지난주 상담 기록에는 결제가 완료되었으나 배송 상태가 이틀 동안 갱신되지 않은 사례가 정리되어 있습니다. 물류팀은 해당 기간의 집화 누락 건을 확인하고 지연 주문 일부에 배송비 보상 처리를 완료했으며, 결제 승인 자체에 문제가 있었던 것은 아니라고 회신했습니다. 이 자료와 첨부된 배송 지연 기준표는 이번 안내의 배경을 설명하기 위한 참고 자료이며, 고객이 다시 결제하거나 주문을 새로 등록해야 한다는 뜻은 아닙니다.

이번 변경부터 결제 완료 후 영업일 기준 하루가 지나도 운송장 이동이 표시되지 않는 주문에는 자동 확인 알림이 발송됩니다. 알림을 받은 고객은 주문 상세 화면에서 배송지를 다시 수정하는 대신, 표시된 문의 링크를 통해 주문번호와 연락 가능한 번호를 확인해 주셔야 합니다. 이미 배송이 시작된 주문의 주소 변경은 택배사 규정에 따라 처리되므로, 쇼핑몰에서 임의로 배송지를 바꾸지는 않습니다.

회원 계정에 등록된 번호가 현재 사용하지 않는 번호라면 배송 알림을 받지 못할 수 있으므로, 고객은 주문과 별도로 회원정보 화면에서 연락처를 갱신할 수 있습니다. 다만 이번 안내의 대상은 지연 가능성이 있는 배송 건이며, 회원정보 수정이나 과거 환불 내역 확인은 별도의 요청으로 접수하지 않습니다. 배송비 보상이 이미 완료된 주문에는 같은 사유로 중복 보상이 적용되지 않습니다.

따라서 이번 주 금요일부터 지연 알림을 받은 주문의 수취인은 링크를 열어 주문번호와 현재 연락처를 확인하고, 필요한 경우 상담 접수를 완료해 주시기 바랍니다. 별도 확인 없이 배송이 정상 이동 중인 주문은 추가로 조치하실 필요가 없습니다. 이 변경은 결제 완료 주문의 배송 상태 확인 절차에 적용되며, 고객이 해야 할 일은 알림을 받은 경우 정보 확인과 문의 접수를 마치는 것입니다.
이 내용은 당시 운영을 마치고 보관한 참고 자료입니다.

이번에 전달하는 본문은 다음과 같습니다.
이번에 전달하는 본문
출입증 교환 범위를 정하기 위해 보안 담당자와 연구실 대표들이 지난 화요일 운영실에서 논의했다. 보안 담당자는 공용 카드가 실제 사용자보다 많이 남아 있고 야간 권한이 오래된 카드에 유지되고 있다고 설명했다. 한 연구실 대표는 방문 연구원이 잦아 일괄 회수하면 실험 일정이 중단될 수 있다고 의견을 냈고, 다른 대표는 분실 카드의 즉시 정지가 우선이라고 말했다.

논의 결과, 재직 연구원의 카드는 이번 점검 기간에 교환하고 방문 연구원 카드는 유효기간을 확인한 뒤 별도 목록으로 관리하기로 결정했다. 행정 담당자는 다음 주 수요일까지 신청서와 기존 카드 번호를 취합하고, 보안 담당자는 회수되지 않은 카드의 정지 목록을 작성한다. 방문 연구원 예외 기준은 초안으로 남겨 두었으며, 다음 운영 검토에서 적용 기간과 승인자를 확정하기로 했다.

회의 후 행정 담당자가 배포한 참고 자료에는 지난달 출입 기록과 카드별 권한 현황이 첨부되어 있다. 이번 기록에서는 그 자료를 근거로 참석자들의 발언, 합의된 범위와 미결정 사항을 남긴다.",minutes,ctx-d-006,original-synthetic:advanced-context-ko-1.0
c-bc63393db726,"이번에 전달하는 본문
야외 수업 그늘막 운영을 검토한 회의에서 설치 시간을 오전 9시 20분으로 정할지 수업 직전에 설치할지를 논의했습니다. 설치 담당자는 직전 설치가 편하지만 점검 시간이 부족하다고 했고, 진행자는 학생 입장 전에 그늘을 확보해야 한다고 설명했습니다.

참석자들은 오전 9시 20분까지 설치하고 수업 전 한 차례, 중간 휴식 때 한 차례 고정 상태를 확인하기로 결정했습니다. 바람이 강해지면 수업을 중단하고 실내로 전환하되, 전환 여부는 진행자가 판단하고 시설 담당자가 장비 해체를 맡습니다. 개인 돗자리가 통행로를 막을 수 있다는 의견도 나와, 진행자가 입장 때 배치 상태를 확인하기로 했습니다. 기상 악화 시 참가자에게 알리는 문구는 다음 운영 회의에서 다시 검토하기로 했습니다.

다음은 이전 운영 때 남긴 참고 자료이며 이번 본문과 구분해 보관합니다.
이전 운영의 보관 자료
지난달 야외 수업에서는 햇빛이 강해 일부 학생이 그늘을 찾아 이동했고, 그 과정에서 통행로가 잠시 좁아졌습니다. 운영팀은 당시 사용한 점검표를 확인해 그늘막 설치 시각, 고정 줄 상태, 실내 전환 기준을 정리했으며, 지난 수업 뒤 느슨해진 줄과 표시띠는 이미 교체했습니다. 이 기록은 이번 안내의 배경을 설명하기 위한 참고 자료이며, 별도의 추가 점검을 요청하는 내용은 아닙니다.

이번 야외 수업은 운동장 동쪽 가장자리에서 진행하고, 그늘막은 오전 9시 20분까지 설치합니다. 참여자는 설치가 끝난 뒤 표시된 구역 안쪽에 앉아 주시고, 통행로와 고정 줄 주변에는 돗자리나 가방을 두지 마십시오. 수업 시작 전에 담당자가 좌석 배치를 확인하므로 참여자는 안내에 따라 자리를 조정해 주시면 됩니다.

수업 중 바람이 강해지거나 고정 줄이 느슨해진 것을 발견하면 직접 장비를 만지지 말고 가까운 담당자에게 알려 주십시오. 담당자가 안전 여부를 확인한 뒤 필요하면 참여자를 지정된 대기 장소로 이동시킵니다. 기상 상황으로 장소를 실내로 바꾸는 경우에는 시작 30분 전까지 등록된 연락처로 문자를 보내 드립니다.

지난 운영 회의에서는 수업 전과 중간 휴식 때 고정 상태를 확인하기로 결정했고, 시설 담당자와 진행자의 역할도 이미 배정했습니다. 개인 돗자리는 그늘막 통로를 막지 않는 위치에 펴야 한다는 안내 역시 이전 점검표에 반영되어 있습니다. 이번 안내에서 참여자가 새로 해야 할 일은 정해진 구역을 이용하고 위험 상황을 알리는 것입니다.

따라서 참여자는 오전 9시 20분 이후 입장하여 안내된 좌석을 사용하고, 문자로 장소 변경을 받은 경우에는 변경된 장소로 이동해 주십시오. 설치 담당자에게 다시 설치 방법을 문의하거나 지난 점검 결과를 제출하실 필요는 없습니다. 수업 당일 문의는 현장 진행자에게 말씀해 주시면 확인 후 안내하겠습니다.
이 내용은 당시 운영을 마치고 보관한 참고 자료입니다.",minutes,ctx-d-050,original-synthetic:advanced-context-ko-1.0
c-ae14181ba6a2,"이전 운영의 보관 자료
지난 봉사 운영 점검에서 활동 종료 뒤 확인서 발급이 늦어지는 사례가 확인되었습니다. 담당 부서는 신청서와 출석 자료를 대조한 뒤 발급하는 방식으로 바꾸기로 했고, 이번 달 활동분부터 새 일정을 적용합니다. 활동자는 종료 후 이틀 안에 포털의 확인 요청란에 활동 날짜와 시간을 입력해 주세요. 담당자의 검토가 끝나면 영업일 기준 사흘 안에 확인서를 내려받을 수 있으며, 누락된 출석 기록이 있으면 발급이 보류될 수 있습니다.
이 내용은 당시 운영을 마치고 보관한 참고 자료입니다.

이번에 전달하는 본문은 다음과 같습니다.
이번에 전달하는 본문
봉사 확인서 발급 지연 건을 검토하기 위해 지난 금요일 담당자 회의를 열었다. 운영자는 신청자가 활동 날짜를 빠뜨리거나 출석표가 늦게 전달된 사례를 공유했고, 기록 담당자는 신청서만으로 시간을 확정하면 오류가 생긴다고 설명했다. 참석자들은 활동자에게 종료 뒤 이틀 안에 날짜와 시간을 입력하게 하고, 담당자가 출석 자료와 대조하는 방안을 논의했다. 이 안은 참석자 전원의 동의를 얻어 이번 달 활동분부터 적용하기로 했다.
자료가 맞지 않을 때 현장 담당자에게 확인을 요청하는 역할은 기록 담당자가 맡고, 최종 발급 목록은 운영자가 매주 금요일 확인하기로 했다. 보완 요청 뒤 회신이 없을 때 신청을 자동 취소할지 여부는 기준이 없어 다음 회의에서 다시 다루기로 했다.",minutes,ctx-d-027,original-synthetic:advanced-context-ko-1.0
c-73c78c330be8,"이전 운영의 보관 자료
운동장 급수대를 정비할 때는 먼저 밸브를 잠그고 주변 전원을 차단한다. 필터를 교체한 뒤 연결부에 누수가 없는지 확인하고, 물을 30초 이상 흘려 이물질을 제거한다. 바닥이 젖으면 미끄럼 표지를 세운 상태에서 닦고, 수압이 회복되지 않으면 예비 부품을 임의로 조립하지 말고 관리 담당자에게 작업을 넘긴다.
이 내용은 당시 운영을 마치고 보관한 참고 자료입니다.

이번에 전달하는 본문은 다음과 같습니다.
이번에 전달하는 본문
운동장 급수대 정비가 끝나 사용을 재개합니다. 오늘 오후 2시부터 이용할 수 있으며, 첫 주에는 한쪽 급수대가 점검 중이므로 표시된 두 곳만 사용해 주십시오. 물이 나오지 않거나 주변 바닥이 젖어 있으면 관리실에 알려 주시기 바랍니다.",announcement,ctx-d-053,original-synthetic:advanced-context-ko-1.0
c-fa408230943a,"이전 운영의 보관 자료
벽화 작업 구역은 7월 3일 오전 9시부터 안전 점검이 끝날 때까지 통제됩니다. 작업에 참여하지 않는 방문객과 인근 점포 직원은 동쪽 통로를 이용해 주시고, 점포의 물품 반입은 작업 시작 전인 오전 8시 30분까지 마쳐 주시기 바랍니다. 반입이 늦어질 경우 시설 담당자에게 사전에 연락해 이동 시간을 조정해 주셔야 합니다.

이번 안내에 앞서 시설팀은 작업 구역의 통행 폭과 자재 적재 위치를 확인했고, 작업팀은 오전 반입 동선을 점검했습니다. 지난 검토에서 논의한 전면 폐쇄안 대신 자재 반입이 끝난 뒤에도 동쪽 통로를 우회로로 유지하기로 했습니다. 기존 배치도와 점검 사진은 참고 자료로 첨부되어 있으나, 현장에서는 이번 안내의 통제 시간과 우회 동선을 따라 주십시오.

현장 안내판은 7월 2일 오후에 설치하며, 통제 시작 전 시설 담당자가 점포 관리자에게 다시 알립니다. 통제 해제 시각은 벽면 건조 상태와 바닥의 미끄럼 여부를 확인한 뒤 별도로 공지합니다. 건조 확인 전에는 작업 구역 안으로 들어가거나 자재를 옮기지 마십시오.

작업에 참여하지 않는 분은 동쪽 통로를 이용하고, 통제선 안쪽의 표지나 덮개를 임의로 옮기지 않아야 합니다. 점포 관리자는 반입 예정 물품과 시간을 오전 8시까지 시설 담당자에게 전달해 주시기 바랍니다. 문의 사항은 현장 작업자에게 직접 요청하기보다 시설 담당자에게 모아 주시면 확인된 내용으로 안내하겠습니다.

따라서 이번 안내의 적용 대상은 작업 구역을 지나거나 인근에서 물품을 반입하는 모든 이용자입니다. 7월 3일 오전 9시부터는 동쪽 통로를 제외한 구역의 출입을 중단하고, 반입이 필요한 점포는 정해진 시간 안에 작업을 완료해 주십시오. 이후 통제 해제와 관련한 추가 안내가 나올 때까지 기존 통행 방식으로 임의 복귀하지 마시기 바랍니다.
이 내용은 당시 운영을 마치고 보관한 참고 자료입니다.

이번에 전달하는 본문은 다음과 같습니다.
이번에 전달하는 본문
벽화 작업 구역 운영을 논의한 회의에서는 통행로를 전면 폐쇄할지 우회로만 둘지를 검토했다. 시설 담당자는 자재 운반 시간에 충돌 위험이 있다고 설명했고, 작업팀은 오전 반입이 끝나면 일부 통행이 가능하다고 의견을 냈다. 참석자들은 첫날에는 동쪽 통로를 폐쇄하고 오후에 안전 상태를 재평가하기로 결정했다. 우회 안내판 설치는 시설팀이 맡고, 작업팀은 오전 11시에 현장 사진을 공유한다. 비가 올 때의 일정은 예보를 확인한 뒤 다음 회의에서 정하기로 보류했다. 회의 자료에는 기존 배치도가 첨부됐지만, 이번 결정으로 동쪽 통로 위치만 수정한다.",minutes,ctx-d-024,original-synthetic:advanced-context-ko-1.0
c-43baace86fc4,"이전 운영의 보관 자료
식당의 알레르기 표기를 갱신할 때는 먼저 해당 날짜의 메뉴, 조리 예정 원재료, 대체 재료 사용 여부를 확인합니다. 그다음 납품서의 성분표를 이전 등록 자료와 대조하고, 메뉴명과 실제 조리 내용이 일치하는지 조리 담당자에게 확인받습니다. 이전 점검에서 메뉴판과 배식대 표지가 달랐던 사례와 성분표가 늦게 제출된 사례가 있었으나, 그 원인 분석과 당시 표지 교체는 이미 끝났으며 아래 절차는 같은 업무를 반복할 때 사용하는 기준입니다.

원재료가 바뀌었거나 성분표가 없는 제품은 알레르기 유발 성분을 추정하지 말고 사용 보류 목록에 기록합니다. 대체 재료를 사용했다면 기존 메뉴 표지를 그대로 재사용하지 말고 새 성분과 대체 가능 여부를 반영해 표지를 다시 작성합니다. 성분표가 확인된 경우에도 알레르기 정보가 조리 기록과 맞는지 확인자와 확인 시각을 점검표에 남겨야 하며, 참고용으로 보관된 이전 메뉴판은 새 표지의 근거로만 사용하고 현재 표지 대신 게시하지 않습니다.

표지는 메뉴명 옆에 주요 유발 성분을 글자와 기호로 함께 표시하고, 실제로 제공할 수 있는 대체 선택지만 적습니다. 배식 전 조리 담당자와 영양 담당자는 표지, 조리 기록, 납품서의 성분 정보를 서로 대조한 뒤 점검표에 서명합니다. 글자가 번졌거나 배식대 위치가 바뀐 경우에는 손글씨를 덧붙이지 말고 승인된 양식으로 임시 표지를 출력해 교체합니다.

배식 중 원재료 변경이나 표기 오류가 발견되면 해당 메뉴를 우선 보류하고 남은 음식과 사용 원재료를 분리합니다. 담당자는 변경 내용을 기록한 뒤 영양 담당자의 확인을 받아 새 표지를 게시하고, 이미 제공된 음식이 있으면 현장 직원에게 같은 내용을 전달해 문의에 응답하도록 합니다. 이 단계는 과거에 결정된 대응 원칙을 실행하는 방법이며, 오류가 없었던 메뉴에 별도 보류 기록을 새로 만들라는 뜻은 아닙니다.

조치가 끝나면 사용한 성분 자료, 수정한 표지, 점검표를 해당 날짜의 운영 기록과 함께 보관합니다. 다음 갱신 때는 보관 자료를 참고하되, 현재 납품서와 조리 내용을 다시 확인한 뒤 새 표지를 작성해야 합니다. 이 문서에서 담당자가 수행할 일은 알레르기 표기를 확인하고 갱신하는 하나의 업무이며, 이용자에게 정책 변경을 공지하거나 회의 결정을 다시 보고하는 절차는 포함하지 않습니다.
이 내용은 당시 운영을 마치고 보관한 참고 자료입니다.

이번에 전달하는 본문은 다음과 같습니다.
이번에 전달하는 본문
식당 알레르기 표기 개선을 위해 영양 담당자와 조리 책임자들이 지난주 운영실에서 회의를 진행했다. 영양 담당자는 메뉴판과 배식대 표지가 달라 이용자가 혼동한 사례를 보고했고, 조리 책임자는 납품 원재료가 바뀌어도 기존 표지가 그대로 남는 문제가 있었다고 설명했다. 색상만으로 성분을 구분하자는 제안에 대해서는 색각 차이를 고려해야 한다는 의견이 나왔고, 일부 참석자는 기호가 너무 많으면 읽기 어렵다고 우려했다.

참석자들은 주요 성분을 글자와 기호로 함께 표시하고, 성분표가 확인되지 않은 원재료는 사용을 보류하기로 결정했다. 배식 전에는 조리 담당자와 영양 담당자가 표지를 대조하며, 오류가 배식 중 발견되면 메뉴를 즉시 멈추고 현장 안내를 진행한다. 표지 양식 수정은 영양팀이 맡고, 각 식당의 적용 결과는 다음 운영 회의에서 공유하기로 했다.

회의 자료에는 이전 메뉴판과 납품서 대조표가 참고용으로 첨부되었다. 이번 기록은 그 자료의 내용을 재공지하는 것이 아니라 회의에서 제시된 문제, 참석자 의견, 결정 사항과 후속 담당을 남긴 것이다.",minutes,ctx-d-010,original-synthetic:advanced-context-ko-1.0
c-c5ddd280c875,"산책로 시설 점검 결과를 검토한 회의에서 동쪽 난간의 흔들림과 안내판 글자 훼손이 보고됐다. 시설 담당자는 당일 임시 통제를 하자고 했고, 운영 담당자는 주말 이용량을 고려해 우회로 표지를 먼저 설치하자고 의견을 냈다. 참석자들은 동쪽 구간을 보수 완료 때까지 제한하고, 안내판 교체는 다음 주 작업에 포함하기로 결정했다. 임시 표지 설치는 시설 담당자가 맡으며, 안전 담당자는 내일 오전 현장 사진을 확인한다. 보수 일정이 확정되면 개방 여부를 다시 논의하기로 했다.",minutes,ctx-d-015,original-synthetic:advanced-context-ko-1.0
c-139c492c68e5,"안전 교육 참석 여부는 교육장 입실 뒤 확인 화면을 열어 이름과 소속을 입력하는 방식으로 기록한다. 입력이 되지 않으면 담당자에게 수기 확인을 요청하고, 결석자는 보충 교육 신청서를 작성해 지정함에 넣는다.",manual,ctx-d-041,original-synthetic:advanced-context-ko-1.0
c-f004de78edb1,"이전 운영의 보관 자료
마을 행사 영상을 장기 보관할 때에는 먼저 작업 대상 폴더를 확인하고, 원본 파일과 편집본을 별도 목록으로 작성합니다. 파일명에 적힌 촬영일이 행사 진행표와 다르면 원본 생성일, 촬영 목록, 담당자의 확인 기록을 차례로 대조해 날짜를 확정합니다. 확인되지 않은 날짜를 임의로 고치지 말고 점검표에 미확정 상태를 남긴 뒤 기록 담당자에게 검토를 요청합니다.

파일명은 연도, 행사 구분, 촬영 순서의 순서로 작성하며, 같은 이름이 이미 있으면 기존 파일을 덮어쓰지 않고 끝에 임시 번호를 붙입니다. 파일을 옮긴 뒤에는 원본과 편집본의 재생 여부를 각각 확인하고, 영상 길이와 음성 상태가 이전 목록과 같은지 기록합니다. 작업 중인 파일을 별도 복사할 때에도 원본 폴더와 작업 폴더를 구분해 저장해야 하며, 변환본을 만들 때 원본을 삭제하거나 덮어쓰지 않습니다.

주민 얼굴이 선명한 장면은 열람용 사본에서만 흐림 처리를 적용하고, 처리 전 원본은 제한된 보관 위치에 그대로 둡니다. 흐림 처리가 끝나면 해당 장면의 재생 상태를 확인하고, 열람용 파일명과 원본 파일명을 점검표에 함께 적습니다. 촬영 장소는 열람용 사본에서 넓은 단위로 표시하며, 상세 위치가 남아 있는 내부 기록은 외부 제공용 파일에 포함하지 않습니다.

지난 운영 검토에서는 저장 공간을 줄이기 위해 저화질 변환본만 남기자는 의견이 있었으나, 원본 손실 우려로 보류되었습니다. 따라서 저장 공간이 부족하더라도 원본을 먼저 삭제하지 말고 시설 담당자에게 용량 확보를 요청해야 합니다. 외부 제공 요청이 들어오면 신청 날짜와 제공 범위를 기록한 뒤 승인 여부를 확인하며, 승인 전에는 파일을 전달하지 않습니다.

작업이 끝나면 파일명, 촬영일, 보관 위치, 재생 확인 여부를 점검표의 각 항목에 표시합니다. 오류가 발견되면 파일명을 적고 임의 수정 대신 기록 담당자에게 재검토를 요청하며, 수정이 끝난 항목은 확인자와 확인 날짜를 남깁니다. 이 절차는 새 저장 공간으로 파일을 옮길 때도 동일하게 적용하며, 이번 작업의 최종 단계는 옮긴 파일이 목록과 일치하는지 확인하고 점검표를 제출하는 것입니다.
이 내용은 당시 운영을 마치고 보관한 참고 자료입니다.

이번에 전달하는 본문은 다음과 같습니다.
이번에 전달하는 본문
지난달 마을 기록 영상 정리 과정에서 촬영일 표기가 서로 달라 일부 파일의 순서를 다시 확인했습니다. 운영진은 원본 파일과 편집본을 분리하고, 주민 열람용 복사본에는 촬영 장소를 넓은 단위로만 표시하기로 했습니다. 관련 검토표와 보관 기준은 이번 주 자료실에 함께 올립니다.

다음 주 월요일부터 영상 보관 위치가 새 저장 공간으로 바뀝니다. 기존 공유 폴더는 금요일 오후에 열람 전용으로 전환되므로, 각 담당자는 그 전에 작업 중인 파일을 새 위치에 옮겨 주세요. 이후 열람 신청은 기록 담당자에게 보내고, 외부 제공이 필요한 경우에는 별도 확인을 받아야 합니다.",announcement,ctx-d-036,original-synthetic:advanced-context-ko-1.0
c-177d0a4fc1b8,"버스 승차장 대기선을 정리할 때는 먼저 바닥 표지의 훼손 여부를 확인한다. 줄이 출입구까지 이어지면 이동식 안내판을 선두에 세우고, 우천 시에는 미끄럼 구역을 피해 임시선을 설치한 뒤 승차가 끝날 때마다 간격을 다시 맞춘다.",manual,ctx-d-051,original-synthetic:advanced-context-ko-1.0
c-a4f9260b5c4a,"이전 운영의 보관 자료
봉사 확인서 발급 지연 건을 검토하기 위해 지난 금요일 담당자 회의를 열었다. 운영자는 신청자가 활동 날짜를 빠뜨리거나 출석표가 늦게 전달된 사례를 공유했고, 기록 담당자는 신청서만으로 시간을 확정하면 오류가 생긴다고 설명했다. 참석자들은 활동자에게 종료 뒤 이틀 안에 날짜와 시간을 입력하게 하고, 담당자가 출석 자료와 대조하는 방안을 논의했다. 이 안은 참석자 전원의 동의를 얻어 이번 달 활동분부터 적용하기로 했다.
자료가 맞지 않을 때 현장 담당자에게 확인을 요청하는 역할은 기록 담당자가 맡고, 최종 발급 목록은 운영자가 매주 금요일 확인하기로 했다. 보완 요청 뒤 회신이 없을 때 신청을 자동 취소할지 여부는 기준이 없어 다음 회의에서 다시 다루기로 했다.
이 내용은 당시 운영을 마치고 보관한 참고 자료입니다.

이번에 전달하는 본문은 다음과 같습니다.
이번에 전달하는 본문
봉사 활동 확인서를 발급할 때는 신청 내용과 출석 자료를 순서대로 확인한다. 신청자가 활동 종료 후 이틀 안에 날짜와 시간을 입력했는지 먼저 살피고, 출석표의 시작, 종료 시각과 대조한다. 시간이 다르면 현장 담당자에게 사실을 확인한 뒤 수정된 자료를 받은 경우에만 다음 단계로 넘긴다. 자료가 모두 맞으면 발급 목록에 승인일을 기록하고 영업일 기준 사흘 안에 파일을 생성한다. 출석 자료가 없거나 활동 시간이 확인되지 않으면 발급하지 않고 신청자에게 보완 요청을 보낸다. 같은 사람이 여러 활동을 한 경우에는 날짜별로 검토하되, 한 파일로 묶어 달라는 요청은 별도 처리하지 않는다.",manual,ctx-d-027,original-synthetic:advanced-context-ko-1.0
c-debc39ada8ab,"음향 장비 교체 일정을 두고 담당자들이 회의실 사용 시간과 작업 순서를 논의했다. 시설 담당은 금요일 오후에 교체할 수 있다고 했고, 예약 담당은 기존 회의 두 건의 장소를 바꿔야 한다고 설명했다. 참석자들은 오후 1시에 전원을 차단하고 3시까지 연결 시험을 진행하기로 했으며, 시설 담당이 시험 결과를 기록하고 예약 담당이 변경된 장소를 알리기로 했다.",minutes,ctx-d-055,original-synthetic:advanced-context-ko-1.0
c-c39e7a021a03,"이전 운영의 보관 자료
다음 달 작은 음악회 관람 접수 일정이 변경됩니다. 좌석 배치 확인이 늦어져 접수 시작일은 8일에서 11일 오전 10시로 조정되며, 신청자는 새 접수 시각 이후 관람 인원과 동반 여부를 입력해야 합니다. 이미 대기 명단에 이름을 올린 분께는 순서가 유지된다는 안내를 별도로 보내고, 참석이 어려워진 경우에는 9일까지 취소 의사를 알려 주시기 바랍니다.
이 내용은 당시 운영을 마치고 보관한 참고 자료입니다.

이번에 전달하는 본문은 다음과 같습니다.
이번에 전달하는 본문
음악회 관람 접수 방식에 대해 운영 담당자와 진행팀이 협의했다. 진행팀은 좌석 배치가 늦어질 수 있으니 접수를 먼저 열자는 의견을 냈고, 운영 담당자는 좌석 요구 사항을 확인하지 못한 채 신청을 받으면 재배정이 많아진다고 설명했다. 대기자에게 연락할 때 응답 기한을 둘지에 대해서는 24시간은 짧다는 의견과 좌석 공백을 줄이려면 필요하다는 의견이 나왔다. 최종적으로 접수는 좌석 배치 확정 후 열고, 대기자에게는 24시간의 응답 기한을 주기로 결정했다. 접수 화면 수정은 운영 담당자가 맡고, 진행팀은 좌석표를 금요일까지 전달하기로 했다.",minutes,ctx-d-017,original-synthetic:advanced-context-ko-1.0
c-8e5b9a8560fb,"안내 데스크를 넘길 때에는 먼저 방문 기록의 마지막 시각을 확인하고, 보관 중인 열쇠 수와 분실물 봉투를 대조합니다. 이상이 있으면 인계표에 표시한 뒤 다음 담당자와 함께 관리자에게 보고하며, 이상이 없을 때만 서명란을 작성합니다.",manual,ctx-d-021,original-synthetic:advanced-context-ko-1.0
c-6ee3cfa5a4e4,"미술실 붓 세척대 교체 공사가 금요일 오후에 진행됩니다. 수업이 끝난 뒤 사용한 붓은 물기를 털어 개인 통에 보관하고, 세척대 주변에는 재료를 두지 말아 주세요. 새 세척대는 다음 주 월요일부터 사용할 수 있습니다.",announcement,ctx-d-031,original-synthetic:advanced-context-ko-1.0
c-52d2ddd0f6f8,"이전 운영의 보관 자료
이번 주 고객지원 운영회의에는 결제지원 담당자, 배송관리 담당자, 회원서비스 담당자가 참석해 로그인 후 주문 조회가 되지 않는 사례를 검토했습니다. 이전 접수 건 C5531에서는 결제가 정상 승인되었고 상품도 배송 완료로 확인되었지만, 휴대전화 번호 변경 뒤 새 계정으로 접속해 주문이 보이지 않았다는 사실을 확인했습니다. 당시 상담원은 본인 확인 후 기존 회원정보와 새 번호를 연결했고, 고객은 주문 내역을 다시 조회할 수 있게 되어 그 조치는 완료되었습니다.

회의에서는 같은 유형의 문의가 반복되는 이유를 확인하기 위해 접속 환경과 오류 시각을 함께 살펴보았습니다. 모바일 앱에서는 오래된 로그인 토큰이 남아 주문 목록이 갱신되지 않는 경우가 있었고, 웹에서는 비밀번호 재설정 뒤 다른 이메일 계정으로 접속하는 사례가 확인되었습니다. 과거 상담 기록과 결제, 배송 조회 결과는 원인 파악을 위한 참고 자료이며, 이미 배송된 상품을 다시 보내거나 결제를 재처리하기로 한 내용은 아닙니다.

참석자들은 고객센터가 먼저 주문번호를 조회하고, 그다음 로그인 계정의 이메일과 휴대전화 끝자리를 대조한 뒤 접속 환경을 기록하기로 의견을 모았습니다. 앱 재로그인으로 해결되지 않으면 회원서비스 담당자가 계정 연결 여부를 확인하고, 결제지원 담당자는 승인 상태가 정상인 경우 별도 취소를 진행하지 않기로 했습니다. 배송관리 담당자는 배송 완료 건을 접속 오류와 분리해 처리해야 한다고 덧붙였습니다.

논의 결과, 계정 연결 확인 절차를 상담 화면에 추가하는 것은 결정했지만 적용일은 다음 배포 일정에서 다시 정하기로 보류했습니다. 오류 화면에 표시할 안내 문구는 회원서비스 담당자가 초안을 작성하고, 결제 상태를 자동으로 보여 주는 기능은 개발팀 검토 후 가능 여부를 회신하기로 했습니다. 고객에게 일괄 비밀번호 변경을 요구하는 방안은 개인정보 부담 때문에 채택하지 않았습니다.

이번 기록은 특정 고객의 로그인 문제를 대신 해결했다는 통보가 아니라, 실제 회의에서 확인한 사실과 결정된 담당 업무, 아직 정하지 못한 사항을 남기는 데 목적이 있습니다. 후속 담당자는 회의에서 정한 계정 대조 항목과 예외 처리 방향을 기준으로 초안을 준비하고, 배포일과 안내 문구가 확정되면 별도 공유하기로 했습니다. 이전 주문의 결제와 배송 확인은 참고 이력으로 보존하며 이번 회의의 보류 사항과 혼동하지 않습니다.
이 내용은 당시 운영을 마치고 보관한 참고 자료입니다.

이번에 전달하는 본문은 다음과 같습니다.
이번에 전달하는 본문
옥상 텃밭에 들어갈 때는 먼저 관리실 출입대장에서 이름과 방문 시간을 확인한 뒤 등록 명단과 대조한다. 평일 오전 9시부터 오후 6시 사이에는 지정 계단을 이용하고, 등록되지 않은 사람이나 명단과 방문 목적이 다른 사람은 통로 안으로 안내하지 않는다. 주말 급수처럼 예외적으로 출입해야 할 때는 전날 관리실에 시간을 남겼는지 확인한 뒤 담당자에게 열쇠를 받는다. 비가 온 뒤 바닥이 젖어 있으면 미끄럼 방지판이 깔린 안쪽 통로만 사용하고, 배수구 주변에 물이 고였을 때는 출입을 중지해 관리팀에 알린다. 화분이나 흙을 옮기는 작업은 별도 승인 여부를 확인하고, 야간 출입 요청은 조명 점검이 끝났다는 통보가 있을 때까지 접수하지 않는다. 지난 운영 검토에서 등록 누락과 배수구 주변 사고 가능성이 반복적으로 지적되어 이 순서를 기준으로 삼기로 했다. 당시 검토 메모에는 조명 교체 뒤 운영 시간을 다시 정한다고 되어 있으나, 그 내용은 현재 절차의 예외 승인 기준을 바꾸지 않는다. 이번 문서는 방문자에게 변경 일정을 알리는 글이 아니라, 관리 담당자가 매번 같은 순서로 출입을 판단할 때 참고할 실행 기준이다.",manual,ctx-d-042,original-synthetic:advanced-context-ko-1.0
c-7fd36de458e3,"이전 운영의 보관 자료
이전에는 인쇄물을 한 장소에 몰아두어 수량 확인이 어려웠으므로, 배부 담당자는 두 장소의 자료를 따로 관리합니다. 오전에 각 묶음의 수량을 세어 배부표에 적고, 안내 데스크에는 전체의 절반을, 별관 휴게실에는 나머지를 둡니다. 중간에 한쪽 수량이 먼저 줄면 담당자에게 알린 뒤 보관분에서 옮기며, 마지막 날 오후에는 남은 자료를 회수해 수량과 함께 기록합니다.
이 내용은 당시 운영을 마치고 보관한 참고 자료입니다.

이번에 전달하는 본문은 다음과 같습니다.
이번에 전달하는 본문
지난 배부 기록을 확인한 결과, 인쇄물을 한곳에만 두어 늦게 도착한 참여자가 자료를 받지 못한 사례가 있었습니다. 이번 교육 주간에는 안내 데스크와 별관 휴게실에 인쇄물을 나누어 비치하며, 자료는 첫날 오전 9시부터 마지막 날 오후 5시까지 가져갈 수 있습니다. 남은 수량은 마지막 날 오후에 회수합니다.",announcement,ctx-d-047,original-synthetic:advanced-context-ko-1.0
c-cce024022289,"이전 운영의 보관 자료
지난달 고객센터 운영 점검에서는 주문량이 급증한 주말에 배송 문의가 집중되고, 결제 완료 뒤에도 주소 변경을 요청하는 사례가 반복된 사실을 확인했습니다. 구매 이력을 대조한 결과 일부 주문은 이미 출고되어 변경이 불가능했고, 결제가 정상 승인된 주문은 별도 재결제 없이 배송 상태를 조회할 수 있었습니다. 참고용으로 배포된 배송 안내문에는 출고 전 변경 가능 시간과 택배사 인계 이후의 문의 절차가 정리되어 있으며, 이는 이번 안내의 배경 자료로만 활용됩니다.
회원정보 확인 과정에서는 휴대전화 번호가 오래된 계정이 있어 알림을 받지 못한 사례도 발견되었습니다. 접속 기록상 모바일 앱과 웹에서 주문 조회 방식이 다르지만, 회원 본인이 로그인한 경우에는 주문번호와 배송지 일부를 확인해 상담할 수 있다는 점을 확인했습니다. 이미 완료된 결제 취소 건이나 배송 완료 건을 다시 처리하는 내용은 이번 변경 대상이 아닙니다.
다음 달부터 주문이 결제된 뒤 배송지 수정이 필요한 고객은 출고 예정 시각 전까지 주문 상세 화면에서 변경 요청을 남겨야 합니다. 출고 여부가 확인되지 않은 상태에서 상담 채널로만 주소를 보내는 방식은 처리 기준으로 인정되지 않으며, 변경 가능 여부는 주문별로 확인됩니다. 배송 알림을 받으려면 회원정보의 휴대전화 번호도 함께 점검해 주시기 바랍니다.
현재 진행 중인 주문 가운데 아직 출고되지 않은 건은 새 기준에 따라 주소 변경 요청을 접수할 수 있습니다. 이미 택배사에 인계된 주문은 배송조회 화면의 운송장 정보를 확인한 뒤 택배사 문의 절차를 이용해야 하며, 상담원이 임의로 배송지를 수정하지 않습니다. 결제 승인 여부나 과거 구매 내역을 다시 제출할 필요는 없지만, 주문번호는 준비해 주셔야 합니다.
이번 변경 사항은 고객과 상담 담당자에게 동시에 적용되며, 안내 페이지는 시행 전까지 수정됩니다. 고객께서는 앞으로 출고 전 주소 변경은 주문 상세 화면에서 신청하고, 연락처가 바뀐 경우 회원정보를 갱신해 주시기 바랍니다. 과거 점검 자료를 다시 제출하거나 이미 끝난 결제 처리를 재요청하는 것이 이번 안내의 목적은 아닙니다.
이 내용은 당시 운영을 마치고 보관한 참고 자료입니다.

이번에 전달하는 본문은 다음과 같습니다.
이번에 전달하는 본문
학생 상담 예약 운영을 검토한 회의에는 상담 담당자와 행정 담당자, 학생 대표가 참석했다. 행정 담당자는 특정 요일에 신청이 몰려 대기 시간이 길어진 기록을 제시했고, 상담 담당자는 보호자 참석 여부가 당일 바뀌면 상담실 배치가 다시 조정된다고 설명했다. 학생 대표는 희망 시간을 하나만 적게 하면 배정 실패가 잦다고 의견을 냈다.
참석자들은 신청서에 희망 시간 두 개와 상담 방식, 보호자 참석 여부를 받는 안을 비교했고, 담당자 확인 전에는 예약을 확정하지 않기로 결정했다. 상담 전날까지 회신이 없을 때 시간을 다른 학생에게 넘기는 방안은 찬반이 갈려, 우선 한 학기 동안 보류 목록으로 관리하며 자료를 모으기로 했다. 이미 확정된 예약은 기존 시간대로 유지하고, 변경이 필요한 경우 상담 이틀 전까지 담당자에게 알리도록 정리했다.
행정 담당자는 매주 금요일 미확정 건과 취소 사유를 공유하고, 상담 담당자는 보호자 참석 변경 사례를 기록하기로 했다. 온라인 화면에서 취소한 뒤 연락하지 않은 경우의 처리 권한은 책임자에게 확인을 요청했으며, 다음 회의에서 최종 기준을 정하기로 했다.",minutes,ctx-d-030,original-synthetic:advanced-context-ko-1.0
c-2826d9b5d431,"오전 근무 교대 때 안내 데스크 인수인계 누락 사례를 검토했다. 열쇠 수량을 구두로만 확인한 일이 문제로 지적됐고, 참석자들은 인계표에 수량과 분실물 보관 여부를 함께 적기로 결정했다. 다음 점검은 금요일에 진행하며 담당자는 운영지원팀으로 정했다.",minutes,ctx-d-021,original-synthetic:advanced-context-ko-1.0
c-0092f1322531,"이전 운영의 보관 자료
음악회 관람 접수는 좌석 배치가 확정된 뒤 진행한다. 신청 화면에서 관람 인원과 동반자 유무를 입력하고, 휠체어석이나 통로 좌석이 필요한 경우 요청란에 사유를 적는다. 신청 내용을 저장하면 접수 번호가 발급되며, 같은 사람이 여러 번 제출했을 때는 가장 최근 신청을 기준으로 확인한다. 좌석이 모두 배정되면 이후 신청자는 대기 명단으로 등록하고, 취소자가 생긴 경우에는 대기 순서에 따라 연락한 뒤 24시간 안에 응답이 없으면 다음 사람에게 기회를 넘긴다.
이 내용은 당시 운영을 마치고 보관한 참고 자료입니다.

이번에 전달하는 본문은 다음과 같습니다.
이번에 전달하는 본문
다음 달 작은 음악회 관람 접수 일정이 변경됩니다. 좌석 배치 확인이 늦어져 접수 시작일은 8일에서 11일 오전 10시로 조정되며, 신청자는 새 접수 시각 이후 관람 인원과 동반 여부를 입력해야 합니다. 이미 대기 명단에 이름을 올린 분께는 순서가 유지된다는 안내를 별도로 보내고, 참석이 어려워진 경우에는 9일까지 취소 의사를 알려 주시기 바랍니다.",announcement,ctx-d-017,original-synthetic:advanced-context-ko-1.0
c-0389eab02931,"이번에 전달하는 본문
온라인 강좌의 출석을 확인할 때는 먼저 수강자 계정으로 강의 화면에 접속해 출석 버튼이 표시되는지 살핀다. 버튼을 누른 뒤 출석 완료 표시와 접속 시각을 확인하고, 기록이 없으면 다음 영업일 정오 전까지 오류 내용을 학습지원 창구에 전달한다. 모바일에서 버튼이 보이지 않을 때는 앱을 다시 실행하고 같은 문제가 계속되는지 확인한 뒤 담당자에게 문의한다. 시스템 점검이 출석 시간과 겹친 경우에는 점검 공지에 적힌 연장 시각을 기준으로 처리한다. 이미 수강 중인 과정은 기존 기준을 적용하고, 새 강좌는 첫 주 안내문에 적힌 마감 시각을 따른다. 지난 운영 검토에서 자동 출석 전환을 시험했지만 누락 기록이 남는 사례가 있어 정식 기준으로 채택하지 않았다. 이번 절차는 수강자와 담당자가 출석 누락을 확인하고 예외를 처리할 때 공통으로 사용할 수 있도록 정리한 것이다. 특정 강좌의 개강일이나 변경 사항을 알리는 안내문이 아니라, 접속 환경과 기록 상태에 따라 처리 순서를 판단하기 위한 기준이다.

다음은 이전 운영 때 남긴 참고 자료이며 이번 본문과 구분해 보관합니다.
이전 운영의 보관 자료
온라인 강좌 출석 누락 문제를 다루기 위해 운영 담당자, 강사, 학습지원 담당자가 회의를 진행했습니다. 모바일 수강자는 출석 버튼이 늦게 나타나거나 완료 표시가 사라지는 사례를 제시했고, 학습지원 담당자는 접속 기록은 남지만 출석 상태가 반영되지 않은 문의 내역을 공유했습니다. 참석자들은 결제 완료나 회원정보 이상보다 접속 화면과 기록 연동 문제가 주된 원인일 가능성이 높다고 보았습니다.

회의에서는 새로 개강하는 강좌에 한해 매주 금요일 오후 6시를 출석 마감 시각으로 정하고, 기록이 없는 수강자는 다음 영업일 정오까지 문의할 수 있도록 결정했습니다. 이미 수강 중인 과정에는 기존 기준을 유지하기로 했으며, 시스템 점검일의 연장 처리는 학습지원 담당자가 공지 시각에 따라 확인하기로 했습니다. 이 결정은 수강자에게 적용할 기준을 정한 것이지만, 본문은 그 기준을 새로 통보하는 안내가 아니라 회의에서 합의한 내용을 기록하는 데 목적이 있습니다.

자동 출석 전환을 즉시 도입하자는 의견도 있었으나, 시험 운영 자료에서 접속 기록과 완료 상태가 어긋난 사례가 확인되어 정식 적용은 보류했습니다. 강사들은 첫 주 안내문에 출석 버튼 위치와 문의 기한을 적고, 운영 담당자는 한 달 뒤 누락 건수를 다시 집계하기로 했습니다. 자동 전환의 재검토 날짜와 도입 조건은 이번 회의에서 정하지 않았습니다.

참고로 이전 운영 검토에서는 모바일 접속자의 보충 시청 문의가 많았고, 일부 기기에서 출석 버튼이 늦게 표시된다는 사실이 확인되었습니다. 해당 검토 자료는 회의에서 문제의 범위를 파악하는 데 사용했을 뿐, 이미 끝난 조치나 새로운 미해결 요청으로 다루지 않았습니다. 기존 수강 과정의 기준을 소급해 바꾸자는 제안도 없었고, 결제 처리나 회원정보 정정 안건도 이번 논의 대상이 아니었습니다.

후속 업무로 학습지원 담당자는 점검일 연장 적용과 문의 접수를 맡고, 강사들은 첫 주 안내문 반영을 담당하며, 운영 담당자는 한 달 뒤 누락 건수를 집계합니다. 자동 출석 전환은 보류 상태로 남기고 별도 재논의 일정은 추후 정하기로 했습니다. 따라서 이 기록에는 실제 논의에서 나온 의견, 결정된 기준, 보류된 사안과 담당 업무를 함께 남깁니다.
이 내용은 당시 운영을 마치고 보관한 참고 자료입니다.",manual,ctx-d-044,original-synthetic:advanced-context-ko-1.0
c-65fd28dec004,"이전 운영의 보관 자료
대여 접수 전에 신청서에서 수업명, 사용 시간, 신청자 연락처를 확인하고 장비 번호를 기록합니다. 회원정보가 변경된 신청자는 현장에서 새 연락처를 확인하되, 이미 완료된 이용료 결제 내역을 다시 결제 처리하지 말고 기존 거래 번호와 연결합니다. 접속 화면에서 신청 상태가 갱신되지 않으면 새 신청을 중복 입력하지 말고 창구 기록을 먼저 대조합니다. 이 확인은 대여 자격을 새로 심사하는 절차가 아니라 접수 자료를 정확히 맞추기 위한 단계입니다.

장비를 꺼낸 뒤 본체 외관, 전원, 배터리 잔량, 화면, 연결 단자와 구성품을 순서대로 확인합니다. 이상이 없으면 신청자와 함께 전원을 켜고 지정된 기능이 작동하는지 확인한 다음, 점검 시각과 담당자 이름을 상태표에 적습니다. 흠집이나 연결 불량이 발견되면 해당 장비를 대여하지 말고 예비 장비의 상태표와 번호를 확인합니다. 참고용으로 보관된 지난달 점검표는 누락 항목을 찾는 데만 사용하고, 현재 상태는 반드시 당일 확인 결과로 기록합니다.

예비 장비를 지급할 수 있으면 원래 장비 번호 옆에 교체 사유와 새 번호를 함께 적고 신청자에게 변경된 번호를 알려 줍니다. 예비 장비도 문제가 있거나 수량이 없으면 임의로 대여 완료 처리하지 말고 담당자에게 수리 접수를 요청하며, 신청서에는 미처리 상태와 연락 예정 시각을 남깁니다. 수리 접수 후 장비가 이미 고쳐졌다는 과거 기록만으로 현재 장비의 정상 작동을 대신 확인해서는 안 됩니다. 결제 취소나 회원정보 수정은 이 절차의 일부가 아니므로 필요한 경우 별도 담당 흐름으로 넘깁니다.

수업이 끝나면 본체와 충전기, 케이블, 전용 부속품을 구성품 목록과 다시 대조하고 실제 반납 시각을 기록합니다. 반납자가 당일 창구에 오기 어려운 경우에는 강사의 확인을 받은 뒤 지정 보관함에 넣되, 보관함 투입 시각과 확인한 사람을 남기고 다음 근무자가 실물을 확인할 때까지 반납 완료로 확정하지 않습니다. 충전기만 늦게 도착한 경우에는 장비 전체를 완료 처리하지 않으며, 누락된 구성품이 들어온 시각을 별도로 기록합니다. 이 기준은 대여 창구와 교실 보관함에 동일하게 적용합니다.

마지막으로 담당자는 신청서, 상태표, 반납 기록의 장비 번호와 시간을 서로 대조하고 누락된 서명이 없는지 확인합니다. 지난 운영 검토에서 충전기 누락이 반복되어 위와 같은 보류 기준을 정한 사실은 절차의 배경이지만, 매번 그 회의 자료를 다시 작성하라는 뜻은 아닙니다. 작업자는 이상 유형에 따라 교체, 수리 접수, 반납 보류 중 하나를 선택하고 처리 결과를 기록해야 합니다. 이 문서는 특정 건의 결론을 알리는 것이 아니라 같은 상황에서 누구나 재사용할 수 있는 실행 순서를 제시합니다.
이 내용은 당시 운영을 마치고 보관한 참고 자료입니다.

이번에 전달하는 본문은 다음과 같습니다.
이번에 전달하는 본문
지난 수요일 보조기기 대여 운영을 검토하면서 반납 시각을 어디까지 인정할지 논의했다. 창구 담당자는 수업 종료 직후를 기준으로 하자고 했고, 강사 측은 이동 수업 때는 30분의 여유가 필요하다고 설명했다. 참석자들은 일반 수업은 종료 후 30분, 야간 수업은 다음 날 오전 10시까지로 구분하기로 했으며, 예외 사유는 강사가 확인하기로 했다. 장비 관리 담당자는 새 기준을 다음 달 시범 적용하고, 2주 뒤 지연 건수를 다시 보고하기로 했다. 회의 전에 배포된 점검표에는 충전기와 케이블 확인 항목이 있었지만, 이번 회의에서는 항목 변경을 결정하지 않았다.",minutes,ctx-d-022,original-synthetic:advanced-context-ko-1.0
c-84e5ea4f8726,"이번에 전달하는 본문
지난달 전시 검토에서 계절별 추천 도서 코너를 입구 쪽으로 옮기자는 의견이 채택되었습니다. 참고로 당시 검토표에는 진열대 폭과 조명 위치를 함께 조정해야 한다는 내용이 적혀 있습니다. 이번 교체는 6월 10일 오전에 진행되며, 해당 시간에는 입구 주변 서가의 대출과 반납이 잠시 제한됩니다. 전시 대상 도서는 9일까지 반납해 주시고, 예약 도서는 직원에게 따로 전달해 주세요. 교체가 끝나면 이용 제한 해제 시각을 안내판에 표시하겠습니다.

다음은 이전 운영 때 남긴 참고 자료이며 이번 본문과 구분해 보관합니다.
이전 운영의 보관 자료
계절별 추천 도서 전시를 교체할 때는 먼저 작업일의 대출 및 반납 현황을 확인하고, 아직 대출 중인 전시 도서는 진열 대상에서 제외합니다. 예약 도서는 일반 도서와 섞이지 않도록 별도 상자에 분리한 뒤 예약자 안내 목록과 대조합니다. 이 확인이 끝나기 전에는 기존 진열을 한꺼번에 철거하지 않습니다.

다음으로 입구 진열대 주변의 통행을 막지 않도록 작업 구역을 표시하고, 선반을 위에서부터 두 칸씩 비웁니다. 각 칸의 주제 표지와 안내 카드는 도서와 함께 임시 보관하며, 새 배치를 시작하기 전에 카드의 위치와 표기 내용을 확인합니다. 진열대가 흔들리거나 조명이 꺼져 있으면 책을 배치하지 말고 시설 담당자에게 점검을 요청합니다.

도서는 주제별 목록에 따라 배치하되, 책등과 제목이 이용자에게 보이도록 세웁니다. 안내 카드가 책에 가려지면 해당 칸의 수량을 줄이거나 도서 간격을 조정하며, 억지로 밀어 넣어 카드가 보이지 않는 상태로 마무리하지 않습니다. 선반 폭이나 조명 간격에 관한 수치는 지난 검토 자료를 참고하되, 현장에서 임의로 조명 위치를 변경하지 않습니다.

한 칸의 배치가 끝날 때마다 작업 목록의 제목과 실제 도서를 대조하고, 예약 도서가 섞이지 않았는지 다시 확인합니다. 전체 진열이 끝나면 안내 카드가 가려진 곳, 통행을 방해하는 돌출 도서, 기울어진 책이 없는지 순서대로 점검합니다. 이상이 발견되면 해당 칸을 수정한 뒤에만 다음 확인 단계로 넘어갑니다.

최종 확인이 끝나면 목록과 실제 진열 상태가 일치하는지 담당자에게 확인받고, 완성된 진열 모습을 정면과 전체 배치가 보이는 사진으로 남깁니다. 사진과 점검 목록은 다음 교체 때 참고할 수 있도록 지정된 폴더에 보관합니다. 지난 전시에서 카드가 가려졌던 사례나 검토표의 권장 수량은 절차를 이해하기 위한 참고 자료이며, 매번 새로운 회의나 별도 전시 승인을 요청하는 단계는 아닙니다.
이 내용은 당시 운영을 마치고 보관한 참고 자료입니다.",announcement,ctx-d-002,original-synthetic:advanced-context-ko-1.0
c-b647362e4e48,"이번에 전달하는 본문
캠프 침구를 반납받을 때는 참가자 명단에서 대여 수량을 먼저 확인하고, 이불, 매트, 베개의 수량을 각각 기록한다. 수거된 물품은 이름표와 대여 번호를 대조한 뒤 상태를 양호, 세탁 필요, 훼손, 분실 확인 중 하나로 표시한다. 이름표가 없거나 수량이 맞지 않으면 일반 보관함에 넣지 말고 확인 대기 구역으로 옮긴다.

지난 회수에서 젖은 침구가 다른 물품과 섞여 곰팡이가 발생했으므로, 오염이 심하거나 젖은 물품은 통풍되는 별도 선반에 둔다. 검수자는 상태 사진과 접수 시각을 기록하고, 참가자가 현장에서 사유를 설명한 경우에는 그 내용을 접수표에 적는다. 공동 사용 공간에 남은 침구는 구역 담당자가 회수하되, 개인 보관함 물품은 명단 담당자에게 누락 여부를 확인받은 뒤 처리한다.

검수가 끝나면 보증금 정산 목록을 작성하고, 분실 또는 훼손으로 판단하기 어려운 건은 즉시 비용을 확정하지 않는다. 접수표와 사진을 운영 책임자에게 전달한 뒤 추가 확인 결과에 따라 정산 상태를 갱신한다.

다음은 이전 운영 때 남긴 참고 자료이며 이번 본문과 구분해 보관합니다.
이전 운영의 보관 자료
운영팀과 생활관 담당자는 퇴소 다음 날 침구 반납 현황을 검토하기 위해 회의를 열었습니다. 운영팀은 대여 명단과 실제 회수 수량이 맞지 않는 참가자가 여러 명이라고 보고했고, 생활관 담당자는 젖은 침구가 일반 수거분에 섞여 세탁 일정이 지연된 사실을 설명했습니다. 회의 자료에는 지난 캠프 회수표, 세탁실 점검 기록, 기존 분실 접수표를 참고 자료로 첨부했으며, 이 자료 자체를 다시 배포하는 안건은 아니었습니다.

참석자들은 이름표가 없는 물품과 수량이 부족한 물품을 즉시 분실로 확정할지 논의했습니다. 한 참석자는 현장에서 비용을 청구하자고 제안했지만, 다른 참석자들은 개인 보관함이나 공동 사용 공간에 남아 있을 가능성을 먼저 확인해야 한다고 보았습니다. 논의 끝에 사유 확인 전 비용을 확정하지 않고, 확인 대기 목록으로 관리하기로 의견을 모았습니다.

이번 회의에서 젖었거나 오염이 심한 침구는 별도 구역에 두고, 이름표가 없는 물품은 확인 대기 구역으로 옮기기로 결정했습니다. 생활관 담당자는 구역별 개인 보관함과 공동 사용 공간을 확인하고, 운영팀은 대여 수량, 회수 수량, 상태 사진을 대조하기로 했습니다. 두 담당자는 확인 결과를 다음 캠프 시작 전까지 공유하며, 정산 가능 여부는 운영 책임자가 최종 판단합니다.

보증금 정산이 이미 완료된 정상 반납 건은 이번 회의에서 다시 처리하지 않기로 했습니다. 다만 분실이나 훼손 사유가 남아 있는 건은 참가자의 설명과 물품 이동 기록을 확인할 때까지 보류하며, 확인이 끝나면 운영팀이 정산 목록을 갱신합니다. 회의에서는 참가자에게 새 반납 시간을 공지하는 별도 문안을 작성하는 문제도 언급했지만, 문안의 세부 표현은 결정하지 않았습니다.

회의의 결정 사항은 별도 구역 보관, 누락 물품 확인, 비용 확정 보류, 담당자별 결과 공유로 정리했습니다. 생활관 담당자는 현장 확인을 맡고 운영팀은 기록 대조와 정산 목록 관리를 맡으며, 운영 책임자는 최종 승인과 후속 안내를 담당합니다. 따라서 이 기록의 목적은 반납 방법을 새로 지시하는 것이 아니라 이번 실제 논의에서 나온 판단, 결정된 업무, 아직 보류된 사항을 남기는 데 있습니다.
이 내용은 당시 운영을 마치고 보관한 참고 자료입니다.",manual,ctx-d-008,original-synthetic:advanced-context-ko-1.0
c-6da2cbcdda58,"이번에 전달하는 본문
지난 회차에는 재료 상자를 강사별로 나누어 보관했으나, 수업 직전 수량을 다시 세는 과정에서 대체 재료가 섞이는 일이 있었습니다. 운영 담당자는 포장 색만으로 구분하면 알레르기 정보가 누락될 수 있다고 기록했고, 이후 점검표에 원재료명과 사용 기한을 함께 적기로 했습니다. 아래 절차는 그 검토 결과를 반영한 공통 작업 방법입니다.
먼저 신청 명단에서 인원과 알레르기 대체 요청을 확인한 뒤, 기본 세트와 대체 세트를 각각 따로 포장합니다. 포장마다 수업 날짜, 재료명, 수량을 적고 냉장 보관이 필요한 항목은 별도 상자에 넣습니다. 배부 직전에는 담당자와 보조자가 수량과 이름을 서로 대조하며, 부족분이 발견되면 남은 재료를 임의로 나누지 말고 추가 준비 가능 여부를 확인합니다. 배부가 끝난 뒤에는 남은 수량과 폐기한 재료를 점검표에 기록합니다.

다음은 이전 운영 때 남긴 참고 자료이며 이번 본문과 구분해 보관합니다.
이전 운영의 보관 자료
지난 수업 뒤 운영 검토 회의에는 담당 강사, 보조 담당자, 운영 담당자가 참석했습니다. 강사는 재료 배분 오류가 두 차례 있었고 수업 시작 전에 기본 세트를 나누면 혼선이 줄어들 것이라고 보고했습니다. 보조 담당자는 알레르기 대체 재료를 별도 구역에 두고 직접 전달하자고 제안했습니다.
회의에서는 전날 모든 재료를 포장하는 안도 논의했지만, 냉장 보관 공간이 부족하고 사용 기한이 짧은 재료가 있다는 이유로 보류했습니다. 신청 명단과 실제 참석자 수를 수업 직전에 다시 대조하는 절차는 유지하기로 했습니다. 이 부분은 이미 확인된 운영 사실과 논의 경과를 남긴 것이며, 새로운 재료 주문 요청은 아닙니다.
논의 끝에 다음 회차에는 기본 세트를 입구에서 배부하고, 알레르기 대체분은 담당 강사가 이름을 확인한 뒤 직접 전달하기로 결정했습니다. 수량 확인은 보조 담당자가 맡고, 부족분이나 표기 오류가 발견되면 운영 담당자에게 즉시 보고하기로 했습니다. 추가 신청자에게 세트를 제공할지는 현장 잔량을 확인한 뒤 결정합니다.
운영 담당자는 배부가 끝난 뒤 남은 기본 세트와 대체 세트를 구분해 기록하고, 폐기한 재료가 있으면 사유를 점검표에 적기로 했습니다. 강사는 대체 재료 봉투의 이름과 재료명을 확인하는 책임을 맡으며, 보조 담당자는 입구 배부 수량과 참석자 명단을 대조합니다. 각 담당자의 역할은 이번 회차에 적용할 결정 사항으로 회의에서 확정되었습니다.
다음 검토 회의는 세 번째 수업이 끝난 뒤 열어 배분 오류 발생 여부와 남은 재료 처리 결과를 확인하기로 했습니다. 냉장 공간을 늘릴지, 전날 포장 방식을 다시 검토할지는 그때 실제 기록을 본 뒤 결정하며 현재는 결론을 내리지 않았습니다. 따라서 이 문서는 과거 논의, 이번 회차의 결정, 후속 검토 일정과 보류 사항을 함께 기록한 회의 결과입니다.
이 내용은 당시 운영을 마치고 보관한 참고 자료입니다.",manual,ctx-d-056,original-synthetic:advanced-context-ko-1.0
c-5928e2dce717,"이번에 전달하는 본문
축제 부스 배정안을 검토한 회의에서 운영팀은 중앙 광장에 신청이 몰려 통행로가 좁아질 수 있다고 보고했다. 음식 판매 단체들은 급수 시설과의 거리를 우선해 달라고 요청했고, 체험 프로그램 담당자들은 어린이 대기 줄이 길어질 경우 가장자리 구역이 필요하다고 설명했다. 한편 차량 반입 시간을 일괄 지정하자는 의견과 설치 시간이 긴 부스를 먼저 들이자는 의견이 맞섰다.

회의에서는 음식 부스를 급수 시설 인근에 두고 체험 부스는 광장 가장자리로 조정하기로 결정했다. 차량 진입은 설치 소요 시간을 반영해 구역별 시간대로 나누며, 우천 때의 재배치는 행사 전날 상황을 확인한 뒤 운영팀이 판단하기로 했다. 도면 수정은 시설 담당자가 맡고, 참가 단체에 보낼 배정표는 홍보 담당자가 금요일까지 작성한다.

다음은 이전 운영 때 남긴 참고 자료이며 이번 본문과 구분해 보관합니다.
이전 운영의 보관 자료
축제 부스 위치를 배정할 때는 먼저 신청서의 판매 품목과 전기, 급수 사용 여부를 확인한다. 음식 판매 부스는 급수 시설과 가까운 구역에 우선 배치하고, 체험 부스는 어린이 통행이 예상되는 구간을 막지 않도록 가장자리 칸을 선택한다. 같은 조건의 신청자가 여러 곳이면 반입 차량 크기와 설치 소요 시간을 비교해 배정 번호를 정한다.

배정표를 작성한 뒤에는 통행로 폭을 현장 도면과 대조하고, 전기 장비가 있는 부스에는 안전 확인표 제출 여부를 표시한다. 차량 진입 시간은 구역별로 나누며, 미제출 정보가 있으면 임의로 시간을 정하지 않고 단체에 확인을 요청한다. 우천으로 위치를 바꿀 때에는 음식 부스의 급수 접근성과 대피 통로를 다시 확인한 뒤 변경표를 저장한다.
이 내용은 당시 운영을 마치고 보관한 참고 자료입니다.",minutes,ctx-d-007,original-synthetic:advanced-context-ko-1.0
c-161c2d295631,"공유 주방은 9월부터 저녁 예약 시작 시간이 오후 6시로 바뀝니다. 기존 예약은 신청 당시 시간을 유지하며, 새 예약자는 이용 전 식재료 반입 여부를 예약 메모에 적어 주세요. 세척 점검으로 매주 화요일 오후 2시부터 4시까지는 예약이 제한됩니다.",announcement,ctx-d-025,original-synthetic:advanced-context-ko-1.0
c-641f62736603,"이전 운영의 보관 자료
지난 학기 대여 신청과 반납 기록을 대조한 결과, 수업이 끝난 뒤 장비가 늦게 돌아오거나 충전기만 빠진 상태로 접수된 사례가 여러 건 확인되었습니다. 운영팀은 당시 강사에게 지연 사유를 확인하고 일부 장비의 점검표를 보완했으며, 이미 대여 중인 기기의 반납일은 신청서에 적힌 기존 일정을 그대로 적용하기로 했습니다. 참고로 배포된 장비 점검표에는 본체, 충전기, 케이블, 보관함 위치를 확인하는 항목이 포함되어 있지만, 그 표 자체를 이번에 다시 제출하실 필요는 없습니다. 이번 변경은 새로 대여를 신청하는 분과 수업을 운영하는 강사에게 적용되는 반납 기준을 알리기 위한 것입니다.

이번 달 18일부터 새로 접수되는 수업용 기기는 수업 종료 당일 오후 5시까지 반납해 주셔야 합니다. 수업이 늦게 끝나거나 당일 반납이 어려운 경우에는 임의로 보관함에 넣지 말고, 먼저 담당 강사에게 사유와 예상 반납 시각을 알려 주셔야 합니다. 강사는 전달받은 내용을 대여 창구에 남겨야 하며, 창구 담당자는 기존 대여 기록과 함께 확인합니다. 이미 처리된 지연 건의 책임 여부를 다시 판단하거나 과거 반납 기록을 수정하는 안내는 아닙니다.

대여 신청자는 장비를 받을 때 신청서의 수업명과 사용 시간을 확인하고, 반납 예정일을 대여 확인서에 직접 적은 뒤 서명해 주세요. 수령 당시 발견된 외관 흠집이나 배터리 상태는 현장에서 담당자와 함께 기록해야 하며, 이후 발견된 문제와 구분할 수 있도록 접수 시각도 남깁니다. 결제나 회원 등록 절차가 필요한 과정은 기존 방식대로 진행되며, 이번 변경으로 신청서 양식이나 이용료가 바뀌지는 않습니다. 세부 점검 순서는 장비 관리 담당자가 보관한 참고표를 따르시면 됩니다.

강사께서는 수업 종료 후 장비와 구성품을 확인하고, 정해진 시간 안에 반납되었는지 창구 기록과 대조해 주시기 바랍니다. 예외 사유를 확인했다는 사실만 남기면 자동으로 반납 기한이 연장되는 것은 아니므로, 실제 반납 시각도 함께 기록해야 합니다. 대여 창구는 18일 이후 접수분부터 변경 기준을 표시하고, 기존 접수분에는 종전 반납일을 표시합니다. 문의가 있을 때에는 참고표의 점검 항목보다 이번 안내의 적용일과 대상 구분을 우선 확인해 주세요.

따라서 새로 대여를 신청하는 분은 수령 당일 반납 예정일을 작성하고, 강사는 지연 가능성이 생기는 즉시 사유를 전달해 주시기 바랍니다. 운영팀은 다음 주부터 창구와 내부 신청 화면에 변경 내용을 표시하며, 별도의 재교육 참석이나 과거 서류 재작성은 요구하지 않습니다. 이번 안내의 목적은 이미 끝난 점검 결과를 보고하는 데 있지 않고, 18일 이후 신규 대여에 적용할 반납 시한과 관련 행동을 미리 전달하는 데 있습니다. 적용 대상이 불분명한 경우에는 장비 번호와 신청일을 창구에 알려 확인받아 주세요.
이 내용은 당시 운영을 마치고 보관한 참고 자료입니다.

이번에 전달하는 본문은 다음과 같습니다.
이번에 전달하는 본문
수업 보조기기를 빌릴 때는 신청서의 수업명과 사용 시간을 먼저 확인한다. 배터리식 장비는 잔량을 기록하고, 화면과 연결 단자를 살핀 뒤 이상이 없으면 신청자와 함께 작동 여부를 확인한다. 문제가 발견되면 대여를 중지하고 예비 장비의 상태표를 확인한다. 대체 장비가 있으면 기존 장비 번호를 취소선으로 남긴 뒤 새 번호를 기입하며, 없으면 담당자에게 수리 접수를 요청한다. 수업이 끝난 뒤에는 구성품 목록과 외관을 다시 대조하고 반납 시각을 기록한다. 반납자가 당일 방문하기 어려운 경우에는 강사 확인을 받은 뒤 보관함에 넣고 다음 근무자가 실물을 확인한다. 지난 운영 검토에서 충전기 누락이 여러 차례 확인되어, 충전기만 늦게 도착한 경우에도 장비 전체를 반납 완료로 처리하지 않도록 기준을 정했다. 이 기준은 대여 창구와 교실 보관함에서 동일하게 적용한다.",manual,ctx-d-022,original-synthetic:advanced-context-ko-1.0
c-36aeb702dcc1,"이번에 전달하는 본문
합창 악보를 배부할 때는 먼저 출석 명단에서 단원의 파트를 확인한다. 파일 이름에는 곡명과 파트, 수정 날짜를 넣고, 공통 악보와 파트 악보를 각각 지정된 폴더에 올린다. 인쇄를 요청한 경우에는 양면 여부를 확인한 뒤 신청 순서대로 출력하며, 수정 표시가 있는 이전 판본은 회수하거나 사용 중지 안내를 붙인다. 배부가 끝나면 파트별 수령 여부를 기록하고 누락된 단원에게만 다시 전달한다.

다음은 이전 운영 때 남긴 참고 자료이며 이번 본문과 구분해 보관합니다.
이전 운영의 보관 자료
이번 주 합창 연습부터 새 편곡 악보를 사용합니다. 파트별 파일은 오늘 저녁 공유함에 올리고, 단원은 자신의 파트와 공통 악보를 내려받아 다음 연습 전까지 준비해 주세요. 지난 연습에서 표시한 호흡 위치는 새 파일에도 반영했으며, 인쇄본이 필요한 단원은 수요일까지 지휘 담당자에게 신청하면 됩니다.
이 내용은 당시 운영을 마치고 보관한 참고 자료입니다.",manual,ctx-d-013,original-synthetic:advanced-context-ko-1.0
c-894df065f643,"이전 운영의 보관 자료
지난달 마을 기록 영상 정리 과정에서 촬영일 표기가 서로 다른 파일이 발견되어 원본 파일과 편집본을 대조했습니다. 운영진은 행사 진행표와 촬영 목록을 참고해 날짜를 바로잡았고, 주민 열람용 복사본에는 촬영 장소를 읍면 단위로만 표시하기로 했습니다. 얼굴이 선명하게 보이는 장면은 열람용 사본에서 흐림 처리하며, 원본은 제한된 담당자만 접근하도록 보관 기준을 정리했습니다.

이 과정에서 일부 파일은 기존 공유 폴더에 남아 있었고, 작업용 복사본은 담당자별 컴퓨터에 흩어져 있다는 사실도 확인했습니다. 기록 담당자는 중복 파일을 확인해 정리표에 표시했으며, 저화질 변환본만 남기자는 제안은 원본 손실 우려로 보류했습니다. 외부 제공 기준과 신청 양식은 아직 확정하지 않았으므로, 이전 검토표는 현재 적용할 변경 사항과 구분해 참고 자료로 보시기 바랍니다.

다음 주 월요일부터 영상의 공식 보관 위치가 새 저장 공간으로 바뀝니다. 기존 공유 폴더는 이번 주 금요일 오후에 열람 전용으로 전환되며, 그 시점부터 해당 폴더에서 파일을 수정하거나 새 파일을 올릴 수 없습니다. 이미 정리된 원본과 편집본은 기록 담당자가 이전 목록에 따라 새 위치에 배치할 예정입니다.

각 담당자는 금요일 오후 전까지 자신이 작업 중인 파일을 새 저장 공간으로 옮기고, 파일명과 촬영일이 이전 목록과 일치하는지 확인해 주십시오. 옮기기 어려운 파일이나 중복 여부가 불확실한 파일은 임의로 삭제하지 말고 기록 담당자에게 파일명을 보내야 합니다. 새 위치에 대한 접근 권한이 보이지 않으면 계정 정보를 다시 만들지 말고 시설 담당자에게 확인을 요청해 주십시오.

이 변경은 과거의 날짜 정정이나 얼굴 흐림 처리 작업을 다시 하라는 안내가 아니라, 앞으로 사용할 보관 위치와 전환 시점에 관한 사항입니다. 이후 열람 신청은 기록 담당자에게 보내고, 외부 제공이 필요한 경우에는 별도 승인 절차가 마련될 때까지 파일을 전달하지 마십시오. 이번 안내에 따라 각 담당자가 해야 할 일은 기존 작업 파일을 정해진 시한 안에 새 저장 공간으로 옮기는 것입니다.
이 내용은 당시 운영을 마치고 보관한 참고 자료입니다.

이번에 전달하는 본문은 다음과 같습니다.
이번에 전달하는 본문
지난 수요일 기록 보관 검토에서는 오래된 마을 행사 영상의 정리 기준을 두고 세 가지 의견이 나왔다. 한쪽은 촬영 장소를 상세히 남겨야 한다고 했고, 다른 쪽은 주민 사생활을 고려해 읍면 단위로 줄이자고 제안했다. 원본 파일을 낮은 해상도로 바꾸자는 안도 나왔지만, 향후 복원에 필요한 자료가 사라질 수 있다는 이유로 추가 검토하기로 했다.

참석자들은 열람용 사본에만 얼굴 흐림 처리를 적용하고 원본은 제한된 저장 공간에 보관하는 방향에 합의했다. 파일 정리표는 기록 담당자가 작성하고, 저장 공간 이전 가능 여부는 시설 담당자가 다음 회의 전까지 확인한다. 외부 제공 기준은 아직 결정하지 않았으며, 다음 검토 때 신청 양식과 승인 범위를 함께 논의하기로 했다.",minutes,ctx-d-036,original-synthetic:advanced-context-ko-1.0
c-5f6e98742567,"이전 운영의 보관 자료
도시락 선반 개선을 위해 오늘 점심 뒤 생활안전 모임을 열었다. 학생들은 이름표가 떨어져 주인을 찾기 어려웠던 사례를 말했고, 영양 담당은 가운데 칸의 온도가 비교적 안정적이라고 설명했다. 참석자들은 냉장이 필요한 도시락을 가운데 두 칸에 배치하기로 결정했으며, 남은 음식 처리 시각은 오후 2시로 정했다. 다만 연락이 닿지 않는 음식의 폐기 책임자는 정하지 못해 다음 모임에서 다시 논의하기로 했다.
이 내용은 당시 운영을 마치고 보관한 참고 자료입니다.

이번에 전달하는 본문은 다음과 같습니다.
이번에 전달하는 본문
도시락을 선반에 보관할 때는 용기 뚜껑이 닫혔는지 확인하고 이름표를 바깥쪽에 붙입니다. 냉장이 필요한 음식은 가운데 칸에 두며, 국물이 샐 우려가 있으면 받침통 안에 넣습니다. 담당자는 쉬는 시간마다 선반 바닥을 살피고 오염이 발견되면 해당 칸을 비운 뒤 세척합니다. 오후 2시가 지나도 남은 음식은 이름표를 확인해 보관자에게 연락하고, 연락되지 않으면 폐기 기록을 남긴 뒤 처리합니다.",manual,ctx-d-033,original-synthetic:advanced-context-ko-1.0
c-422fa737e84c,"장비를 점검할 때는 노트북의 화면 비율을 먼저 확인한 뒤 연결 단자와 변환기를 차례로 시험한다. 화면이 나오지 않으면 케이블을 교체하고, 그래도 해결되지 않을 때만 예비 노트북을 연결한다. 마이크는 발표 위치에서 음량을 확인하며, 녹음 파일에 잡음이 있으면 배터리와 수신기 상태를 다시 살핀다.",manual,ctx-d-009,original-synthetic:advanced-context-ko-1.0
c-69055a75a480,"이전 운영의 보관 자료
스포츠 장비를 세척하기 전에는 대여 기록의 장비 번호와 실제 물품을 대조하고, 공의 재질과 표면 상태를 확인합니다. 이전 점검에서 공기 주입구 주변에 세척액이 남은 사례가 있었으므로 해당 부위의 상태를 먼저 사진으로 남겼으며, 그 점검과 결함 접수는 이미 완료되었습니다. 회원 계정, 결제 승인, 접속 기기 정보는 세척 작업과 관련이 없어 별도로 수정하지 않습니다.
흙이나 모래가 묻은 공은 마른 천으로 큰 이물질을 제거한 뒤 미지근한 물에 적신 천으로 닦습니다. 표면 홈에는 부드러운 솔을 사용하되 공기 주입구와 금속 연결부에는 물이나 세척액을 직접 닿게 하지 않습니다. 세척액은 재질 표기에 사용 가능하다고 적힌 경우에만 정해진 비율로 희석하며, 다른 용액을 섞거나 원액을 사용하는 작업은 하지 않습니다.
닦은 뒤에는 마른 천으로 물기를 없애고 통풍되는 선반에 장비 번호가 보이도록 놓습니다. 완전히 마르기 전에는 보관함에 넣거나 다음 대여 상태로 표시하지 않으며, 건조 완료 시각과 담당자 이니셜을 점검표에 기록합니다. 이미 처리된 지난달 장비의 기록을 다시 입력하는 것이 아니라, 현재 작업하는 물품마다 같은 순서를 적용하는 것이 원칙입니다.
냄새, 갈라짐, 공기 누출, 변색이 발견되면 세척을 계속하지 말고 사용 중지 표지를 붙입니다. 이상 부위와 발견 시각을 기록한 뒤 관리 담당자에게 전달하고, 담당자의 확인 전에는 임의로 수리하거나 다른 이용자에게 교체 배부하지 않습니다. 과거에 접수된 변색 공은 교체 판정을 받아 보관 중이므로 이 절차에서 다시 원인을 조사할 필요는 없습니다.
작업자는 마지막으로 표면의 잔여물, 건조 상태, 장비 번호를 확인하고 점검표를 저장합니다. 기록 저장이 끝나면 대여 가능 표시를 갱신하고, 이상이 있으면 사용 중지 상태를 유지한 채 관리자에게 알립니다. 이 문서는 장비를 반복해서 세척하고 이상품을 분리하기 위한 실행 순서를 전달하며, 새로운 결제 승인이나 회원정보 변경을 처리하는 방법을 설명하는 자료가 아닙니다.
이 내용은 당시 운영을 마치고 보관한 참고 자료입니다.

이번에 전달하는 본문은 다음과 같습니다.
이번에 전달하는 본문
지난 시즌 장비 점검에서 공용 공의 표면에 세척액 잔여물이 남은 사례가 확인되어 관리 방법을 다시 검토했습니다. 담당자들은 운동 직후 물기와 흙을 먼저 제거하고, 보관함에 넣기 전 상태를 기록하는 방식으로 정리했습니다. 점검표는 참고용으로 공유합니다.
이번 주말 대여분부터 모든 공용 장비는 반납 즉시 세척 담당자에게 전달됩니다. 이용자는 장비를 임의로 닦거나 세척액을 뿌리지 말고, 흙이 많이 묻은 경우 대여 창구에 알려 주세요. 세척이 끝나지 않은 장비는 다음 이용자에게 배부하지 않으며, 일정이 밀리면 관리실에서 별도로 안내합니다.",announcement,ctx-d-060,original-synthetic:advanced-context-ko-1.0
c-489fe9e9316c,"이번에 전달하는 본문
직물 공예실 바늘 수거 방식을 개선하기 위해 강사와 운영 담당자가 회의를 진행했다. 강사는 수업 뒤 바늘 수가 맞지 않아 작업대를 다시 치우는 일이 많았다고 보고했고, 운영 담당자는 자석판만으로는 천에 꽂힌 바늘을 확인하기 어렵다고 설명했다. 수거통을 작업대마다 둘지 중앙에 하나만 둘지를 두고 의견이 갈렸으며, 중앙 수거통은 이동 중 누락 위치를 알기 어렵다는 지적이 나왔다.

회의에서는 작업대별 수거통을 두고 종료 전에 개수를 확인하는 안을 우선 채택했다. 강사는 수거통을 잠그기 전 주변을 확인하고, 운영 담당자는 매주 수량과 용기 상태를 점검하기로 했다. 바닥에서 발견한 바늘은 집게로 옮기자는 데 의견이 모였지만, 손상 바늘의 폐기 방식은 안전 담당자의 검토 후 확정하기로 보류했다. 시범 운영은 세 차례 수업 동안 진행하고, 누락 건수와 확인에 걸린 시간을 다음 회의에서 비교한다.

다음은 이전 운영 때 남긴 참고 자료이며 이번 본문과 구분해 보관합니다.
이전 운영의 보관 자료
지난달 직물 공예실 안전 점검에서 수업이 끝난 뒤 바늘 한두 개가 작업대 아래에서 발견되거나 회수되지 않은 사례가 확인되었습니다. 운영 담당자는 작업대별 수거통과 개수 확인표를 마련해 세 차례 시범 수업을 진행했고, 강사들은 중앙 수거통보다 작업대별 관리가 누락 위치를 확인하기 쉽다는 의견을 제출했습니다. 시범 결과와 기존 점검 기록은 이번 운영 변경을 정하는 참고 자료로 검토되었습니다.

이번 달 마지막 수업부터 모든 수강생은 사용한 바늘을 작업대별 수거통에 넣고, 수업 종료 전에 수거통의 개수를 확인해 주세요. 바늘이 부족하거나 바닥에서 발견된 경우에는 직접 주머니나 쓰레기통에 넣지 말고 즉시 강사에게 알려야 합니다. 이는 이미 회수된 바늘의 보관 방식을 다시 안내하는 내용이 아니라, 앞으로 수업에 참여하는 사람에게 적용할 반납과 신고 방법을 알리는 것입니다.

강사는 수강생 확인이 끝난 뒤 수거통을 잠그고 작업대 번호와 수량을 확인표에 기록해 주세요. 개수가 맞지 않으면 주변을 다시 살핀 다음 작업대 사용을 멈추고 운영 담당자에게 보고해야 하며, 확인되지 않은 상태에서 정리 완료로 표시해서는 안 됩니다. 운영 담당자는 확인이 끝난 수거통만 보관함으로 옮기고 주 1회 상태를 점검합니다.

시범 운영 중에는 자석판을 보조 도구로 사용했지만 천에 꽂힌 바늘까지 빠짐없이 확인하기 어려워 이번 변경의 기본 방법으로 정하지 않았습니다. 손상되거나 휘어진 바늘은 일반 수거분과 섞지 않고 별도 표시한다는 기존 안내도 그대로 유지됩니다. 과거 회의에서 제안된 폐기 방식의 세부 기준은 안전 담당자가 별도로 검토 중이므로 이번 안내에서 새 의무로 추가하지 않습니다.

따라서 수강생이 이번에 해야 할 일은 사용한 바늘을 지정된 수거통에 반납하고 종료 전 개수 확인에 참여하며 이상이 있으면 강사에게 알리는 것입니다. 강사는 확인표 작성과 잠금 보관을 맡고, 운영 담당자는 주간 점검을 수행합니다. 적용 시점은 이번 달 마지막 수업이며, 그 이전 수업의 기록을 다시 제출하거나 이미 끝난 시범 절차를 반복할 필요는 없습니다.
이 내용은 당시 운영을 마치고 보관한 참고 자료입니다.",minutes,ctx-d-020,original-synthetic:advanced-context-ko-1.0
c-9bbef1059b91,"동네 장터 준비 모임에서는 물품을 먼저 종류별로 나눌지 판매자별로 둘지를 논의했습니다. 판매자별 배치는 접수 확인이 쉽다는 의견이 있었지만, 참석자들은 구매자가 찾기 어렵다는 이유로 의류, 도서, 생활용품 구역을 만들기로 결정했습니다. 깨지기 쉬운 물건은 별도 상자에 넣고, 접수 담당자가 수량표를 작성하기로 했습니다.",minutes,ctx-d-049,original-synthetic:advanced-context-ko-1.0
c-bd46b2f1d378,"이전 운영의 보관 자료
실내 화초 이동을 검토한 회의에는 시설 담당자, 공간 운영 담당자, 관리 기록 담당자가 참석했습니다. 시설 담당자는 지난 겨울 창가의 냉기와 난방기 주변의 건조함이 잎 손상과 관련 있다고 보고했고, 공간 운영 담당자는 1층 로비로 옮길 경우 통행 폭이 줄어들 수 있다고 설명했습니다. 이전에 복도 쪽으로 임시 이동했던 화분의 상태 기록은 회의 자료로 검토했으며, 그 조치는 이미 종료되었습니다.

참석자들은 모든 화분을 한꺼번에 옮기지 않고 큰 화초만 우선 이동하기로 논의했습니다. 작은 화분은 현재 위치에 두고 별도 관찰 대상으로 남기며, 이번 결정으로 작은 화분의 위치까지 변경하는 것은 아닙니다. 시설 담당자는 로비의 난방기와 화분 사이 거리를 확인하고, 공간 운영 담당자는 통행 폭을 측정하기로 했습니다.

회의에서는 큰 화초의 이동 시점을 금요일 오후로 정했습니다. 이동 후 일주일 동안 시설 담당자가 잎의 처짐과 흙 상태를 기록하고, 관리 기록 담당자가 해당 내용을 기존 점검표에 반영합니다. 이동 당일 통행 폭이 확보되지 않으면 화분을 옮기지 않고 현장 판단으로 위치를 바꾸지 않기로 했습니다.

통행 폭이 기준에 미치지 못하는 경우에는 대체 위치를 즉시 확정하지 않고 다음 검토에서 다시 논의하기로 했습니다. 이 보류 사항은 이동 자체가 취소되었다는 뜻이 아니라, 안전 조건이 충족되지 않을 때의 후속 결정 권한을 남겨 둔 것입니다. 시설 담당자는 금요일 오전에 현장 측정 결과와 이동 가능 여부를 공유합니다.

회의 결과는 관리 기록에 남기고 금요일 오전에 이동 담당자에게 전달하기로 결정했습니다. 다만 작은 화분의 향후 위치와 로비 통행 폭 기준의 세부 수치는 이번 회의에서 확정하지 않아 보류했습니다. 따라서 이 문서는 과거 피해를 다시 처리하거나 일반 절차를 설명하는 글이 아니라, 이번 논의에서 정한 결정, 담당자, 보류 사항을 기록한 것입니다.
이 내용은 당시 운영을 마치고 보관한 참고 자료입니다.

이번에 전달하는 본문은 다음과 같습니다.
이번에 전달하는 본문
지난 겨울에는 난방기와 창가 사이의 온도 차이를 확인하지 않고 화초를 옮겨 잎이 마른 사례가 있었습니다. 관리 검토에서는 이동 전 위치의 온도와 통행 폭을 확인하고, 이동 뒤 일주일 동안 상태를 기록하는 방식으로 점검하기로 했습니다.

화초를 옮길 때는 먼저 새 위치가 난방기에서 1미터 이상 떨어져 있고 창문 바로 앞이 아닌지 확인합니다. 바닥에 물기가 있으면 닦은 뒤 화분 받침을 준비하고, 두 사람이 화분 양쪽을 들어 흙이 흔들리지 않게 이동합니다. 도착 후 잎의 처짐과 흙의 건조 정도를 기록하며, 잎이 급격히 처지면 물을 바로 추가하지 말고 담당자에게 상태를 알립니다. 일주일 뒤 기록을 검토해 위치를 유지할지 결정합니다.",manual,ctx-d-048,original-synthetic:advanced-context-ko-1.0
c-f50fa62bb5d9,"이전 운영의 보관 자료
회화 수업 작품을 접수할 때에는 먼저 제출 목록에서 수업명, 수강생 이름, 반, 수업 날짜를 확인합니다. 작품 뒷면의 표기와 목록이 일치하지 않으면 임의로 수정하지 말고 담당 강사에게 확인을 요청합니다. 이전 학기에는 이름표가 떨어져 작품을 찾는 데 시간이 걸렸으므로, 표기 확인은 봉투를 준비하기 전에 완료해야 합니다.

작품 표면과 가장자리의 건조 상태를 손으로 누르지 않고 시각적으로 확인합니다. 젖은 부분이 있으면 작품을 평평한 건조대에 두고 제출 목록에 건조 대기 상태를 기록하며, 완전히 마른 뒤 다음 단계를 진행합니다. 이미 끝난 건조 확인이나 과거에 사용한 선반 배치는 현재 접수 건의 상태를 대신 확인한 것으로 보지 않습니다.

마른 작품은 크기에 맞는 종이 봉투에 넣고, 작품 뒷면에 적힌 이름과 반, 수업 날짜를 봉투 겉면에도 연필로 옮겨 적습니다. 봉투가 작품 표면에 닿아 붙을 우려가 있거나 작품이 휘어 있으면 일반 봉투에 넣지 않고 별도 선반에 둡니다. 이 경우 담당 강사에게 상태와 임시 위치를 알리고 목록에도 예외 사유를 남깁니다.

보관 담당자는 봉투 표기와 제출 목록을 다시 대조한 뒤 이름별 칸에 세워 넣습니다. 보관 위치를 목록에 기록하고, 회수 요청이 들어오면 수업명과 제출 시기를 확인한 다음 인수 날짜와 수령자를 함께 적습니다. 두 달이 지난 작품은 즉시 폐기하지 말고 만료 대상 목록을 작성해 담당 강사의 확인을 받아야 합니다.

강사가 전시 활용에 동의한 작품은 폐기 목록과 구분해 별도 상자에 옮기고, 동의 여부가 확인되지 않은 작품은 별도 판단 없이 보류합니다. 새로 접수되는 작품마다 이 순서를 반복하며, 과거 검토에서 제안된 공간 부족 대책은 예외 상황의 참고 기준으로만 사용합니다. 따라서 이번 문서는 공지문을 다시 알리는 글이 아니라 건조 확인부터 보관, 회수, 만료 처리까지 담당자가 재사용할 실행 순서를 정리한 것입니다.
이 내용은 당시 운영을 마치고 보관한 참고 자료입니다.

이번에 전달하는 본문은 다음과 같습니다.
이번에 전달하는 본문
지난 학기 회화 수업에서는 완성 작품을 교실 뒤 선반에 두었다가 이동 중 훼손되는 일이 두 차례 있었습니다. 운영 검토에서는 작품을 개인 봉투에 넣고 건조 상태를 확인한 뒤 보관실로 옮기는 방안을 제안했으며, 보관 기간과 찾아가는 방법은 수강생에게 별도로 안내하기로 했습니다.

이번 학기부터 수업이 끝난 작품은 담당 강사가 확인한 뒤 보관실의 이름별 칸으로 이동합니다. 수강생은 작품 뒷면에 이름과 반을 적고, 물감이 완전히 마르지 않은 경우에는 즉시 제출하지 말고 강사에게 상태를 알려 주세요. 보관 작품은 마지막 수업일로부터 두 달 동안 유지되며, 찾아갈 때에는 수업명과 제출 시기를 말해야 합니다. 기간이 지나도 찾아가지 않은 작품은 다음 전시 준비에 활용될 수 있으므로, 보관을 원하지 않는 경우 마지막 수업 전까지 의사를 밝혀 주시기 바랍니다.",announcement,ctx-d-018,original-synthetic:advanced-context-ko-1.0
c-8fe8439a2ef1,"실습 재료 반납 과정에서 수량 누락이 반복된 원인을 검토했다. 강사들은 수업 직후 확인 시간이 부족하다고 했고, 조교들은 반납대 위치가 멀어 물품을 임시로 두는 경우가 많다고 설명했다. 논의 결과 반납대를 실습실 가까이 옮기고, 조교가 종료 후 30분 동안 수량을 확인하기로 결정했다. 파손품은 별도 칸에 두며, 다음 회의에서 반납표 항목을 줄일지 검토하기로 했다.",minutes,ctx-d-045,original-synthetic:advanced-context-ko-1.0
c-e61315593da1,"이전 운영의 보관 자료
이번 공동 구매 정산 검토에서는 배송비를 누가 부담할지 의견이 갈렸다. 소량 참여자에게 전액을 나누면 부담이 커진다는 의견과 주문 건별로 처리해야 한다는 의견을 들은 뒤, 참석자들은 이번 건에 한해 참여자 수로 균등 배분하기로 했다. 차액이 남으면 다음 구매의 공동 비용으로 넘기고, 회계 담당자가 금요일까지 계산표를 공유하기로 했다.
이 내용은 당시 운영을 마치고 보관한 참고 자료입니다.

이번에 전달하는 본문은 다음과 같습니다.
이번에 전달하는 본문
공동 구매 정산은 주문서의 참여자별 수량을 먼저 확인한 뒤 실제 결제액을 수량에 따라 나누어 계산한다. 배송비가 있으면 균등 배분하고, 할인액은 각 품목 금액에 비례해 차감한다. 계산표의 합계가 카드 승인액과 일치하는지 확인한 다음 영수증 파일을 연결하며, 차이가 생기면 입금 요청을 보류하고 주문 담당자에게 재확인을 요청한다.",manual,ctx-d-023,original-synthetic:advanced-context-ko-1.0
c-8deab644611f,"금요일 공동 공구함 점검에서 수량 누락 두 건과 손상된 드라이버 세 개를 확인했다. 동아리 대표는 사용 후 반납 표시를 남기자는 의견을 냈고, 관리 담당은 먼저 손상 공구를 수리 상자로 옮기겠다고 했다. 참석자들은 다음 달부터 대여표에 반납 시각을 적기로 결정했으며, 수리 가능 여부는 관리실에서 확인하기로 했다. 부족한 공구를 새로 살지는 다음 예산 회의에서 다루기로 남겨 두었다.",minutes,ctx-d-035,original-synthetic:advanced-context-ko-1.0
c-f046d2d7da65,"어제 미술실 점검에서 붓 세척대의 배수 상태를 확인했다. 관리 담당은 굳은 물감이 막힘의 원인이라고 설명했고, 미술부 학생들은 사용 뒤 바로 헹구자는 의견을 냈다. 다음 점검 전까지 미술 교사가 세척통을 추가로 배치하기로 했다.",minutes,ctx-d-031,original-synthetic:advanced-context-ko-1.0
c-f97ee00ea44d,"이전 운영의 보관 자료
음악회 관람 접수 방식에 대해 운영 담당자와 진행팀이 협의했다. 진행팀은 좌석 배치가 늦어질 수 있으니 접수를 먼저 열자는 의견을 냈고, 운영 담당자는 좌석 요구 사항을 확인하지 못한 채 신청을 받으면 재배정이 많아진다고 설명했다. 대기자에게 연락할 때 응답 기한을 둘지에 대해서는 24시간은 짧다는 의견과 좌석 공백을 줄이려면 필요하다는 의견이 나왔다. 최종적으로 접수는 좌석 배치 확정 후 열고, 대기자에게는 24시간의 응답 기한을 주기로 결정했다. 접수 화면 수정은 운영 담당자가 맡고, 진행팀은 좌석표를 금요일까지 전달하기로 했다.
이 내용은 당시 운영을 마치고 보관한 참고 자료입니다.

이번에 전달하는 본문은 다음과 같습니다.
이번에 전달하는 본문
음악회 관람 접수는 좌석 배치가 확정된 뒤 진행한다. 신청 화면에서 관람 인원과 동반자 유무를 입력하고, 휠체어석이나 통로 좌석이 필요한 경우 요청란에 사유를 적는다. 신청 내용을 저장하면 접수 번호가 발급되며, 같은 사람이 여러 번 제출했을 때는 가장 최근 신청을 기준으로 확인한다. 좌석이 모두 배정되면 이후 신청자는 대기 명단으로 등록하고, 취소자가 생긴 경우에는 대기 순서에 따라 연락한 뒤 24시간 안에 응답이 없으면 다음 사람에게 기회를 넘긴다.",manual,ctx-d-017,original-synthetic:advanced-context-ko-1.0
c-03796fe1b82e,"이전 운영의 보관 자료
건조 선반에 작품을 올릴 때는 먼저 작품 바닥과 주변의 물기를 닦고, 이름표에 제작자와 작업 날짜를 적습니다. 선반 앞쪽 고리에 이름표가 제대로 걸리는지 확인한 다음 작품을 지정 칸 중앙에 둡니다. 작품 사이에는 손가락 두 마디 정도의 간격을 남기고, 높이가 큰 작품은 하단 칸으로 보냅니다.
칸이 가득 찼다면 이미 놓인 작품을 밀거나 위치를 바꾸지 않습니다. 새 작품은 작업대 옆 대기 구역에 두고 담당자에게 칸 부족 사실을 알립니다. 선반을 옮겨야 할 때도 작품을 먼저 꺼내지 말고 담당자에게 이동을 요청하며, 이름표가 떨어진 작품은 위치를 추정해 다시 붙이지 않고 별도 확인함에 둡니다.
지난 점검에서 안쪽 작품의 건조가 늦어진 기록이 있어 한 칸에 작품을 겹쳐 두지 않는 조건을 추가했습니다. 표면이 단단해 보여도 내부가 마르지 않았을 수 있으므로 담당자의 확인 전에는 포장하지 않습니다. 이 기록은 절차를 마련한 참고 근거이며, 이미 일부 이름표를 교체한 조치가 이후 작업자의 확인 절차를 없애는 것은 아닙니다.
작업자는 배치가 끝난 뒤 칸 번호와 작품 수를 기록하고, 이름표가 보이는 방향인지 다시 확인합니다. 담당자는 대기 구역 작품을 빈 칸에 옮길 때 이동 날짜와 새 위치를 적습니다. 건조 상태를 확인할 때는 표면만 만지지 말고 정해진 확인 항목을 순서대로 기록해야 합니다.
이 절차는 담당자가 바뀌어도 반복해서 사용할 수 있도록 정리한 것입니다. 핵심 순서는 물기 제거, 정보 기입, 이름표 고정, 간격 확보, 예외 발생 시 대기 구역과 담당자 통보입니다. 과거 점검 결과를 다시 제출하거나 회의에서 배치 기준을 재결정하는 것이 이번 문서의 목적은 아니며, 작업자가 매번 같은 방식으로 실행하도록 안내하는 데 목적이 있습니다.
이 내용은 당시 운영을 마치고 보관한 참고 자료입니다.

이번에 전달하는 본문은 다음과 같습니다.
이번에 전달하는 본문
도예실 건조 선반 문제를 다룬 운영 회의에는 담당 강사와 작업실 관리자, 이용자 대표가 참석했다. 관리자는 선반 안쪽 작품의 건조 지연과 이름표 분실 사례를 제시했고, 이용자 대표는 큰 작품을 위 칸에 올릴 수밖에 없었던 상황을 설명했다. 참석자들은 작품 사이 간격을 넓히고 큰 작품을 하단에 두는 방안을 비교했으며, 칸이 부족할 때 사용할 대기 구역도 함께 검토했다.
회의에서는 다음 주 화요일부터 새 배치를 시범 적용하고, 현재 선반의 작품은 관리자가 이번 주 안에 재배치하기로 결정했다. 이름표는 앞쪽 고리에 고정하되, 고정 방식의 내구성은 한 달 뒤 다시 확인하기로 했다. 건조 시간 기록은 강사가 모아 다음 회의에서 공유하고, 포장 가능 여부를 이용자 대표가 판단할 수 있게 해 달라는 제안은 권한 문제로 보류했다.",minutes,ctx-d-028,original-synthetic:advanced-context-ko-1.0
c-6c795a3b16ef,"이번에 전달하는 본문
직물 공예실에서 바늘을 수거할 때에는 작업대별 수거통과 개수 확인표를 준비한다. 수업 시작 전에 담당자는 수거통이 비어 있는지 확인하고, 작업대 번호를 표에 적는다. 수강생이 바늘을 반납하면 강사는 수거통 안의 바늘 수를 세어 임시 기록하며, 바닥이나 천 조각에 꽂힌 바늘이 없는지도 손전등으로 살핀다.

개수가 맞지 않으면 해당 작업대 주변의 의자 밑과 천 보관 상자를 순서대로 확인한다. 바늘을 발견했을 때에는 맨손으로 집지 말고 집게로 옮긴다. 끝까지 찾지 못하면 작업대 사용을 중지하고 강사에게 상황과 마지막 확인 시각을 기록하게 한다. 확인이 끝난 수거통은 뚜껑을 잠가 보관함에 넣으며, 담당자는 주 1회 수량과 뚜껑 상태를 대조한다. 녹이 슬었거나 휘어진 바늘은 일반 수거분과 섞지 않고 별도 폐기 봉투에 넣는다.

다음은 이전 운영 때 남긴 참고 자료이며 이번 본문과 구분해 보관합니다.
이전 운영의 보관 자료
직물 공예실 바늘 관리 개선을 위해 강사, 운영 담당자, 안전 담당자가 6월 12일 회의를 열었습니다. 강사는 최근 네 차례 수업 중 두 번 바늘 수량이 맞지 않아 정리 시간이 늘었다고 보고했고, 운영 담당자는 중앙 수거통을 사용하면 어느 작업대에서 누락됐는지 추적하기 어렵다고 설명했습니다. 참석자들은 이전 점검표와 세 차례 시범 운영 기록을 참고했지만, 그 자료 자체를 이번 회의의 새로운 요청으로 보지는 않았습니다.

이번 회의에서는 작업대별 수거통을 설치하고 수업 종료 전에 강사가 수량을 대조하는 안을 채택했습니다. 강사는 주변 확인과 확인표 작성을 담당하고, 운영 담당자는 수거통을 잠근 뒤 보관함에 옮기며 매주 상태를 점검하기로 했습니다. 바닥에서 발견한 바늘은 집게로 옮긴다는 안전 원칙도 함께 확인했으며, 수강생에게 적용할 시행 시점은 운영 담당자가 별도 안내하기로 했습니다.

자석판을 모든 작업대에 설치하자는 의견은 천에 꽂힌 바늘을 놓칠 수 있다는 이유로 채택하지 않았습니다. 중앙 수거통을 유지하자는 의견도 누락 위치를 특정하기 어렵다는 이유로 보류되었고, 손상 바늘을 일반 폐기물과 분리하는 원칙은 동의했지만 폐기 봉투의 최종 처리 경로는 안전 담당자가 검토하기로 했습니다. 따라서 폐기 경로는 이번 회의에서 확정된 결정이 아닙니다.

회의에서는 시범 운영의 누락 건수와 확인 소요 시간을 다음 회의에서 비교하기로 했습니다. 운영 담당자는 세 차례의 기록을 취합하고, 강사들은 각 수업의 불일치 발생 여부와 확인 완료 시각을 제출합니다. 다음 회의 일정은 6월 26일로 잠정 정했으며, 자료가 늦어지면 운영 담당자가 일정을 다시 조정합니다.

이번 회의의 결정은 작업대별 수거통과 종료 전 대조를 우선 운영하는 것이며, 자석판 전면 도입과 중앙 수거통 유지 여부는 채택하지 않은 안으로 남았습니다. 수강생에게 실제로 전달할 문구와 적용일은 운영 담당자가 작성할 후속 업무이고, 안전 담당자는 손상 바늘 폐기 경로를 검토합니다. 이미 끝난 점검과 시범 수업은 결정의 근거로 기록했을 뿐, 이번 회의에서 다시 수행할 조치로 정하지 않았습니다.
이 내용은 당시 운영을 마치고 보관한 참고 자료입니다.",manual,ctx-d-020,original-synthetic:advanced-context-ko-1.0
c-65142c9f089c,"이전 운영의 보관 자료
과학실 시약 목록을 갱신할 때는 먼저 최신 게시 목록과 실험대별 보관함의 위치를 대조하고, 확인할 구역을 한 번에 하나씩 정합니다. 각 용기의 품목명, 용량, 개봉 날짜를 실제 표기와 비교하며, 미개봉과 개봉 상태는 서로 다른 항목으로 기록합니다. 지난 점검표에서 개봉 날짜가 없는 병을 우선 확인 대상으로 삼았던 기준은 참고하되, 이번 점검에서도 동일하게 적용합니다.
라벨이 번졌거나 뚜껑이 손상된 용기는 사용 구역에서 즉시 분리하고 격리 표지를 붙입니다. 해당 용기의 품목명과 보관 위치를 목록에 남긴 뒤 담당 교사에게 보고하며, 안전 여부가 확인되기 전에는 다른 용기로 옮겨 담지 않습니다. 이미 사용 중지된 유리병은 새로 판정하지 말고 기존 기록과 실제 격리 상태가 일치하는지만 확인합니다.
수량을 셀 때에는 보관함에서 꺼낸 용기를 임시로 다른 구역에 섞어 두지 말고, 확인이 끝난 품목부터 원래 위치에 되돌립니다. 개봉 용액은 사용 가능 기간을 확인하고 기간이 지나면 폐기 대기함으로 옮긴 뒤 이동 날짜를 기록합니다. 냉장 품목은 한 구역씩 꺼내 실온 노출을 줄이고, 목록에는 확인자와 점검 시각을 남깁니다.
새 항목을 추가하기 전에는 기존 목록에서 품목 코드와 보관 위치를 검색합니다. 같은 품목이 두 줄로 등록되어 있으면 임의로 삭제하지 말고 실제 용기 수량과 담당자 확인 결과를 함께 적어 중복 여부를 정리합니다. 대체 시약을 신청할 때에는 실험 계획서의 대체 가능 조건을 확인하고 원래 품목, 대체 품목, 필요한 수량을 신청서에 함께 기재합니다.
점검이 끝나면 변경된 목록을 출력해 게시판에 부착하고 이전 목록은 회수해 보관합니다. 게시 후에는 담당자가 사진과 점검 날짜를 공유 문서에 남겨 다른 교사가 같은 결과를 확인할 수 있게 합니다. 이 절차는 특정 금요일의 이동을 알리는 글이 아니라, 이후에도 반복해서 사용할 시약 확인과 목록 갱신 방법을 정한 것입니다.
이 내용은 당시 운영을 마치고 보관한 참고 자료입니다.

이번에 전달하는 본문은 다음과 같습니다.
이번에 전달하는 본문
지난 학기 과학실 시약 점검표를 바탕으로 보관 위치와 사용 가능 기간을 다시 확인했습니다. 이번 주 금요일 오후에는 산성 용액 일부를 잠금 보관장으로 옮기고, 다음 주부터 실험 수업 전 담당 교사가 수량을 확인합니다. 수업을 신청한 교사는 변경된 보관 위치를 학생들에게 안내하고, 필요한 시약이 부족하면 수요일까지 실험실 담당자에게 알려 주세요. 점검 결과 유리병 표면의 라벨이 흐려진 품목 세 개는 사용을 중지했으며, 대체 품목이 도착하는 날까지 해당 실험은 다른 재료를 사용하는 활동으로 조정됩니다. 지난 회의에서 제안된 전자 목록 도입은 아직 검토 중이므로 이번 안내에는 포함하지 않습니다. 새 목록은 실험대 옆 게시판과 교사용 공유 문서에 게시되며, 수업 준비에 필요한 사람은 게시된 수량과 위치를 기준으로 확인하면 됩니다. 보관장 이동이 끝난 뒤에는 담당자가 사진과 점검 날짜를 목록에 함께 기록합니다.",announcement,ctx-d-012,original-synthetic:advanced-context-ko-1.0
c-a1e59a329c2e,"이전 운영의 보관 자료
지난 수요일 기록 보관 검토에서는 오래된 마을 행사 영상의 정리 기준과 새 저장 공간 이전 가능성을 함께 논의했습니다. 기록 담당자는 촬영일이 서로 다른 파일 열두 개를 제시했고, 참석자들은 행사 진행표와 원본 생성 기록을 대조한 결과 그중 아홉 개의 날짜를 바로잡았습니다. 나머지 세 개는 확인 자료가 부족해 미확정 상태로 남겼으며, 해당 파일은 임의로 수정하지 않기로 했습니다.

촬영 장소를 상세히 남길지에 대해서는 주민 사생활 보호를 우선해 열람용 사본에는 읍면 단위만 표시하기로 합의했습니다. 얼굴 흐림 처리는 원본이 아니라 열람용 사본에만 적용하고, 원본은 제한된 저장 공간에 보관하기로 결정했습니다. 저화질 변환본만 남기자는 안은 향후 복원 자료가 사라질 수 있다는 이유로 보류되었고, 원본 보존을 전제로 저장 공간을 다시 계산하기로 했습니다.

파일 정리표 작성은 기록 담당자가 맡고, 저장 공간의 용량과 이전 가능 여부는 시설 담당자가 다음 회의 전까지 확인하기로 했습니다. 외부 제공 기준은 신청 양식과 승인 범위를 함께 검토해야 하므로 이번 회의에서 결정하지 않았습니다. 참석자들은 외부 제공 요청이 들어와도 기준이 확정되기 전에는 파일을 전달하지 않는 데 의견을 모았습니다.

기존 공유 폴더의 사용 현황을 확인한 결과, 원본과 편집본이 같은 폴더에 섞여 있고 일부 작업용 복사본의 위치가 목록에 기록되지 않은 사실이 보고되었습니다. 기록 담당자는 중복 파일 목록을 작성하고, 각 담당자는 자신이 보관한 작업용 복사본의 파일명을 다음 회의 전까지 제출하기로 했습니다. 시설 담당자는 새 저장 공간에 필요한 접근 권한과 열람 전환 시점을 확인하되, 실제 이전 일정은 용량 확인 뒤 다시 결정하기로 했습니다.

이번 회의의 결정은 열람용 사본의 장소 표시 범위를 줄이고 얼굴 흐림 처리를 적용하는 것, 원본을 보존하는 것, 미확정 날짜 파일을 별도로 관리하는 것입니다. 새 저장 공간으로의 이전 날짜와 기존 폴더의 전환 방식은 시설 담당자의 확인이 끝날 때까지 보류하며, 외부 제공 기준도 다음 검토 안건으로 남겼습니다. 다음 회의에서는 기록 담당자가 정리표와 중복 목록을 보고하고, 시설 담당자가 용량과 접근 권한을 설명하기로 했습니다.
이 내용은 당시 운영을 마치고 보관한 참고 자료입니다.

이번에 전달하는 본문은 다음과 같습니다.
이번에 전달하는 본문
마을 행사 영상을 장기 보관할 때에는 먼저 원본과 편집본의 파일명을 대조하고, 촬영일이 확인되지 않으면 행사 진행표와 대조해 날짜를 확정한다. 파일명은 연도와 행사 구분, 촬영 순서를 차례로 적으며, 같은 이름이 있으면 끝에 임시 번호를 붙인다. 주민 얼굴이 선명한 장면은 열람용 사본에서 흐림 처리를 한 뒤 별도 폴더에 저장한다.

지난 운영 검토에서는 저장 공간을 줄이기 위해 저화질 변환본만 남기자는 의견도 있었으나, 원본 손실 우려가 있어 보류되었다. 작업자는 변환본을 만들 때 원본을 덮어쓰지 말고, 변환 완료 뒤 재생 여부와 음성 상태를 확인한다. 외부 제공 요청이 들어오면 신청 날짜와 제공 범위를 기록하고, 승인 전에는 파일을 전달하지 않는다. 오류가 발견되면 해당 파일명을 점검표에 적은 뒤 보관 담당자에게 재검토를 요청한다.",manual,ctx-d-036,original-synthetic:advanced-context-ko-1.0
c-230665a70fc7,"이번에 전달하는 본문
지난주 미디어실 장비 회의에서는 헤드셋 고장 판정 기준을 조정했다. 담당자는 케이블이 조금만 움직여도 잡음이 나는 장비가 반복 사용되고 있다고 보고했고, 강사는 수업 중 교체가 늦어 학생들이 장비를 공유하는 문제가 있다고 설명했다. 이어패드만 바꿀 수 있는 장비와 전체 교체가 필요한 장비를 구분하자는 의견이 나왔다.

회의에서는 다음 점검부터 장비 번호와 증상, 재현 여부를 기록지에 남기기로 결정했다. 시설 담당자는 교체 후보를 확인하고, 미디어실 관리자는 대체 장비 수량을 금요일까지 파악한다. 좌석 재배치안은 통로 폭을 다시 측정한 뒤 결정하기로 했으며, 소독액 종류에 대해서는 추가 확인이 필요해 결론을 미뤘다.

다음은 이전 운영 때 남긴 참고 자료이며 이번 본문과 구분해 보관합니다.
이전 운영의 보관 자료
미디어실은 이번 주 목요일 오후부터 금요일 오전까지 일부 헤드셋을 교체하고 좌석 번호를 다시 부여합니다. 해당 시간에는 정기 점검으로 일부 좌석의 이용이 제한되므로 수업 담당자는 새 좌석표가 게시된 뒤 학생들에게 변경된 위치를 안내해 주시기 바랍니다. 점검 중 장비가 필요한 경우에는 미디어실 옆 대체 장비 보관함에서 수령해 사용해 주세요.

이번 변경은 지난 점검에서 이어패드가 낡았거나 케이블 접촉이 불안정한 장비가 확인된 데 따른 것입니다. 시설 담당자는 장비 번호와 증상을 대조해 교체 대상을 확정했고, 정상으로 확인된 헤드셋은 이번 작업 대상에서 제외했습니다. 따라서 사용자는 임의로 장비를 교환하지 말고 좌석표에 표시된 번호를 따라 이용해야 합니다.

이전에는 사용이 끝난 헤드셋을 각자 책상 위에 두었지만, 반납 위치가 달라 분실 여부를 확인하기 어려웠습니다. 점검 완료 후에는 모든 사용자가 장비를 지정 보관함에 넣고, 소리 끊김이나 외관 손상 등 이상이 있으면 비치된 기록표에 표시해 주세요. 기록표 작성은 새 고장을 신고하기 위한 별도 접수가 아니라 다음 점검을 위한 확인 자료입니다.

변경된 이용 시간표와 좌석표는 작업이 끝난 뒤 미디어실 앞 게시판과 내부 공유 문서에 게시됩니다. 수업 담당자는 게시 내용을 확인한 후 기존 좌석 안내 자료를 교체하고, 점검 기간에 필요한 대체 장비 수량을 미리 확인해 주시기 바랍니다. 이미 완료된 장비 목록 확인과 교체 대상 선별은 시설 담당자가 맡았으므로 같은 내용을 다시 제출할 필요는 없습니다.

이번 안내의 적용 대상은 미디어실 헤드셋을 사용하는 수업 담당자와 학생입니다. 목요일 오후부터 금요일 오전까지는 지정된 대체 장비를 사용하고, 작업 종료 후에는 새 좌석 번호와 반납 위치를 따라 주시면 됩니다. 좌석표 게시 전의 이용 가능 여부를 개별적으로 문의하는 것은 이번 변경 안내에 포함된 조치가 아니며, 게시된 시간표를 기준으로 이용해 주시기 바랍니다.
이 내용은 당시 운영을 마치고 보관한 참고 자료입니다.",minutes,ctx-d-038,original-synthetic:advanced-context-ko-1.0
c-c63eb9987c31,"이전 운영의 보관 자료
봉사 활동 확인서를 발급할 때는 신청 내용과 출석 자료를 순서대로 확인한다. 신청자가 활동 종료 후 이틀 안에 날짜와 시간을 입력했는지 먼저 살피고, 출석표의 시작, 종료 시각과 대조한다. 시간이 다르면 현장 담당자에게 사실을 확인한 뒤 수정된 자료를 받은 경우에만 다음 단계로 넘긴다. 자료가 모두 맞으면 발급 목록에 승인일을 기록하고 영업일 기준 사흘 안에 파일을 생성한다. 출석 자료가 없거나 활동 시간이 확인되지 않으면 발급하지 않고 신청자에게 보완 요청을 보낸다. 같은 사람이 여러 활동을 한 경우에는 날짜별로 검토하되, 한 파일로 묶어 달라는 요청은 별도 처리하지 않는다.
이 내용은 당시 운영을 마치고 보관한 참고 자료입니다.

이번에 전달하는 본문은 다음과 같습니다.
이번에 전달하는 본문
지난 봉사 운영 점검에서 활동 종료 뒤 확인서 발급이 늦어지는 사례가 확인되었습니다. 담당 부서는 신청서와 출석 자료를 대조한 뒤 발급하는 방식으로 바꾸기로 했고, 이번 달 활동분부터 새 일정을 적용합니다. 활동자는 종료 후 이틀 안에 포털의 확인 요청란에 활동 날짜와 시간을 입력해 주세요. 담당자의 검토가 끝나면 영업일 기준 사흘 안에 확인서를 내려받을 수 있으며, 누락된 출석 기록이 있으면 발급이 보류될 수 있습니다.",announcement,ctx-d-027,original-synthetic:advanced-context-ko-1.0
c-aad1ee27b642,"산책로 시설을 점검할 때는 입구 표지부터 확인하고, 안내판의 흔들림과 난간 고정 상태를 차례로 살핀다. 파손이 발견되면 위치를 기록하고 사진을 남긴 뒤 주변에 임시 안전선을 설치한다. 통행을 계속 허용할 수 없는 경우에는 우회 안내판을 세우고 관리 담당자에게 즉시 보고하며, 보수 후에는 같은 항목을 다시 확인해 해제 시각을 기록한다.",manual,ctx-d-015,original-synthetic:advanced-context-ko-1.0
c-17be953d31ff,"지난 수선실 점검에서 재봉틀 두 대의 실걸이 부분이 헐거워졌다는 의견이 나왔습니다. 참석자들은 당분간 두 번째 기계의 사용을 중단하기로 했고, 시설 담당자가 금요일까지 부품을 확인한 뒤 수리 가능 여부를 공유하기로 했습니다.",minutes,ctx-d-001,original-synthetic:advanced-context-ko-1.0
c-3e4a38c11600,"공동 안내판의 문구를 바꿀 때는 먼저 게시 위치와 부착면의 상태를 확인합니다. 기존 안내를 제거한 뒤 표면의 먼지와 접착 잔여물을 닦고, 새 문안을 모서리에 맞춰 부착합니다. 음식물이나 재활용품처럼 배출 기준이 달라지는 항목은 해당 그림과 문구가 서로 일치하는지 확인하고, 글자가 가려지면 다시 붙입니다. 완료 후에는 게시 날짜와 확인자 이름을 기록합니다.",manual,ctx-d-059,original-synthetic:advanced-context-ko-1.0
c-16d55d4d367d,"실습 재료 반납 장소가 이번 주부터 바뀝니다. 사용한 공구와 남은 재료는 실습 종료 후 30분 안에 2층 반납대에 놓고, 파손이나 분실이 있으면 반납표에 표시해 주세요. 금요일 수업에는 담당자가 오후 5시까지 반납대를 운영합니다.",announcement,ctx-d-045,original-synthetic:advanced-context-ko-1.0
c-9995634a1a6f,"이전 운영의 보관 자료
배송지 변경 요청을 처리할 때는 먼저 주문번호로 구매 이력과 결제 상태를 조회하고, 주문자 회원정보의 이름과 등록 연락처를 대조합니다. 결제가 승인되지 않았거나 주문번호가 확인되지 않으면 주소 수정부터 진행하지 말고 필요한 정보를 보완하도록 안내합니다. 결제가 완료된 주문이라도 출고 상태가 택배사 인계 전인지 확인해야 하며, 이미 배송 완료된 과거 주문은 참고 이력으로만 남깁니다.
출고 전 주문이면 주문 상세 화면에 남은 변경 요청과 상담 접수 내용을 비교해 최신 주소를 확인합니다. 주소가 바뀐 경우 기존 주소와 새 주소를 기록하고 물류 담당자에게 변경 가능 여부를 요청한 뒤, 승인 결과가 오기 전에는 고객에게 수정 완료라고 알리지 않습니다. 동일 주문에 여러 주소가 들어오면 마지막으로 인증된 요청을 우선하되, 인증이 되지 않으면 회원정보에 등록된 연락처로 본인 확인을 다시 진행합니다.
택배사 인계가 끝난 주문은 내부 시스템에서 주소를 직접 고치지 않고 운송장 번호와 인계 시각을 기록합니다. 고객에게는 배송조회 화면과 택배사 문의 경로를 안내하며, 상담원이 임의로 배송을 중단하거나 재발송 처리하지 않습니다. 이미 결제가 취소된 건은 배송 변경 절차에 넣지 않고 결제 담당 기록과 연결해 종결 여부만 확인합니다.
모바일 앱에서 요청했는지 웹에서 요청했는지는 처리 순서를 바꾸지 않지만, 화면에 표시되는 주문 상태가 최신인지 새로고침해 확인합니다. 회원의 휴대전화 번호가 변경된 경우에는 배송지 수정과 별도로 회원정보 갱신 절차를 안내하고, 본인 확인이 끝나기 전에는 연락처를 대신 변경하지 않습니다. 과거 운영 점검에서 알림 누락이 있었으므로 발송 알림 실패 여부도 기록합니다.
처리가 끝나면 주문번호, 확인한 결제 상태, 출고 단계, 최종 주소, 고객에게 전달한 안내를 상담 기록에 남깁니다. 변경이 승인된 경우 물류 시스템의 반영 시각을 확인하고, 거절된 경우 사유와 대체 문의 경로를 적습니다. 이 절차는 배송지 변경 요청을 재사용해 처리하기 위한 것이며, 완료된 주문을 다시 결제하거나 과거 자료를 재검토하는 절차는 아닙니다.
이 내용은 당시 운영을 마치고 보관한 참고 자료입니다.

이번에 전달하는 본문은 다음과 같습니다.
이번에 전달하는 본문
지난 상담 운영 검토에서는 예약이 몰리는 날에 대기 시간이 길어지고, 보호자 동반 여부가 상담 직전에 바뀌는 문제가 확인되었습니다. 검토 자료에는 예약 가능 시간을 분산하고 변경 사항을 미리 받는 방안이 정리되어 있으며, 담당자들은 시범 운영 결과를 반영해 새 일정을 확정했습니다. 다음 달 첫째 주부터 학생 상담 예약은 온라인 신청 후 담당자의 확인이 완료되어야 확정됩니다. 신청자는 희망 시간 두 개와 상담 방식, 보호자 참석 여부를 입력해 주세요. 확정 문자는 상담 전날 발송되며, 그때까지 회신이 없으면 해당 시간은 다른 학생에게 배정될 수 있습니다. 당일 취소는 상담실에 직접 알려야 하고, 온라인 신청 화면에서만 취소한 경우에는 담당자가 확인하기 전까지 예약이 남아 있습니다.
이번 변경은 한 학기 동안 적용합니다. 현재 이미 확정된 예약은 기존 시간대로 진행되지만, 보호자 참석 여부를 바꾸려면 상담 이틀 전까지 담당자에게 알려야 합니다. 예약 화면의 안내 문구는 이번 주 안에 수정하고, 변경된 운영 방식은 학생과 보호자에게 함께 전달해 주세요.",announcement,ctx-d-030,original-synthetic:advanced-context-ko-1.0
c-3c7683304d76,수선실 재봉틀은 다음 달 3일부터 평일 오후 6시까지 이용할 수 있습니다. 사용을 마친 분은 실밥과 원단 조각을 치우고 전원과 재봉틀 덮개를 확인해 주세요.,announcement,ctx-d-001,original-synthetic:advanced-context-ko-1.0
c-20a2550620a7,"이번에 전달하는 본문
지난 운영 검토에서 지역 축제 부스의 전기 사용량과 통행로 폭을 다시 확인한 결과, 일부 신청 부스의 위치가 조정되었습니다. 이번 배정표에서는 체험 부스를 중앙 광장 가장자리로 옮기고, 음식 판매 부스는 급수 시설 가까운 구역에 배치했습니다. 참가 단체는 금요일 오후 네 시까지 배정 번호와 반입 차량 정보를 담당 창구에 알려 주시기 바랍니다.

설치 당일에는 배정표에 적힌 시간대에만 차량이 들어올 수 있으며, 전기 장비를 사용하는 부스는 안전 확인표를 함께 제출해야 합니다. 우천 시 위치 변경이 필요한 경우에는 행사 전날 저녁에 별도 안내를 보내고, 어린이 대상 프로그램은 통행로 확보를 위해 현장 담당자의 지시에 따라 일부 공간을 비울 수 있습니다.

다음은 이전 운영 때 남긴 참고 자료이며 이번 본문과 구분해 보관합니다.
이전 운영의 보관 자료
축제 부스 배정안을 검토한 회의에서 운영팀은 중앙 광장에 신청이 몰려 통행로가 좁아질 수 있다고 보고했다. 음식 판매 단체들은 급수 시설과의 거리를 우선해 달라고 요청했고, 체험 프로그램 담당자들은 어린이 대기 줄이 길어질 경우 가장자리 구역이 필요하다고 설명했다. 한편 차량 반입 시간을 일괄 지정하자는 의견과 설치 시간이 긴 부스를 먼저 들이자는 의견이 맞섰다.

회의에서는 음식 부스를 급수 시설 인근에 두고 체험 부스는 광장 가장자리로 조정하기로 결정했다. 차량 진입은 설치 소요 시간을 반영해 구역별 시간대로 나누며, 우천 때의 재배치는 행사 전날 상황을 확인한 뒤 운영팀이 판단하기로 했다. 도면 수정은 시설 담당자가 맡고, 참가 단체에 보낼 배정표는 홍보 담당자가 금요일까지 작성한다.
이 내용은 당시 운영을 마치고 보관한 참고 자료입니다.",announcement,ctx-d-007,original-synthetic:advanced-context-ko-1.0
c-e61385682479,"이전 운영의 보관 자료
방송 대본을 수정할 때는 먼저 녹음본의 시간표와 진행자 큐시트를 대조합니다. 소개 순서가 달라졌으면 해당 문단의 번호를 바꾸고, 자막 시간은 송출 기준 시각으로 다시 계산합니다. 수정한 문장은 원문과 구별되도록 표시한 뒤 출연자 대사, 자막 파일, 진행자용 큐시트에 같은 내용이 반영됐는지 확인합니다. 녹음이 이미 끝난 구간을 고칠 경우에는 재녹음 여부를 제작 책임자에게 확인하고, 승인 전에는 최종본으로 배포하지 않습니다.
이 내용은 당시 운영을 마치고 보관한 참고 자료입니다.

이번에 전달하는 본문은 다음과 같습니다.
이번에 전달하는 본문
지난주 녹음본 검토에서 진행자 소개 순서와 자막에 표시되는 방송 시간이 바뀌었습니다. 수정 대본은 제작팀이 확인했으며, 이번 금요일 송출분부터 새 순서를 적용합니다. 출연자는 녹음실에 도착하면 변경된 첫 장을 받아 확인하고, 기존 대본에 표시된 시간은 사용하지 말아 주세요.",announcement,ctx-d-057,original-synthetic:advanced-context-ko-1.0
c-96219a6e5778,"안내판 내용 검토에서는 음식물이 묻은 용기의 배출 위치를 두고 의견이 나뉘었습니다. 관리 담당자는 혼합 배출을 줄이려면 일반 배출함 표시가 필요하다고 했고, 청소 담당자는 주민들이 기존 그림을 더 익숙해한다고 설명했습니다. 최종적으로 기존 그림은 유지하고 문구만 바꾸기로 했으며, 새 안내판은 각 층 담당자가 금요일까지 부착하기로 했습니다.",minutes,ctx-d-059,original-synthetic:advanced-context-ko-1.0
c-1c73b5b25ddd,"모형 제작실 칼날 교체 문제를 두고 담당자와 강사들이 의견을 나눴다. 강사는 무딘 칼날을 공구함에 다시 넣는 일이 반복된다고 보고했고, 담당자는 교체함을 따로 두면 수량을 확인하기 쉽다고 설명했다. 논의 결과 교체함을 공구함 옆에 설치하고, 사용한 칼날은 담당자가 매주 금요일에 수거하기로 했다. 새 칼날 지급 확인은 강사가 맡으며, 보호 덮개 규격은 다음 점검 때 다시 결정하기로 했다.",minutes,ctx-d-019,original-synthetic:advanced-context-ko-1.0
c-665d8e0023c6,"모형 제작실의 절단 칼날 교체 방식이 바뀝니다. 다음 사용일인 수요일부터 칼날이 무뎌졌거나 끝이 깨진 경우에는 공구함에 다시 넣지 말고 교체함에 분리해 두며, 새 칼날은 담당자 확인 후 받아 가시기 바랍니다. 기존에 교체함에 보관된 칼날은 담당자가 일괄 폐기합니다.",announcement,ctx-d-019,original-synthetic:advanced-context-ko-1.0
c-7cc35ff8c90d,"이전 운영의 보관 자료
공동 구매 물품의 정산 마감일이 6월 12일로 정해졌습니다. 참여자는 영수증 사진과 본인 계좌 정보를 운영 담당자에게 보내고, 마감 뒤 제출분은 다음 정산일로 이월됩니다. 금액이 다른 경우에는 입금 전에 확인 연락을 드립니다.
이 내용은 당시 운영을 마치고 보관한 참고 자료입니다.

이번에 전달하는 본문은 다음과 같습니다.
이번에 전달하는 본문
이번 공동 구매 정산 검토에서는 배송비를 누가 부담할지 의견이 갈렸다. 소량 참여자에게 전액을 나누면 부담이 커진다는 의견과 주문 건별로 처리해야 한다는 의견을 들은 뒤, 참석자들은 이번 건에 한해 참여자 수로 균등 배분하기로 했다. 차액이 남으면 다음 구매의 공동 비용으로 넘기고, 회계 담당자가 금요일까지 계산표를 공유하기로 했다.",minutes,ctx-d-023,original-synthetic:advanced-context-ko-1.0
c-700bff022915,"창고 열쇠를 빌릴 때는 출입 장부에 이름과 사용 시간을 적고 보관함에서 열쇠를 꺼냅니다. 사용을 마치면 창고 문이 닫혔는지 확인한 뒤 열쇠를 지정 칸에 넣고, 보관함 손잡이를 당겨 잠금 여부를 확인합니다. 열쇠가 없거나 잠금이 되지 않으면 임의로 다른 칸을 사용하지 말고 관리 담당자에게 즉시 알립니다.",manual,ctx-d-005,original-synthetic:advanced-context-ko-1.0
c-66ff45e9a93e,"이전 운영의 보관 자료
지난달 강당 좌석 배치 검토에서는 통로 폭, 출입문 주변의 이동 경로, 휠체어석과 보조기기 이용 공간의 위치를 확인했습니다. 당시 시설 담당자가 작성한 측정표와 좌석 배치안은 이번 안내를 이해하기 위한 참고 자료로 첨부하며, 그 검토 자체를 다시 요청하는 내용은 아닙니다. 이전 행사에서 단체 예약 구역을 별도로 표시하고 현장 안내판을 맞춘 조치는 이미 완료되었습니다. 다만 실제 행사 때 참석자가 어느 좌석을 이용해야 하는지에 대한 운영 변경은 아직 안내가 필요합니다.

다음 주 수요일부터 강당 앞줄 양쪽 끝 좌석은 보조기기 이용 공간으로 비워 운영합니다. 해당 공간에는 일반 좌석이나 행사 물품을 임의로 놓지 않으며, 참석자는 입장 안내원의 표시와 현장 좌석표를 따라 착석해 주시기 바랍니다. 휠체어 이용자는 경사로와 가까운 지정 구역을 우선 이용할 수 있고, 동행자는 안내에 따라 옆 좌석 또는 별도 좌석으로 이동해 주셔야 합니다. 좌석 수가 일부 줄어드는 것은 이번 운영 변경에 포함된 사항입니다.

행사 시작 전에 좌석표가 바뀌면 담당자는 현장 게시판에 최종 배치를 표시하고, 단체 예약자는 변경된 구역을 예약자에게 전달해 주십시오. 참석자에게는 행사 전 안내 문자를 통해 보조기기 공간의 위치와 통로를 막지 말아야 한다는 내용을 알립니다. 이미 완료된 통로 측정이나 좌석표 초안 재검토는 이번 안내에 따라 별도로 진행하지 않습니다. 안내원은 입장 시 지정 공간을 확인하고, 자리를 옮겨야 하는 경우 현장에서 순서를 설명해 주십시오.

행사 중에는 출입문에서 무대까지 이어지는 주 통로와 경사로 주변에 가방, 장비, 안내물을 두지 않습니다. 행사 후에는 통로에 놓인 물품을 바로 치우고, 다음 회차 준비를 위해 보조기기 공간이 원래 좌석으로 임의 복구되지 않았는지 확인합니다. 현장 의견을 받는 절차는 기존 운영 검토의 후속 참고 사항이며, 이번 안내의 적용 시점을 늦추는 조건은 아닙니다. 안전상 즉시 조정이 필요한 경우에는 진행 담당자의 안내를 우선 따라 주십시오.

이번 안내의 적용 대상은 다음 주 수요일 행사 참석자, 단체 예약자, 현장 안내원과 행사 준비 담당자입니다. 참석자는 지정된 좌석과 통로 이용 기준을 지키고, 단체 예약자는 변경 구역을 구성원에게 미리 전달해 주시기 바랍니다. 담당자는 행사 전 최종 좌석표를 게시하고 행사 후 통로 정리 여부를 확인해 주십시오. 좌석 배치 기준을 새로 검토하거나 과거 측정표를 수정하는 것이 아니라, 확정된 변경 사항을 수신자에게 알리고 행사에서 실행하는 것이 이번 안내의 목적입니다.
이 내용은 당시 운영을 마치고 보관한 참고 자료입니다.

이번에 전달하는 본문은 다음과 같습니다.
이번에 전달하는 본문
강당 좌석을 배치할 때는 먼저 행사 인원표와 통로 기준을 대조하고, 출입문에서 무대까지 이어지는 주 통로를 비워 둔다. 휠체어석은 경사로와 가까운 구역에 두되 소방 통로와 겹치지 않게 하며, 단체 예약이 있으면 좌석표에 구역을 표시한 뒤 현장 안내판과 일치하는지 확인한다. 좌석 간격이 부족하면 가장자리 좌석부터 조정하고, 행사 직전에는 통로에 놓인 가방과 장비를 점검한다. 배치가 확정된 뒤 변경이 생기면 인쇄본을 폐기하고 수정본의 배포 시각을 기록한다. 이전 운영 검토에서 사용한 통로 측정표는 기준값을 확인하는 참고 자료로만 사용한다. 측정표와 실제 강당 구조가 다르면 현장 치수를 우선해 좌석 수를 다시 계산한다.",manual,ctx-d-052,original-synthetic:advanced-context-ko-1.0
c-71e1f98821c2,"이전 운영의 보관 자료
장비 관리 회의에서는 최근 반납 공의 표면에 세척액 잔여물이 남은 원인과 대여 재개 기준을 검토했습니다. 관리 담당자는 세척액을 원액으로 사용한 기록은 없었지만 희석 비율을 작업자마다 다르게 이해했다고 보고했고, 코치는 물로만 닦을 때 흙 냄새가 남는다고 설명했습니다. 회의 전 회원별 대여 내역과 결제 완료 상태를 확인했으나 특정 회원에게 책임을 돌릴 근거는 확인되지 않았습니다.
참석자들은 공의 재질 표기와 세척액 사용 가능 여부를 먼저 확인하고, 기본 처리는 물기와 흙 제거로 제한하기로 의견을 모았습니다. 얼룩이 남는 경우에만 재질에 맞는 희석액을 사용하며, 공기 주입구와 금속 연결부에는 직접 분사하지 않기로 했습니다. 이 기준은 회의에서 결정된 운영 원칙이며, 이미 끝난 변색 공의 교체 처리나 과거 결제 취소를 다시 논의한 내용은 아닙니다.
세척 담당자는 장비 종류별 사용 가능 용액과 희석 비율을 정리해 관리실에 제출하기로 했습니다. 코치는 다음 훈련 뒤 공 표면 상태를 확인하고, 대여 담당자는 반납 시 장비 번호와 상태 기록이 일치하는지 점검합니다. 회원정보와 접속 환경은 예약 오류가 발생한 경우에만 별도 확인하기로 하여 이번 장비 회의의 결정 사항에는 포함하지 않았습니다.
회의에서는 새 기준을 즉시 적용할지 다음 주까지 시범 운영할지를 두고 의견이 나뉘었습니다. 최종적으로 다음 대여일부터 기본 세척 기준은 적용하되, 세척 주기와 용액 종류의 확대 여부는 시범 결과를 본 뒤 다시 결정하기로 했습니다. 냄새와 표면 경화가 계속되면 관리 담당자가 사진과 기록을 모아 다음 회의 안건으로 올리며, 그 전까지는 추가 용액을 도입하지 않습니다.
이번 회의의 결정은 기본 세척 기준 적용, 담당자별 확인 업무 배정, 확대 도입 보류입니다. 세척 담당자는 용액 목록을 제출하고 코치는 표면 상태를 확인하며, 관리 담당자는 이상 사례를 취합해 다음 회의를 준비합니다. 따라서 이 문서는 이용자에게 새 반납 방법을 공지하거나 세척 작업의 전체 절차를 재교육하는 자료가 아니라, 이번 논의에서 무엇을 결정했고 무엇을 보류했는지와 담당자를 남기는 기록입니다.
이 내용은 당시 운영을 마치고 보관한 참고 자료입니다.

이번에 전달하는 본문은 다음과 같습니다.
이번에 전달하는 본문
스포츠 장비를 세척할 때는 장비 종류와 표면 재질을 먼저 확인합니다. 흙이나 모래가 묻은 공은 마른 천으로 큰 이물질을 제거한 뒤 미지근한 물에 적신 천으로 닦고, 표면의 홈에는 부드러운 솔을 사용합니다. 세척액은 재질 표기에 사용 가능하다고 적힌 경우에만 희석해 쓰며, 공기 주입구나 금속 연결부에는 직접 뿌리지 않습니다. 세척 후에는 마른 천으로 물기를 없애고 통풍되는 선반에서 완전히 말립니다. 냄새, 갈라짐, 공기 누출이 발견되면 세척을 계속하지 말고 사용 중지 표지를 붙여 관리 담당자에게 전달합니다.",manual,ctx-d-060,original-synthetic:advanced-context-ko-1.0
c-b165d377053e,"이전 운영의 보관 자료
교육 행사 대기 접수 운영을 검토한 회의에는 접수 담당자, 행사 운영 책임자, 결제 지원 담당자가 참석했습니다. 회의 전에는 지난 행사에서 연락 시각이 제각각이었던 기록과 취소 좌석 처리 내역을 확인했으며, 이미 완료된 결제 취소와 회원 연락처 수정은 사실 확인 자료로만 공유했습니다. 참석자들은 이번 회의에서 새 대기 운영 기준을 정하고 담당 범위를 나누는 것을 안건으로 삼았습니다.

접수 담당자는 취소 좌석이 생겼을 때 현장에 먼저 온 사람을 받을지, 기존 대기 순서를 따를지를 설명했습니다. 결제 지원 담당자는 현장 등록을 허용하면 결제 확인과 좌석 배정이 동시에 진행되어 기록이 누락될 수 있다고 보고했습니다. 운영 책임자는 이전 상담에서 접속 오류가 있었다는 사실은 확인하되, 그 이력을 근거로 대기 순서를 우선 처리하지 않기로 했습니다.

논의 결과, 대기 순서는 접수 시스템에 기록된 시각을 기준으로 유지하기로 결정했습니다. 취소자가 발생하면 첫 번째 대기자에게 문자로 참석 가능 여부를 묻고, 15분 안에 답이 없으면 다음 대기자에게 기회를 넘기기로 했습니다. 이 결정은 지난 행사에서 담당자별 응답 기한이 달라졌던 문제를 줄이기 위한 것이며, 과거 연락 기록을 다시 처리하자는 뜻은 아닙니다.

또한 행사 시작 20분 전까지 확정되지 않은 좌석은 현장 대기로 전환하지 않기로 했습니다. 접수 담당자는 발송 시각과 회신 결과를 기록하고 좌석 상태를 갱신하며, 결제 지원 담당자는 확정된 신청의 결제 상태만 확인하기로 했습니다. 운영 책임자는 행사 종료 후 미배정 좌석 수와 예외 사례를 취합해 다음 검토 회의에 보고할 담당자로 지정되었습니다.

회원정보 변경이나 이전 결제 처리의 재검토 여부는 이번 회의에서 결정하지 않고 보류했습니다. 해당 항목은 현재 대기 좌석 배정과 직접 관련이 없으므로 별도 문의가 들어올 때 담당 부서가 확인하기로 했습니다. 이번 회의의 결정은 사전 연락, 15분 응답 기준, 현장 대기 불가, 담당별 기록과 사후 보고로 확정되었으며, 운영 책임자는 다음 회의 전까지 결과를 정리하기로 했습니다.
이 내용은 당시 운영을 마치고 보관한 참고 자료입니다.

이번에 전달하는 본문은 다음과 같습니다.
이번에 전달하는 본문
지난달 교육 행사 접수대 운영을 검토하면서 대기자에게 안내할 순서와 연락 시점을 정리한 자료를 함께 보관합니다. 당시에는 현장 도착 순으로 이름을 적고 빈자리가 생기면 차례대로 부르기로 했으며, 참석이 어려운 사람은 다음 신청 때 다시 접수하도록 안내했습니다.

이번 행사에서는 취소자가 생길 때마다 대기 명단의 다음 사람에게 문자로 참석 가능 여부를 확인합니다. 15분 안에 답이 없으면 다음 대기자에게 기회가 넘어가며, 참석을 확정한 사람은 행사 시작 20분 전까지 안내 데스크에서 등록해 주세요. 행사 당일 현장 대기는 받지 않고, 남은 자리는 사전 대기 명단 안에서만 배정합니다.",announcement,ctx-d-046,original-synthetic:advanced-context-ko-1.0
c-819089a39a0d,"명찰을 만들 때는 신청서의 표시 이름과 소속을 먼저 확인하고, 글자 수가 정해진 칸을 넘는 경우 줄바꿈 여부를 담당자에게 묻는다. 확정된 명단을 인쇄 목록에 옮긴 뒤 이름표를 출력하고, 잘못 인쇄된 것은 폐기함에 넣는다. 행사 직전 추가된 사람은 빈 명찰에 손으로 쓰지 말고 예비 양식 파일에 입력해 다시 출력한다.",manual,ctx-d-029,original-synthetic:advanced-context-ko-1.0
c-e761c2499e90,"이전 운영의 보관 자료
이전 촬영 접수에서는 공연장 도면과 출연자 수를 확인했고, 촬영 비용 결제와 촬영일 확정까지 완료했습니다. 당시 현장 점검에서 객석 뒤 통로가 관람객 이동로라는 사실과 전원 콘센트의 위치를 확인했으며, 이 내용은 작업 전 참고 자료로 보관되어 있습니다. 지난 촬영에서 케이블이 노출되어 이동이 불편했던 사례와 조명을 낮췄을 때 얼굴 그림자가 커졌던 기록도 절차를 정리하는 데 참고했습니다.

촬영 전날에는 접수 자료의 공연 시간과 담당자 연락처를 대조하고, 카메라와 삼각대, 예비 배터리, 메모리 카드를 준비합니다. 장비를 설치할 때에는 삼각대 다리와 케이블의 위치를 표시하고, 통로를 가로지르는 선은 바닥 고정재로 정리합니다. 전원 연결 뒤에는 관람객이 지나는 폭이 줄어들지 않았는지 확인하며, 문제가 있으면 장비를 통로 바깥으로 옮깁니다.

리허설에서는 무대 전체가 화면 안에 들어오는지 먼저 확인하고, 조명 변화로 출연자 얼굴에 과도한 그림자가 생기는지 점검합니다. 마이크와 카메라의 입력을 동시에 확인해 객석 소음이나 케이블 접촉음이 녹음되지 않는지 살핍니다. 소리가 포화되면 입력을 낮춘 뒤 같은 구간을 다시 녹화하고, 화면 가장자리와 음향 상태를 점검표에 기록합니다.

공연 중에는 촬영 담당자 외의 사람이 삼각대나 케이블을 임의로 이동하지 않도록 안내합니다. 촬영이 끝나면 녹화를 중지한 뒤 파일 목록과 재생 상태를 확인하고, 메모리 카드의 원본을 두 곳의 저장 위치에 복사합니다. 복사본이 정상적으로 열리는 것을 확인하기 전에는 원본 카드를 포맷하거나 삭제하지 않습니다.

파일 복사가 끝나면 저장 위치와 파일 수를 작업 기록에 적고 원본 카드는 담당자에게 전달합니다. 공연 다음 날 결과물 확인 일정이 안내되는 것은 기존 운영 정보일 뿐, 이 절차에서 추가 촬영을 결정하는 단계는 아닙니다. 이 문서는 공연 촬영을 준비하고 점검하고 보관하는 순서를 반복해서 사용할 수 있도록 정리한 것이며, 특정 회의의 결론을 보고하는 글은 아닙니다.
이 내용은 당시 운영을 마치고 보관한 참고 자료입니다.

이번에 전달하는 본문은 다음과 같습니다.
이번에 전달하는 본문
촬영 준비 회의에서는 한 대의 카메라로 전체 무대를 담을지, 보조 카메라를 추가할지를 논의했습니다. 보조 카메라를 두면 표정 촬영이 좋아진다는 의견이 있었지만 객석 통로를 가릴 수 있다는 우려도 나왔습니다. 참석자들은 첫 공연에서는 전체 무대용 카메라 한 대만 사용하고, 관람객 이동에 문제가 없을 때 다음 공연부터 보조 카메라를 검토하기로 했습니다. 촬영 담당자는 첫 공연의 음향과 화면을 확인해 결과를 공유하며, 장비 추가 여부는 그 자료를 본 뒤 결정하기로 했습니다.",minutes,ctx-d-004,original-synthetic:advanced-context-ko-1.0
c-4eb13cfb6574,"이전 운영의 보관 자료
지난달 도예실 건조 상태를 점검한 결과, 선반 안쪽 작품이 바깥쪽보다 늦게 마르고 이동 중 이름표가 떨어지는 사례가 확인되었습니다. 운영 검토에서는 작품 사이 간격을 넓히고 칸별 담당자가 위치를 기록하는 방안을 시범 적용하기로 했습니다. 이 점검 기록과 담당자별 확인표는 이번 변경의 참고 자료이며, 이미 이름표 일부를 다시 부착한 조치는 현재 운영 기준을 대신하지 않습니다.
다음 주 화요일부터 도예실 건조 선반은 새 배치 기준으로 운영됩니다. 작품을 올릴 때는 지정된 칸 번호를 확인하고 이름표를 선반 앞쪽 고리에 고정해 주셔야 합니다. 큰 작품은 하단 칸에 두고, 자리가 없을 때는 임의로 다른 칸에 넣지 말고 작업대 옆 대기 구역을 이용해 주십시오.
현재 선반에 놓인 작품은 담당자가 이번 주 안에 다시 배치할 예정입니다. 이용자가 먼저 작품을 옮기면 위치 기록과 건조 시간 비교가 어려워지므로, 재배치가 끝날 때까지 손대지 말아 주십시오. 지난 점검에서 확인된 건조 지연은 이미 기록되었지만 아직 모든 작품의 상태가 해결된 것은 아닙니다.
변경 기준은 한 달 동안 적용하며, 담당자는 작품 위치와 포장 전 확인 결과를 기록합니다. 한 달 뒤에는 파손 여부와 건조 시간을 검토해 간격이나 대기 구역 운영을 조정할 수 있습니다. 관련 안내문은 참고용으로 배포된 것이며, 이용자가 별도 판단으로 새 규칙을 바꾸는 근거로 사용할 수 없습니다.
따라서 도예실을 이용하는 분들은 다음 주 화요일부터 지정 칸, 이름표 고정 위치, 큰 작품의 하단 배치, 자리 부족 시 대기 구역 사용을 지켜 주시기 바랍니다. 이번 안내의 목적은 변경된 선반 운영과 이용자가 해야 할 일을 전달하는 데 있습니다. 작품 상태에 대한 개별 문의나 과거 점검표 제출을 새로 요청하는 내용은 아닙니다.
이 내용은 당시 운영을 마치고 보관한 참고 자료입니다.

이번에 전달하는 본문은 다음과 같습니다.
이번에 전달하는 본문
건조 선반에 작품을 올릴 때는 먼저 작품 바닥의 물기를 닦고, 이름표에 제작자와 작업 날짜를 적는다. 선반 앞쪽 고리에 이름표가 걸리는지 확인한 뒤 작품을 지정 칸의 중앙에 둔다. 작품 사이에는 손가락 두 마디 정도의 간격을 남기고, 높이가 큰 작품은 하단 칸으로 보낸다. 칸이 가득 찼으면 다른 작품을 밀어 넣지 말고 작업대 옆 대기 구역에 둔 뒤 담당자에게 알린다.
지난 점검에서 안쪽 작품의 건조가 늦어진 기록이 있어, 한 칸에 작품을 겹쳐 두지 않는 조건을 추가했다. 선반을 옮겨야 할 때는 작품을 먼저 꺼내지 말고 담당자에게 이동을 요청한다. 표면이 단단해 보여도 내부가 마르지 않았을 수 있으므로 담당자의 확인 전에는 포장하지 않는다. 이름표가 떨어진 작품은 위치를 추정해 임의로 붙이지 않고 별도 확인함에 둔다.",manual,ctx-d-028,original-synthetic:advanced-context-ko-1.0
c-546ed187c903,"이전 운영의 보관 자료
지난달 고객센터에는 주문번호 A7814의 무선 키보드가 결제된 뒤 배송 조회가 이틀 동안 갱신되지 않는다는 문의가 접수되었습니다. 상담 과정에서 결제 금액 48,000원은 정상 승인되었고, 주소와 연락처는 회원정보에 등록된 내용과 일치하는 것으로 확인했습니다. 물류팀은 상품이 출고 대기 상태였음을 확인한 뒤 송장번호를 발급했으며, 해당 확인과 결제 내역 검토는 이미 완료되었습니다.

이후 배송사 조회 화면에는 상품이 지역 터미널에 도착한 것으로 표시되었고, 고객센터는 같은 주문에 대해 중복 결제나 주소 변경 요청이 없다는 사실도 확인했습니다. 기존 상담 기록에는 배송 지연 시 영업일 기준 하루를 더 기다린 뒤 배송사에 이관한다는 안내가 남아 있습니다. 이 안내는 과거 문의를 처리하기 위한 참고 자료이며, 이번에 회원이 다시 결제하거나 주문을 새로 등록해야 한다는 뜻은 아닙니다.

최근 배송사 운영 변경으로 터미널 도착 후 배달 담당자 배정까지 시간이 더 걸릴 수 있다는 공지가 전달되었습니다. 이에 따라 오늘부터 해당 지역 주문은 조회 화면에 배달 출발이 표시되기 전까지 고객센터가 임의로 재발송하지 않으며, 주소가 바뀐 경우에는 배송사 변경 절차를 먼저 확인해야 합니다. 이미 배송 완료로 표시된 주문에는 이 변경을 소급 적용하지 않습니다.

주문자는 배송 조회에 표시된 예정일과 실제 도착 여부를 확인해 주시고, 예정일이 지나도 상품을 받지 못한 경우 주문번호와 수령 가능 시간을 남겨 주셔야 합니다. 상담원이 확인 없이 결제 취소나 재배송을 처리하는 것이 아니고, 기존 송장번호를 삭제하는 것도 아니며, 회원정보를 다시 제출하게 하는 것도 아닙니다. 배송사에서 분실로 판정한 경우에만 별도 보상 절차가 안내됩니다.

이번 안내의 적용 대상은 현재 배송 중인 무선 키보드 주문과 같은 지역의 출고 건입니다. 고객님께서는 앱의 배송 알림을 켜고 예정일이 지난 경우 문의 화면에서 배송 지연을 선택해 접수해 주시기 바랍니다. 지난 상담의 결제 확인과 주소 검토는 참고 이력으로 남아 있으며, 이번 안내는 변경된 배송 확인 방식과 고객이 해야 할 후속 행동을 전달하기 위한 것입니다.
이 내용은 당시 운영을 마치고 보관한 참고 자료입니다.

이번에 전달하는 본문은 다음과 같습니다.
이번에 전달하는 본문
옥상 텃밭 출입 개선을 위해 관리팀과 이용 동아리 대표가 지난 운영 검토 내용을 다시 확인했다. 관리팀은 배수구 주변에 물이 고이면 사고 위험이 커진다고 설명했고, 동아리 대표는 주말 급수 때문에 평일 시간만 허용하면 작물이 마를 수 있다고 의견을 냈다. 한쪽에서는 야간 개방을 먼저 시험하자는 제안도 나왔지만, 조명 부품이 아직 도착하지 않았다는 보고가 있어 보류했다. 논의 끝에 평일 출입은 오전 9시부터 오후 6시까지로 제한하고, 주말 급수는 전날 방문 시간을 관리실에 남긴 경우에만 허용하기로 결정했다. 출입 등록 명단은 관리팀이 매주 월요일 갱신하고, 동아리 대표는 등록 누락이나 통로의 물 고임을 발견하면 사진 없이도 관리실에 즉시 알리기로 했다. 미끄럼 방지판 설치는 금요일까지 진행하되, 설치가 늦어지면 현재 통로를 폐쇄할지 여부는 관리팀이 현장 상태를 보고 다시 판단한다. 참고로 이전 점검표에는 야간 개방을 재검토한다는 문장이 있었으나, 이번 논의에서는 재검토 날짜를 정하지 않았다. 이 기록은 이용자에게 새 시간을 통보하기 위한 글이 아니라, 어떤 의견을 거쳐 출입 기준과 담당 조치를 정했는지 남기기 위해 작성했다.",minutes,ctx-d-042,original-synthetic:advanced-context-ko-1.0
c-df09d68cb2e4,"회의실 음향 장비를 점검할 때는 전원을 끈 뒤 마이크와 수신기의 연결 상태를 확인한다. 잡음이 계속되면 케이블을 하나씩 교체해 원인을 좁히고, 무선 장비는 배터리 잔량과 채널 충돌을 함께 확인한다. 점검 중에는 회의실을 사용하지 않도록 표시하고, 테스트 발언은 녹음하지 않은 상태에서 진행한다.",manual,ctx-d-055,original-synthetic:advanced-context-ko-1.0
c-f267cf98622d,"이전 운영의 보관 자료
반품 접수 담당자는 먼저 주문번호와 구매 상품명을 조회하고, 결제 상태가 승인인지 취소인지 확인해야 합니다. 지난달 주문 B2049의 의류 반품 사례에서는 카드 승인이 정상 처리되었고 회원의 이름과 연락처도 등록정보와 일치했으며, 상담원이 회수 예약까지 완료한 뒤 기록을 닫았습니다. 그 사례의 배송 이력과 환불 완료 여부는 현재 작업의 판단 기준을 설명하기 위한 참고이며, 같은 주문에 다시 회수 예약을 넣으라는 뜻은 아닙니다.

새 반품을 처리할 때는 상품 수령일, 반품 사유, 포장 상태를 순서대로 입력하고 사진 첨부 여부를 확인합니다. 배송 완료일이 조회되지 않으면 운송장 번호로 배송사 기록을 먼저 대조하며, 회원정보가 다르다는 이유만으로 접수를 거절하지 말고 본인 확인 절차로 전환합니다. 구매자가 결제수단을 바꾸어 달라고 요청하는 것이 아니고, 이미 끝난 카드 승인 취소를 다시 실행하는 것도 아닙니다.

상품이 단순 변심으로 접수된 경우에는 회수비 부담 기준을 확인한 뒤 회수 주소를 주문 당시 주소와 비교합니다. 주소가 변경되었으면 고객이 새 주소를 직접 입력하도록 안내하고, 담당자가 임의로 회원정보 전체를 수정하지 않습니다. 파손이나 오배송이면 사진과 포장 상태를 기록한 후 검수팀으로 보내며, 검수 결과가 나오기 전에는 환불 완료로 표시하지 않습니다.

검수팀에서 반품 승인 메시지를 보내면 담당자는 승인 시각과 환불 예정 금액을 주문 화면에 기록하고 결제 취소를 실행합니다. 취소 결과가 즉시 보이지 않을 때는 카드사 반영 기간을 안내하고 동일 거래를 반복 승인하지 않으며, 배송사에 분실 신고를 새로 넣는 것도 아닙니다. 과거 상담 메모에 적힌 영업일 기준은 참고용으로 유지하되, 현재 시스템에 표시된 환불 상태를 우선 확인합니다.

이번 문서는 고객에게 반품 정책을 새로 공지하는 글이 아니라, 담당자가 주문 조회부터 환불 기록까지 같은 순서로 재사용할 실행 기준입니다. 따라서 접수 전 확인, 예외 분기, 검수 후 처리와 기록 방법을 이 절차에 따라 적용해 주시기 바랍니다. 특정 고객의 반품을 대신 승인해 달라는 요청이나 회원정보를 일괄 변경하라는 요청은 이 절차에 포함되지 않습니다.
이 내용은 당시 운영을 마치고 보관한 참고 자료입니다.

이번에 전달하는 본문은 다음과 같습니다.
이번에 전달하는 본문
지난달 옥상 텃밭 점검에서는 배수구 주변의 미끄럼 위험과 야간 조명 부족이 확인됐다. 관리팀은 난간 안쪽 통로에 미끄럼 방지판을 설치하고 출입 시간을 평일 오전 9시부터 오후 6시까지로 조정하기로 했다. 이용자는 이번 주 금요일부터 출입 등록을 마친 뒤 지정 계단으로 올라가야 하며, 작업이 끝나는 날까지 화분 이동과 물품 반입은 제한된다. 기존에 텃밭을 맡은 동아리에는 변경 내용을 별도로 전달했고, 주말에 물을 줘야 하는 경우에는 전날 관리실에 방문 시간을 남겨야 한다. 지난 점검표에는 조명 교체가 완료되면 야간 개방을 재검토한다고 적혀 있었지만, 현재는 조명 부품 입고가 늦어 재검토 일정이 정해지지 않았다. 이번 안내에 따라 등록되지 않은 방문자는 현장에서 출입을 허가받을 수 없으며, 담당자가 확인한 명단에 포함된 사람만 통로를 이용할 수 있다.",announcement,ctx-d-042,original-synthetic:advanced-context-ko-1.0
c-e5e1775bd097,"이전 운영의 보관 자료
고객지원 게시판의 오래된 글을 처리할 때에는 먼저 등록일, 주문번호 포함 여부, 담당 부서와 상담 상태를 확인합니다. 주문 내역에서 상품이 실제 구매되었는지와 결제가 완료되었는지를 조회하되, 결제 승인 자체가 끝난 건을 다시 결제 처리 대상으로 분류하지 않습니다. 회원 계정의 연락처와 접속 환경을 확인해야 하는 경우에도 본인 확인 기록이 있는지 먼저 살피고, 확인 결과는 게시판 본문에 노출하지 않습니다.

이전 배송 문의 사례에서는 판매자가 운송장 정보를 늦게 전달했지만 상담원이 주문 상태를 확인하고 고객에게 안내한 뒤 처리 종결로 기록했습니다. 그 사례의 상담 이력과 첨부된 배송 지연 안내서는 새 문의를 접수하라는 지시가 아니라, 보존이 필요한 상담과 단순 반복 문의를 구별하기 위한 참고 자료입니다. 이미 종결된 글은 처리 결과와 종료일이 남아 있는지 확인한 뒤 공개 기간이 지나면 다음 단계로 넘깁니다.

등록일이 30일을 넘은 글은 먼저 개인정보와 분쟁 진행 여부를 검토합니다. 주소나 전화번호가 포함되었으나 추가 확인이 필요하지 않은 글은 공개 목록에서 숨기고 내부 보관함으로 이동하며, 이동 날짜와 사유, 처리자를 관리표에 입력합니다. 환불 확인이나 재배송 협의가 아직 끝나지 않은 글은 삭제하지 말고 담당 부서와 예상 종료일을 확인합니다.

같은 상품과 같은 주문에 관한 글이 여러 개이면 주문번호와 작성 시각을 대조해 대표 글을 정합니다. 중복 글을 정리할 때에는 관련 답변과 첨부파일이 대표 글에서 확인되는지 먼저 살피고, 원문을 지우기 전에 연결된 상담 번호를 기록합니다. 판단이 어려운 개인정보 노출이나 분쟁 글은 임의로 공개 전환하거나 삭제하지 않고 운영 책임자에게 검토를 요청합니다.

처리 결과를 관리표에 입력한 뒤 공개 상태, 보관 위치, 후속 담당자를 다시 확인합니다. 고객에게 이미 안내한 배송 상태를 새 답변으로 반복하는 것이 이번 절차의 목적이 아니며, 결제 재승인이나 회원정보 수정도 자동으로 수행하지 않습니다. 이 절차는 게시판 글을 공개 유지, 내부 보관, 책임자 검토 중 하나로 일관되게 분류하고 그 근거를 남기기 위해 재사용합니다.
이 내용은 당시 운영을 마치고 보관한 참고 자료입니다.

이번에 전달하는 본문은 다음과 같습니다.
이번에 전달하는 본문
게시판 운영 검토 회의에서는 오래된 글을 얼마나 오래 공개할지와 삭제 요청 처리 방식을 논의했다. 홍보 담당자는 행사 종료 뒤에도 결과를 확인하려는 학생이 있다고 했고, 기록 담당자는 모든 글을 그대로 남기면 검색이 어려워진다고 설명했다. 참석자들은 기본 노출 기간을 한 달로 두고, 활동 기록이 필요한 글은 보관함으로 옮기기로 합의했다.

삭제 요청에 대해서는 담당 부서 확인 없이 바로 처리하지 않기로 했다. 관리 담당자는 변경 이력과 보관 사유를 기록하고, 운영 책임자는 분쟁이 있는 글의 최종 판단을 맡는다. 신고 양식에 연락 창구를 추가하는 안은 개인정보 노출 가능성을 더 살핀 뒤 다음 회의에서 결정하기로 했다. 새 기준의 시행 시점은 게시판 설정을 마친 뒤 공지하기로 남겼다.",minutes,ctx-d-040,original-synthetic:advanced-context-ko-1.0
c-3d3e78ae2c64,"이전 운영의 보관 자료
지난 학기 회화 수업에서는 완성 작품을 교실 뒤 선반에 임시로 두었다가 이동 중 모서리가 구겨진 일이 두 차례 있었습니다. 당시 운영 담당자는 강사에게 건조 상태와 작품 표기를 먼저 확인해 달라고 요청했고, 보관실의 이름별 칸을 활용하는 방안을 검토했습니다. 수강생 명단과 수업별 제출 시기를 대조한 결과, 작품을 찾을 때 기본 정보가 필요하다는 점도 확인되었습니다.

이와 관련해 운영팀은 개인 봉투 사용, 보관 기간 설정, 회수 절차를 포함한 안내문 초안을 작성했습니다. 초안에는 젖은 작품을 바로 봉투에 넣지 않는 방법과 보관실 공간이 부족할 때의 임시 선반 사용 방안이 참고 사항으로 정리되어 있습니다. 해당 검토는 새 운영 내용을 마련하기 위한 자료이며, 수강생이 별도로 신청해야 하는 절차를 확정한 문서는 아닙니다.

이번 학기부터 수업이 끝난 작품은 담당 강사가 상태를 확인한 뒤 보관실의 이름별 칸으로 이동합니다. 수강생은 작품 뒷면에 이름과 반을 적고, 물감이 완전히 마르지 않았으면 제출 전에 강사에게 알려 주셔야 합니다. 강사는 젖은 작품을 건조대에 두었다가 상태가 확인된 뒤 보관하도록 안내합니다.

보관 작품은 마지막 수업일로부터 두 달 동안 유지됩니다. 찾아가실 때에는 수업명과 작품을 제출한 시기를 말씀해 주셔야 하며, 운영 담당자가 목록과 보관 위치를 확인한 뒤 전달합니다. 이미 제출한 작품의 표기가 불분명한 경우에는 회수 당일에 새로 보관하는 것이 아니라, 담당 강사에게 먼저 확인을 요청해 주시기 바랍니다.

두 달이 지나도 찾아가지 않은 작품은 다음 전시 준비에 활용될 수 있습니다. 전시 활용을 원하지 않거나 보관을 계속할 필요가 없는 경우에는 마지막 수업 전까지 강사 또는 운영 담당자에게 의사를 알려 주세요. 이번 안내의 목적은 검토 자료를 반복 설명하는 데 있지 않고, 이번 학기부터 적용되는 보관 방식과 수강생이 해야 할 일을 전달하는 데 있습니다.
이 내용은 당시 운영을 마치고 보관한 참고 자료입니다.

이번에 전달하는 본문은 다음과 같습니다.
이번에 전달하는 본문
회화 수업 작품 보관 문제를 검토하기 위해 강사와 운영 담당자가 모였다. 지난 학기에는 선반에 작품을 임시로 쌓아 두었고, 이동 중 모서리가 구겨진 사례와 이름표가 떨어진 사례가 보고되었다. 강사들은 젖은 작품을 바로 봉투에 넣으면 표면이 달라붙는다고 지적했으며, 운영 담당자는 보관실 칸이 부족해 모든 작품을 오래 둘 수 없다고 설명했다.

참석자들은 작품 뒷면과 봉투에 이름과 반을 함께 적고, 완전히 마른 작품만 보관실로 옮기기로 했다. 보관 기간은 마지막 수업일부터 두 달로 정했으며, 이후에는 수강생에게 회수 여부를 확인한 뒤 전시 활용 또는 폐기 절차를 진행하기로 했다. 강사는 수업 종료 때 건조 상태를 확인하고, 운영 담당자는 제출 목록과 보관 위치를 관리한다. 보관실 칸이 부족한 경우에는 크기별 임시 선반을 사용하는 안을 우선 적용하되, 다음 학기 전에 공간을 다시 검토하기로 했다.",minutes,ctx-d-018,original-synthetic:advanced-context-ko-1.0
c-98cf3715c215,"다음 주 월요일부터 안내 데스크 인수인계 시간이 오전 8시 40분으로 변경됩니다. 야간 담당자는 열쇠와 방문 기록을 인계함에 넣고, 주간 담당자는 출근 후 분실물 현황까지 확인해 주세요.",announcement,ctx-d-021,original-synthetic:advanced-context-ko-1.0
c-ac9b8bb4b31a,"이번에 전달하는 본문
지난 전시 교체 회의에서는 입구 진열대를 사용할지 창가 공간을 유지할지를 두고 의견이 나뉘었습니다. 입구는 접근성이 좋다는 의견이 있었고, 창가는 햇빛 때문에 표지가 변색될 수 있다는 우려가 제시되었습니다. 참석자들은 다음 교체에서는 입구 진열대를 시범 사용하고, 인기 도서는 대출 흐름을 확인한 뒤 수량을 조정하기로 했습니다. 담당자는 교체 후 일주일 동안 이용자 반응과 대출 건수를 기록해 다음 검토 때 공유하기로 했습니다. 다만 조명 위치를 옮기는 작업은 시설 확인이 끝날 때까지 보류했습니다.

다음은 이전 운영 때 남긴 참고 자료이며 이번 본문과 구분해 보관합니다.
이전 운영의 보관 자료
6월 10일 오전, 계절별 추천 도서 전시를 입구 쪽 진열대로 교체합니다. 교체 시간에는 작업 안전을 위해 입구 주변 서가의 대출과 반납이 잠시 제한되므로, 해당 자료를 이용하실 분은 오전 작업이 끝난 뒤 방문해 주시기 바랍니다. 전시 대상 도서는 6월 9일까지 반납해 주시고, 예약 중인 도서는 일반 반납함에 넣지 말고 안내 데스크 직원에게 직접 전달해 주세요. 교체가 완료되면 이용 제한이 해제되는 시각을 안내판에 표시하겠습니다.

이번 변경은 지난달 전시 검토에서 입구 진열대가 접근성이 높다는 의견이 채택된 데 따른 것입니다. 당시 검토표에는 진열대 폭과 조명 위치를 함께 확인해야 한다는 내용이 있었고, 시설 담당자는 조명 이동은 별도 점검 뒤 진행해야 한다고 확인했습니다. 따라서 이번 작업에서는 기존 조명 위치를 유지하며, 이용자에게는 서가 이용 제한과 도서 반납 시한만 적용됩니다.

이미 전시 후보 도서 목록과 예약 도서 현황은 담당자가 대조했고, 진열대 주변의 이동 동선도 사전 확인을 마쳤습니다. 지난 전시에서 책등이 안쪽으로 밀려 안내 카드가 가려졌던 사례는 작업자가 배치할 때 참고할 사항으로 전달했습니다. 이는 이용자에게 추가 신청을 요구하는 절차가 아니며, 전시 교체를 원활하게 하기 위한 내부 확인 내용입니다.

교체 당일 입구 서가에 남아 있는 대출 자료는 작업 대상에서 제외하고, 반납된 전시 도서만 분류해 새 배치에 사용합니다. 예약 도서는 별도 상자에 보관한 뒤 해당 이용자에게 정상적으로 안내하며, 작업 중 문의가 있으면 안내 데스크에서 이용 제한과 재개 시각을 확인해 드립니다. 조명이나 진열대에 이상이 발견되면 예정된 배치를 중단하고 시설 담당자에게 점검을 요청합니다.

이용자께서는 6월 9일까지 전시 대상 도서를 반납하고, 6월 10일 오전에는 입구 주변 서가 이용을 피해 주시면 됩니다. 작업이 끝난 뒤에는 안내판의 해제 시각을 확인해 다시 이용해 주시기 바랍니다. 이번 안내는 전시 위치 변경과 그에 따른 이용자 행동을 알리기 위한 것이며, 지난 검토표의 세부 배치 기준이나 시설 점검 결과를 새로 제출하라는 요청은 아닙니다.
이 내용은 당시 운영을 마치고 보관한 참고 자료입니다.",minutes,ctx-d-002,original-synthetic:advanced-context-ko-1.0
c-2f85fe63e4d2,"모형 제작용 칼날을 교체할 때에는 손잡이를 작업대 위에 고정하고, 보호 장갑을 착용한 뒤 잠금 부분을 연다. 사용한 칼날은 끝이 보이지 않도록 폐기 상자 안쪽에 넣고 뚜껑을 닫는다. 새 칼날을 끼운 뒤 잠금 상태와 흔들림을 확인하며, 결합이 맞지 않으면 억지로 조이지 말고 담당자에게 장비를 넘긴다.",manual,ctx-d-019,original-synthetic:advanced-context-ko-1.0
c-85427a9788b7,"미술실 붓은 먼저 큰 물감을 헝겊으로 닦은 뒤 미지근한 물에 흔들어 씻습니다. 수채 물감은 일반 세척통을 쓰고, 유성 재료가 묻은 붓은 담당 교사에게 확인한 뒤 별도 용액을 사용합니다. 끝나면 털을 아래로 향하게 말립니다.",manual,ctx-d-031,original-synthetic:advanced-context-ko-1.0
c-4b42cdbebf4f,"장터 물품은 접수대에서 수량을 확인한 뒤 의류, 도서, 생활용품으로 나눕니다. 깨지기 쉬운 물건은 완충재를 확인하고 별도 상자에 넣으며, 가격표가 없으면 접수 담당자에게 되돌려 보냅니다. 분류표에 수량을 적은 뒤 각 판매대의 빈 공간을 확인해 배치합니다.",manual,ctx-d-049,original-synthetic:advanced-context-ko-1.0
c-63ea99057a67,"자막을 검수할 때에는 먼저 영상의 시작과 끝에 자막이 맞는지 확인하고, 인물명과 숫자는 대본 원본과 대조한다. 말이 겹치는 구간은 화자별 줄바꿈을 유지하며, 들리지 않는 부분은 임의로 보완하지 말고 시간 코드와 함께 표시한다. 수정 후에는 전체 영상을 다시 재생해 자막 누락과 싱크 오류를 확인한다.",manual,ctx-d-039,original-synthetic:advanced-context-ko-1.0
c-e786c7b8dca1,"안전 교육 참석 확인을 두고 현장 서명과 전자 입력 방식을 비교했다. 전자 입력은 누락 확인이 쉽다는 의견이 많아 다음 회차부터 적용하기로 했고, 접속 장애 때는 운영 담당자가 명단에 직접 표시하기로 했다.",minutes,ctx-d-041,original-synthetic:advanced-context-ko-1.0
c-bcedb27f7ecc,"이전 운영의 보관 자료
지난 수요일 대여 운영 검토에는 창구 담당자, 강사 대표, 장비 관리 담당자가 참석했습니다. 회의 전 배포된 참고 자료에는 최근 반납 지연 건수와 충전기 누락 사례, 기존 점검표가 정리되어 있었으며, 참석자들은 자료의 수치 자체를 다시 산정하지 않고 적용 기준을 논의했습니다. 회원정보나 결제 기록은 안건에 포함되지 않았고, 이미 완료된 반납 접수의 상태를 소급해 바꾸지도 않았습니다. 이번 기록은 그 검토에서 실제로 오간 의견과 결정 사항을 남기기 위한 것입니다.

창구 담당자는 수업 종료 직후 반납을 기준으로 해야 보관함 관리가 쉽다고 설명했습니다. 강사 대표는 이동 수업과 야간 수업에서는 학생들이 장비를 옮기는 시간이 필요하므로 동일한 시한을 적용하기 어렵다고 말했습니다. 장비 관리 담당자는 늦은 반납이 다음 수업의 대여 준비를 지연시키지만, 모든 지연을 같은 사유로 처리하면 예외 관리가 불명확해진다고 보고했습니다. 참석자들은 참고표의 구성품 확인 항목을 유지하는 데에는 이견이 없었습니다.

논의 끝에 일반 수업은 수업 종료 후 30분까지, 야간 수업은 다음 날 오전 10시까지를 반납 기준으로 구분하기로 결정했습니다. 이동 수업 등 예외 사유가 있는 경우에는 강사가 사실관계를 확인하고, 창구 담당자는 그 확인 내용과 실제 반납 시각을 함께 기록하기로 했습니다. 이 결정은 새 기준을 적용할 때의 구분을 정한 것이며, 이미 반납이 완료된 건의 지연 여부를 다시 판정하는 조치는 아닙니다. 충전기와 케이블의 점검 항목은 현행 표를 그대로 사용하기로 했습니다.

시행 시점은 다음 달 첫째 주로 정했고, 장비 관리 담당자가 창구와 교실 보관함에 변경된 기준을 전달하기로 했습니다. 강사 대표는 예외 사유 확인 방식의 초안을 작성하고, 창구 담당자는 2주 동안 지연 건수와 반납 시각을 모아 다음 검토에 제출하기로 했습니다. 운영팀은 새 기준 안내문을 준비하되, 회원정보 수정이나 결제 처리 화면을 변경하는 일은 이번 결정 범위에서 제외했습니다. 참고 자료에 제시된 과거 점검 결과는 후속 검토의 근거로만 보관합니다.

다만 야간 수업의 정확한 종료 시각을 어떤 자료로 확인할지, 강사 확인이 없는 경우 누구에게 최종 판단 권한을 둘지는 결론을 내리지 못해 보류했습니다. 장비 관리 담당자는 다음 회의 전까지 가능한 확인 자료와 처리 선택지를 정리하고, 창구 담당자는 임의로 예외를 승인하지 않기로 했습니다. 다음 회의에서는 2주간 수집된 지연 기록을 바탕으로 기준의 실효성과 보류 안건을 다시 논의합니다. 따라서 이번 회의의 확정 사항은 반납 시간대와 담당 업무이며, 보류된 권한 기준까지 시행하기로 한 것은 아닙니다.
이 내용은 당시 운영을 마치고 보관한 참고 자료입니다.

이번에 전달하는 본문은 다음과 같습니다.
이번에 전달하는 본문
지난 학기 대여 기록을 확인한 결과, 보조기기 반납 지연이 반복되어 운영 기준을 조정했습니다. 이번 달 18일부터 수업용 기기는 수업 종료 당일 오후 5시까지 반납해야 하며, 늦어질 경우 담당 강사에게 사유를 알려야 합니다. 이미 대여 중인 기기는 기존 반납일을 적용하고, 새로 신청하는 건부터 변경된 기준을 적용합니다. 신청자는 장비 수령 때 대여 확인서에 반납 예정일을 적고 서명해 주세요. 세부 점검 항목은 장비 관리 담당자가 별도로 보관한 참고표를 따릅니다. 이 안내는 강사와 대여 신청자에게 전달되며, 다음 주부터 접수 창구에서도 변경 내용을 확인할 수 있습니다.",announcement,ctx-d-022,original-synthetic:advanced-context-ko-1.0
c-15479e849e46,"이번에 전달하는 본문
지난 합창 연습 뒤 파트장들이 악보 배부 문제를 논의했다. 소프라노는 수정 표시가 늦게 전달됐다고 했고, 테너는 공통 악보와 파트 악보가 다른 폴더에 있어 혼동했다고 설명했다. 참석자들은 다음 곡부터 수정 날짜를 파일명에 넣고 공통 악보를 별도 폴더에 두기로 결정했다. 인쇄본 신청은 파트장들이 취합하고, 지휘 담당자는 금요일 전까지 새 파일을 올리기로 했다. 알토 파트의 누락 여부는 다음 연습 시작 전에 확인하기로 했으며, 배부 방식 자체를 바꿀지는 한 달간 시험한 뒤 다시 논의한다.

다음은 이전 운영 때 남긴 참고 자료이며 이번 본문과 구분해 보관합니다.
이전 운영의 보관 자료
합창 악보를 배부할 때는 먼저 출석 명단에서 단원의 파트를 확인한다. 파일 이름에는 곡명과 파트, 수정 날짜를 넣고, 공통 악보와 파트 악보를 각각 지정된 폴더에 올린다. 인쇄를 요청한 경우에는 양면 여부를 확인한 뒤 신청 순서대로 출력하며, 수정 표시가 있는 이전 판본은 회수하거나 사용 중지 안내를 붙인다. 배부가 끝나면 파트별 수령 여부를 기록하고 누락된 단원에게만 다시 전달한다.
이 내용은 당시 운영을 마치고 보관한 참고 자료입니다.",minutes,ctx-d-013,original-synthetic:advanced-context-ko-1.0
c-d91fc4ceafeb,"이전 운영의 보관 자료
운동장 급수대 정비가 끝나 사용을 재개합니다. 오늘 오후 2시부터 이용할 수 있으며, 첫 주에는 한쪽 급수대가 점검 중이므로 표시된 두 곳만 사용해 주십시오. 물이 나오지 않거나 주변 바닥이 젖어 있으면 관리실에 알려 주시기 바랍니다.
이 내용은 당시 운영을 마치고 보관한 참고 자료입니다.

이번에 전달하는 본문은 다음과 같습니다.
이번에 전달하는 본문
급수대 정비 일정과 점검 범위를 현장에서 논의했다. 시설 담당은 필터 교체를 먼저 하자고 했고, 체육 담당은 운동 시간과 겹치지 않도록 오후 작업을 요청했다. 누수 확인 뒤 한 곳만 재개할지 전부 열지 의견이 갈렸으며, 최종적으로 두 곳을 먼저 시험하고 다음 날 수압을 확인하기로 했다. 시설 담당이 결과를 기록하고 체육 담당이 이용자 안내를 맡는다.",minutes,ctx-d-053,original-synthetic:advanced-context-ko-1.0
c-1a8e2b980235,"이번에 전달하는 본문
자료실 문서 폐기 기준을 검토하면서 종이 기록과 전자 파일을 같은 날 처리할지 논의했다. 보존 기간이 지난 자료라도 감사 대응에 필요한 경우가 있다는 의견이 나와, 담당자가 예외 목록을 먼저 확정하기로 했다. 최종적으로 종이 문서는 지정 수거함에 모으고 전자 파일은 백업 확인 뒤 삭제하기로 결정했으며, 목록 검토는 자료실 담당자가 맡는다. 다음 검토에서는 폐기 이력 보관 기간을 별도로 정하기로 했다.

다음은 이전 운영 때 남긴 참고 자료이며 이번 본문과 구분해 보관합니다.
이전 운영의 보관 자료
자료실 문서를 폐기할 때는 먼저 보존 기간과 열람 중인 업무가 남아 있는지 확인한다. 종이 문서는 폐기 대상 목록에 표시한 뒤 지정 수거함에 넣고, 전자 파일은 담당자 승인 후 백업 여부를 확인해 삭제한다. 법적 보존 요청이 접수된 문서는 목록에서 제외하고, 목록에 없는 문서를 발견하면 폐기하지 말고 자료실 담당자에게 검토를 요청한다.
이 내용은 당시 운영을 마치고 보관한 참고 자료입니다.",minutes,ctx-d-043,original-synthetic:advanced-context-ko-1.0
c-833158daaa14,"이전 운영의 보관 자료
지난달 교육 행사 접수대 운영을 점검하면서 대기자 명단 작성 방식과 연락 순서를 확인했습니다. 당시 신청자는 현장 도착 순서가 아니라 접수 시스템에 기록된 시각을 기준으로 정렬하기로 했고, 중복 신청이 발견된 경우 먼저 등록된 신청만 남기는 조치를 완료했습니다. 행사 안내문 초안과 담당자별 연락 기록 양식은 참고 자료로 보관하고 있습니다.

이전 행사에서는 취소 좌석이 생긴 뒤 담당자가 개별적으로 연락해 응답 기한이 서로 달라지는 문제가 있었습니다. 운영 검토 결과, 대기자에게 보낼 문자에는 좌석 배정 여부와 회신 마감 시각을 함께 적고, 발송 시각도 기록하기로 했습니다. 이 자료는 당시 확인된 사실과 참고용 안내를 정리한 것이며, 이번 행사에 적용할 내용을 알리기 위한 근거로 사용합니다.

이번 행사에서 취소자가 발생하면 대기 순서가 가장 빠른 사람부터 문자로 참석 가능 여부를 확인합니다. 문자를 받은 뒤 15분 안에 답이 없으면 다음 대기자에게 기회가 넘어가며, 이미 참석이 어렵다고 답한 사람은 같은 좌석에 다시 연락하지 않습니다. 결제 완료 여부는 좌석 확정 뒤 별도로 확인하고, 과거 행사에서 처리된 결제나 회원정보 수정 건은 이번 배정 기준에 영향을 주지 않습니다.

참석을 확정한 분은 행사 시작 20분 전까지 안내 데스크에 도착해 본인 확인을 마쳐야 합니다. 회원 계정의 연락처가 변경된 경우에는 행사 당일 현장 등록 전에 현재 사용할 번호를 담당자에게 알려 주시되, 기존 계정의 수정 이력 자체를 다시 제출할 필요는 없습니다. 접속 환경이나 이전 문의 기록은 참석 가능 여부를 확인하는 참고 사항일 뿐, 새로운 좌석 요청으로 접수되지 않습니다.

따라서 이번 행사에서는 현장 대기를 받지 않고, 사전 대기 명단 안에서만 남은 좌석을 배정합니다. 수신자는 문자를 받은 경우 정해진 15분 안에 참석 여부를 회신하고, 참석 확정 후에는 행사 시작 20분 전까지 등록해 주시기 바랍니다. 이 안내는 과거 운영 절차를 다시 설명하는 문서가 아니라 이번 행사에서 적용할 변경 사항과 수신자가 해야 할 일을 전달하기 위한 것입니다.
이 내용은 당시 운영을 마치고 보관한 참고 자료입니다.

이번에 전달하는 본문은 다음과 같습니다.
이번에 전달하는 본문
지난 행사에서는 대기자에게 연락하는 시점이 담당자마다 달라 빈자리 배정이 늦어졌고, 운영 검토에서 응답 기한을 통일하기로 했습니다. 아래 절차는 교육 행사 대기 접수를 처리할 때 사용하는 기준입니다.

먼저 신청자 명단에서 취소된 좌석의 번호와 대기 순서를 확인합니다. 첫 번째 대기자에게 참석 가능 여부와 도착 시각을 함께 묻고, 발송 시각을 기록합니다. 15분 안에 회신이 오면 좌석을 배정하고 등록 상태를 바꾸며, 회신이 없거나 참석이 어렵다는 답을 받으면 다음 사람에게 같은 방식으로 연락합니다. 행사 시작 20분 전까지 확정되지 않은 좌석은 현장 대기로 돌리지 않고 운영 책임자에게 남은 수를 보고합니다. 같은 사람이 중복 신청한 경우에는 먼저 확인된 신청만 유지합니다.",manual,ctx-d-046,original-synthetic:advanced-context-ko-1.0
c-c1c369e2f08d,"이전 운영의 보관 자료
지난달 체육관 공용 장비 점검에서 반납된 공에 흙과 땀이 남은 상태로 보관된 사례가 세 건 확인되었습니다. 관리팀은 당시 세척 담당자를 지정하고 보관함별 상태 기록을 남기는 조치를 완료했으며, 점검표와 재질별 주의사항은 참고 자료로 공유했습니다. 대여 기록을 다시 확인한 결과 특정 이용자의 고의적인 훼손이나 분실은 확인되지 않았고, 결제 취소나 회원정보 변경이 필요한 건도 없었습니다.
이후 시범 운영에서는 반납 창구에서 장비 상태를 먼저 확인한 뒤 세척 구역으로 옮기는 흐름을 적용했습니다. 시범 기간 중 세척이 늦어진 공은 다음 대여에서 제외했지만, 이용자가 직접 세척액을 사용하면서 표면이 변색된 사례가 한 차례 발생했습니다. 해당 사례에 대한 사진과 처리 기록은 참고용으로 보관하며, 이번 안내에서는 과거 점검 결과를 다시 판정하려는 것이 아닙니다.
이번 주말 대여분부터 모든 공용 공과 라켓은 반납 즉시 세척 담당자에게 전달됩니다. 이용자는 장비를 임의로 닦거나 세척액을 뿌리지 말고, 흙이 많이 묻었거나 손상된 부분이 보이면 반납 시 창구 직원에게 알려 주셔야 합니다. 세척이 끝나지 않은 장비는 다음 이용자에게 배부하지 않으며, 대여 일정이 바뀌는 경우 관리실이 예약자에게 별도로 안내합니다.
예약자는 기존과 같이 회원 계정에서 대여 시간과 결제 완료 여부를 확인할 수 있습니다. 이번 변경은 결제 방식이나 회원정보 보관 기준을 바꾸는 내용이 아니며, 이미 완료된 결제 승인과 지난 대여 내역도 그대로 유지됩니다. 모바일 앱에서 반납 안내가 늦게 표시되더라도 실제 장비 인계 시각은 창구 기록을 기준으로 처리합니다.
따라서 이번 안내를 받은 이용자는 주말 대여 전 변경된 반납 방법을 확인하고, 장비를 사용한 뒤 창구에 직접 전달해 주시기 바랍니다. 세척 담당자에게 장비를 넘기는 일과 이상 상태를 알리는 일이 이번 변경에 따라 이용자에게 적용되는 행동입니다. 과거 점검표를 다시 작성하거나 이미 끝난 결제 처리를 요청하는 내용은 이번 안내의 대상이 아닙니다.
이 내용은 당시 운영을 마치고 보관한 참고 자료입니다.

이번에 전달하는 본문은 다음과 같습니다.
이번에 전달하는 본문
장비 관리 회의에서는 운동 직후 물로만 헹구는 방법과 세척액을 희석해 닦는 방법을 비교했습니다. 코치는 잦은 세척액 사용이 공 표면을 굳게 만들 수 있다고 했고, 관리 담당자는 흙이 묻은 장비를 그대로 보관하면 냄새가 남는다고 보고했습니다. 논의 결과 기본 처리는 물기와 흙을 제거하는 수준으로 하고, 얼룩이 남는 경우에만 재질별 세척액을 사용하기로 결정했습니다.
세척 담당자는 장비 종류별 사용 가능 용액을 정리하고, 코치는 다음 훈련 뒤 공 표면 상태를 확인합니다. 이상이 계속되면 다음 회의에서 세척 주기를 다시 논의하며, 그 전까지는 현재 기준을 적용하기로 했습니다.",minutes,ctx-d-060,original-synthetic:advanced-context-ko-1.0
c-b22f72492cf8,"이번에 전달하는 본문
지난 화요일 연습실 운영 검토에는 담당자 세 명과 야간 이용자 대표가 참석했다. 안건은 예약 시간 전 입실, 동행자 확인, 복도 대기 문제였으며, 관리자는 지난주 출입 기록에서 시작 전 입실이 반복된 사례를 제시했다. 이용자 대표는 악기 이동 때문에 10분 정도의 준비 시간이 필요하다고 했고, 다른 참석자는 복도 소음이 커진다고 지적했다.
참석자들은 예약자에게 시작 10분 전에 도착할 수는 있게 하되, 앞 팀이 정리하기 전에는 실 안으로 들이지 않는 방안을 논의했다. 동행자 수가 예약 정보와 다를 때는 현장 판단으로 허용하지 말고 담당자 확인을 받기로 의견을 모았다. 시범 적용 기간은 다음 달 말까지로 정했으며, 출입 기록은 야간 담당자가 모아 다음 검토 때 공유하기로 했다. 다만 동행자 변경을 사전에 등록할 수 있는 기능은 결론을 내리지 못해 보류했다.

다음은 이전 운영 때 남긴 참고 자료이며 이번 본문과 구분해 보관합니다.
이전 운영의 보관 자료
다음 주 월요일부터 저녁 시간대 연습실의 입실 확인 방식이 바뀌므로 예약자와 동행자는 변경 내용을 확인해 주시기 바랍니다. 모든 예약자는 이용 시작 10분 전에 안내 데스크에 도착해 예약 화면을 제시하고, 앞 팀의 정리가 끝난 뒤 근무자의 확인을 받아 입실해야 합니다. 예약 정보에 없는 동행자는 현장에서 바로 입실할 수 없으니 필요한 경우 사전에 예약자 정보를 수정해 주세요.
이번 변경은 최근 오후 6시부터 9시 사이에 예약 시간이 겹치면서 복도 대기자가 늘고, 예약자와 실제 동행 인원을 확인하는 데 시간이 걸린 데 따른 것입니다. 변경된 방식은 다음 달 말까지 우선 적용하며, 그 기간의 출입 기록과 이용자 의견을 바탕으로 계속 시행할지 다시 검토합니다. 이용 중 대기 위치나 확인 절차에 문제가 생기면 당일 근무자에게 알려 주시기 바랍니다.
지난달 운영 검토에서는 관리자 확인 후 입실하는 방안과 악기 보관함 사용 시간을 분리하는 방안이 함께 논의되었습니다. 이후 일주일 동안 출입 기록과 민원 내용을 비교한 결과, 보관함 시간 분리보다 입실 전 예약 확인을 먼저 적용하는 것이 효과적이라는 판단이 나왔습니다. 보관함 운영 방식은 이번 변경에 포함되지 않습니다.
참고 자료에는 예약 화면을 확인할 수 없을 때 임의로 입실시키지 않고 담당자에게 연락하는 절차가 정리되어 있습니다. 이 절차는 근무자용 참고 내용이며, 이용자는 현장에서 안내 데스크의 확인을 따라 주시면 됩니다. 과거에 구두로 예약 내용을 전달하던 방식은 기록이 남지 않아 이미 사용하지 않기로 했습니다.
이번 안내의 목적은 새 입실 기준과 적용 기간을 예약자에게 알리고, 이용 당일 지켜야 할 행동을 분명히 전달하는 데 있습니다. 예약 시간보다 일찍 도착한 경우에도 복도에서 앞 팀의 정리를 기다려야 하며, 확인되지 않은 동행자는 입실할 수 없습니다. 변경에 대한 의견은 당일 접수해 다음 운영 검토의 참고 자료로 활용하겠습니다.
이 내용은 당시 운영을 마치고 보관한 참고 자료입니다.",minutes,ctx-d-026,original-synthetic:advanced-context-ko-1.0
c-6cbdb8344f70,"명찰 제작을 논의한 준비 모임에서 행사 담당자는 현장 작성으로 인해 이름 표기가 제각각이었던 지난 사례를 공유했다. 참석자들은 신청 단계에서 표시 이름과 소속을 받는 방안에 동의했고, 수요일 오후를 입력 마감으로 정했다. 행사 직전 추가 참가자의 명찰은 예비 양식으로 다시 출력하기로 했으며, 현장 손글씨 사용 여부는 인쇄 장비 상태를 확인한 뒤 결정하기로 했다.",minutes,ctx-d-029,original-synthetic:advanced-context-ko-1.0
c-269cbdfd0552,"이번에 전달하는 본문
캠프 침구 반납 문제를 검토하기 위해 운영팀과 생활관 담당자가 퇴소 다음 날 회의를 열었다. 생활관 담당자는 젖은 침구가 일반 수거분에 섞여 세탁 지연이 발생했다고 보고했고, 운영팀은 대여 수량과 회수 수량이 맞지 않는 참가자가 여러 명이라고 설명했다. 한 참석자는 현장에서 바로 비용을 청구하자고 했지만, 다른 참석자는 분실과 개인 보관 여부를 확인할 시간을 두어야 한다고 주장했다.

회의에서는 젖은 물품과 오염이 심한 물품을 별도 구역에 두고, 이름표가 없는 침구는 확인 대기 목록으로 관리하기로 결정했다. 개인 보관함에 남은 물품은 생활관 담당자가 구역별로 확인하며, 운영팀은 수량과 사진 기록을 대조한 뒤 보증금 정산 여부를 결정한다. 비용이 발생할 수 있는 건은 사유 확인 전까지 보류하고, 다음 캠프 시작 전에 처리 결과를 공유하기로 했다.

참고 자료로 지난 회수표와 세탁실 점검 기록을 회의 자료에 첨부했다. 이 기록의 현재 목적은 그 자료를 다시 배포하는 것이 아니라 참석자들의 보고와 합의된 후속 업무를 남기는 데 있다.

다음은 이전 운영 때 남긴 참고 자료이며 이번 본문과 구분해 보관합니다.
이전 운영의 보관 자료
다음 캠프부터 침구 반납 방식과 보증금 확인 절차가 일부 변경됩니다. 지난 캠프 종료 후 대여 명단, 세탁 전 검수표, 분실 접수 내용을 대조한 결과 실제 회수 수량과 대여 수량이 맞지 않는 사례가 확인되었고, 운영팀은 오염이 심한 물품을 일반 보관분과 분리해 두었습니다. 이 자료는 변경 배경을 설명하기 위한 참고 기록이며, 이번 안내의 목적은 반납 대상자가 새 기준에 맞춰 물품을 제출하도록 알리는 데 있습니다.

이번 반납 대상자는 퇴소 당일 오후 세 시까지 이불, 매트, 베개를 지정 수거대에 가져다 놓아 주시기 바랍니다. 물품은 종류별 구역에 나누어 두고, 이름표가 떨어졌거나 대여 번호를 확인하기 어려운 침구는 일반 수거분에 섞지 말고 별도 바구니에 넣어 주셔야 합니다. 수량이 부족하거나 훼손된 사실을 알고 있다면 현장 접수대에 즉시 알려 주시기 바랍니다.

공동 사용 공간에 남은 침구는 담당자가 구역별로 회수하지만, 개인 보관함이나 객실 안에 둔 물품은 참가자가 직접 제출해야 합니다. 이전에 접수된 젖은 침구와 누락 명단은 이미 별도 확인 대상으로 정리했으므로, 이번 반납 때 같은 물품을 일반 수거대에 다시 두지 않도록 주의해 주십시오. 반납 장소와 마감 시각을 지키지 않으면 확인이 늦어질 수 있습니다.

반납이 끝난 뒤 운영팀은 수량과 상태를 확인하고 보증금 정산을 진행합니다. 분실 또는 훼손 사유가 확인되지 않은 경우에는 현장에서 바로 비용을 확정하지 않고 추가 확인을 요청할 수 있으며, 참가자는 접수대에서 안내받은 확인 방법에 따라 설명이나 자료를 제출하면 됩니다. 이미 완료된 지난 캠프의 정산 결과를 다시 신청하는 절차는 이번 안내에 포함되지 않습니다.

변경된 반납 기준은 다음 캠프 퇴소자부터 적용됩니다. 참가자는 지정 수거대 이용, 물품별 분류, 이상 물품 신고를 마감 시각 전까지 완료해 주시기 바랍니다. 운영팀은 제출된 물품을 검수한 뒤 필요한 경우 개별 연락을 드리며, 이번 안내는 담당자용 검수 순서를 설명하는 문서가 아니라 대상자에게 적용되는 변경 사항과 해야 할 일을 전달하기 위한 것입니다.
이 내용은 당시 운영을 마치고 보관한 참고 자료입니다.",minutes,ctx-d-008,original-synthetic:advanced-context-ko-1.0
c-4532396d8b7d,"이번에 전달하는 본문
지난달 신문 편집 모임에서는 원고 접수 창구를 한곳으로 모으자는 의견이 나왔고, 담당자는 파일명 규칙을 정해 두기로 했습니다. 당시 검토표에는 사진 사용 동의 여부를 확인해야 한다는 항목도 포함되었습니다. 이번 호 원고는 다음 주 수요일 오후 5시까지 학급별 온라인 제출함에 올려 주세요. 파일명에는 학년과 필자 이름을 적고, 사진이 들어간 글은 동의 확인서를 함께 제출해야 합니다. 마감 뒤 접수된 원고는 다음 호 검토 대상으로 넘겨지며, 제출이 완료되면 편집 담당에게 접수 여부를 확인받을 수 있습니다.

다음은 이전 운영 때 남긴 참고 자료이며 이번 본문과 구분해 보관합니다.
이전 운영의 보관 자료
학교 신문 원고를 접수하는 담당자는 먼저 제출함에서 해당 호수와 학급 폴더가 맞는지 확인합니다. 그다음 파일명을 학년, 필자 이름, 원고 제목 순서로 정리하고, 같은 필자가 여러 편을 제출한 경우 제목이 서로 다른지 살펴봅니다. 파일을 저장한 뒤에는 실제로 열리는지 확인하고 접수 화면에 표시된 등록 시각도 기록합니다.

사진, 인터뷰 녹음, 외부 자료가 포함된 원고는 사용 동의서나 출처 표기가 함께 있는지 확인합니다. 동의서가 빠졌거나 파일이 열리지 않으면 원고를 바로 반려하지 말고 접수 상태를 보류로 표시한 뒤 편집 담당자에게 누락 내용을 알립니다. 담당자는 보완 자료가 도착하기 전까지 해당 원고를 심사 완료 목록으로 옮기지 않습니다.

마감일이 지난 파일은 제출 시각을 기준으로 구분하고, 임의로 현재 호 대기 목록에 넣지 않습니다. 다음 호 폴더로 이동할 때에는 원래 파일명과 제출자를 기록해 나중에 위치를 확인할 수 있게 합니다. 이미 접수가 완료된 파일의 이름을 바꿀 때에는 기록표에도 같은 변경 내용을 남겨 중복 접수를 막습니다.

지난 편집 모임에서 사용했던 목록 양식과 사진 동의서 안내문은 담당자가 항목을 빠뜨리지 않기 위한 참고 자료입니다. 그 자료에 적힌 예시 날짜나 이전 호의 폴더 이름을 현재 접수 기준으로 그대로 적용하지 않습니다. 실제 접수 여부와 마감 판단은 제출함 기록과 현재 호의 담당자 지시에 따라 결정합니다.

처리가 끝나면 접수, 보류, 다음 호 이동 중 하나로 상태를 표시하고 확인한 사람의 이름과 날짜를 기록합니다. 보류 원고가 보완되면 같은 파일을 새로 만들기보다 기존 기록을 찾아 변경 이력을 남깁니다. 이 절차는 특정 학생의 원고를 새로 심사해 달라는 요청이 아니라, 담당자가 여러 호에 반복해 사용할 수 있는 접수 처리 방법입니다.
이 내용은 당시 운영을 마치고 보관한 참고 자료입니다.",announcement,ctx-d-032,original-synthetic:advanced-context-ko-1.0
c-302c9b8a2a15,"회의실 음향 장비 교체로 이번 주 금요일 오후 1시부터 3시까지 회의실 사용이 제한됩니다. 예약된 회의는 안내된 다른 공간으로 옮겨 주시고, 장비 점검이 끝나면 예약 담당자가 새 사용 가능 시간을 다시 알립니다.",announcement,ctx-d-055,original-synthetic:advanced-context-ko-1.0
c-19ad847cdf3d,"이전 운영의 보관 자료
지난 과학실 운영 검토에서는 종이 목록과 실제 수량이 맞지 않는 사례가 두 차례 보고되었습니다. 실험 담당자는 전자 목록으로 바로 전환하자고 제안했고, 안전 담당자는 보관 위치와 품목 코드부터 정리해야 중복 기록을 줄일 수 있다고 설명했습니다. 회의 참석자는 실험 담당자, 안전 담당자, 과학부장으로 기록했습니다.
논의 결과 이번 달에는 종이 목록의 품목명, 용량, 보관 위치를 우선 정리하고, 다음 달 초에 전자 목록을 한 구역에서 시범 적용하기로 결정했습니다. 산성 용액 일부는 잠금 보관장으로 옮기기로 했으며, 이동 후 사진과 점검 날짜를 공유 문서에 남기기로 했습니다. 냉장 품목의 이동 여부는 온도 유지 조건을 확인한 뒤 다시 결정하기로 보류했습니다.
손상 라벨 품목은 안전 담당자가 다음 회의 전까지 실제 용기와 기존 점검표를 대조해 결과를 공유합니다. 종이 목록 정리는 실험 담당자가 맡고, 과학부장은 전자 목록 시범 구역과 적용 날짜를 확정해 공지하기로 했습니다. 대체 시약 기준을 문서화하자는 의견도 있었지만, 기준의 승인 주체가 정해지지 않아 이번 회의의 결정 사항에는 포함하지 않았습니다.
회의에서 참고한 지난달 점검표에는 개봉 날짜가 없는 병을 우선 확인 대상으로 표시한 기록이 있었습니다. 참석자들은 이 표시 기준을 이번 종이 목록 정리에도 적용하되, 실제 폐기나 사용 중지 여부는 안전 담당자의 확인 뒤 결정하기로 했습니다. 따라서 참고 자료의 표시가 곧 새로운 폐기 결정으로 확정된 것은 아닙니다.
이번 회의록은 과거 점검표를 다시 배포하거나 새 절차를 교육하기 위한 문서가 아닙니다. 이번 논의에서 확정된 이동, 담당자별 후속 조치, 냉장 품목과 대체 시약 기준의 보류 상태를 남겨 다음 회의에서 확인할 수 있도록 작성했습니다. 다음 회의에서는 전자 목록 시범 구역, 손상 라벨 확인 결과, 냉장 품목 이동 여부를 안건으로 다루기로 했습니다.
이 내용은 당시 운영을 마치고 보관한 참고 자료입니다.

이번에 전달하는 본문은 다음과 같습니다.
이번에 전달하는 본문
과학실 시약 목록을 갱신할 때는 실험대별 보관함을 순서대로 열고, 목록의 품목명과 용량, 개봉 날짜를 실제 용기와 대조한다. 라벨이 번졌거나 뚜껑이 손상된 용기는 사용 구역에서 분리해 격리 표지를 붙인 뒤 담당 교사에게 보고한다. 수량은 미개봉과 개봉 상태를 나누어 기록하며, 개봉 용액은 사용 가능 기간을 확인해 기간이 지난 경우 폐기 대기함으로 옮긴다. 냉장 보관 품목은 실온에 오래 두지 않도록 한 구역씩 확인하고, 목록에는 확인자와 점검 시각을 남긴다. 지난 점검에서 같은 품목이 두 줄로 등록된 사례가 있었으므로 새 항목을 추가하기 전에 기존 목록에서 품목 코드와 보관 위치를 검색한다. 대체 시약이 필요한 경우에는 실험 계획서의 대체 가능 조건을 확인한 뒤 신청서에 원래 품목과 대체 품목을 함께 적는다. 점검이 끝나면 변경된 목록을 출력해 게시판에 부착하고 이전 목록은 회수해 보관한다.",manual,ctx-d-012,original-synthetic:advanced-context-ko-1.0
c-e1ddca1c988b,"이전 운영의 보관 자료
지난 교육 행사에서 취소 좌석을 처리할 때 담당자마다 대기자 확인 순서와 응답 기록 방식이 달랐습니다. 운영 검토에서는 신청 시각을 기준으로 명단을 정렬하고, 중복 신청은 먼저 등록된 건만 유지하기로 했으며 이 기준은 이미 시스템에 반영했습니다. 이전 행사에서 완료된 결제 취소와 회원 연락처 정정은 참고 이력으로 남아 있고, 아래 절차의 대상은 새로 발생한 취소 좌석입니다.

작업을 시작하기 전에 행사 코드, 취소된 좌석 번호, 좌석 상태를 관리 화면에서 확인합니다. 대기 명단은 접수 시각 순으로 불러오고, 이름과 연락처가 같은 신청이 여러 건이면 먼저 등록된 건을 남긴 뒤 나머지는 중복으로 표시합니다. 신청자의 회원정보나 이전 상담 내용은 본인 확인에 필요한 범위에서만 참고하며, 과거 문의가 있었다는 이유로 대기 순서를 바꾸지 않습니다.

첫 번째 대기자에게 좌석 번호, 행사 일시, 회신 마감 시각을 포함한 문자를 보냅니다. 발송 시각과 사용한 연락처를 기록한 뒤 15분 동안 회신을 기다리고, 참석 가능하다는 답을 받으면 좌석 상태를 임시 배정으로 변경합니다. 참석이 어렵다는 답이나 잘못된 번호가 확인되면 사유를 남기고 다음 대기자에게 동일한 항목을 안내합니다.

회신을 받은 뒤에는 결제 상태를 확인하고, 결제가 완료되지 않은 경우 안내된 결제 기한을 함께 전달합니다. 결제 처리나 회원정보 수정이 이미 끝난 신청자는 같은 작업을 반복하지 않으며, 접속 오류가 있었다는 상담 기록도 좌석 배정 완료로 간주하지 않습니다. 좌석 확정 후에는 행사 시작 20분 전까지 안내 데스크에서 본인 확인을 해야 한다는 내용을 다시 고지합니다.

행사 시작 20분 전까지 확정되지 않은 좌석은 현장 대기용으로 전환하지 않고 운영 책임자에게 미배정 수를 보고합니다. 보고서에는 연락 대상, 발송 시각, 회신 결과, 좌석 상태만 남기며 과거 행사 자료나 결제 완료 내역을 새 요청으로 등록하지 않습니다. 이 절차는 취소 좌석이 생길 때마다 반복해 사용할 수 있는 처리 순서이며, 이번 작업의 핵심은 대기자 확인부터 기록과 보고까지 같은 기준으로 수행하는 것입니다.
이 내용은 당시 운영을 마치고 보관한 참고 자료입니다.

이번에 전달하는 본문은 다음과 같습니다.
이번에 전달하는 본문
교육 행사 대기 접수 운영을 검토한 회의에서 현장 대기를 허용할지를 먼저 논의했습니다. 일부 참석자는 빈 좌석을 즉시 채우려면 현장 등록이 필요하다고 했고, 다른 참석자는 대기 순서가 뒤섞이고 안내받지 못한 사람이 생길 수 있다고 지적했습니다.

논의 끝에 참석자에게 사전 연락을 우선하고, 15분 안에 답이 없을 때만 다음 대기자에게 기회를 넘기기로 결정했습니다. 행사 시작 20분 전까지 확정되지 않은 좌석은 비워 두며 현장 대기는 받지 않기로 했습니다. 접수 담당자는 연락 시각과 응답 결과를 기록하고, 운영 책임자는 행사 종료 뒤 미배정 좌석 수를 다음 검토 안건으로 올리기로 했습니다.",minutes,ctx-d-046,original-synthetic:advanced-context-ko-1.0
c-f5672c65748a,"이전 운영의 보관 자료
지난주 녹음본 검토에서 진행자 소개 순서와 자막에 표시되는 방송 시간이 바뀌었습니다. 수정 대본은 제작팀이 확인했으며, 이번 금요일 송출분부터 새 순서를 적용합니다. 출연자는 녹음실에 도착하면 변경된 첫 장을 받아 확인하고, 기존 대본에 표시된 시간은 사용하지 말아 주세요.
이 내용은 당시 운영을 마치고 보관한 참고 자료입니다.

이번에 전달하는 본문은 다음과 같습니다.
이번에 전달하는 본문
대본 검토 회의에서는 진행자 소개를 첫 장면 뒤로 옮길지와 자막에 실제 송출 시각을 넣을지를 논의했습니다. 편집 담당자는 장면 전환이 짧아 소개를 늦추면 호흡이 빠듯하다고 했고, 작가는 시청자가 방송 시간을 바로 확인할 수 있어야 한다고 설명했습니다. 최종적으로 소개 순서는 유지하되 두 번째 문장을 줄이고, 자막에는 송출 시각을 넣기로 결정했습니다. 편집 담당자가 금요일 오전까지 수정본을 만들고 진행자가 녹음 전에 읽어 보기로 했습니다.",minutes,ctx-d-057,original-synthetic:advanced-context-ko-1.0
c-760baad9977c,"이전 운영의 보관 자료
지난달 점검에서 문틈으로 소리가 새는 문제가 확인되어 방음 보강 방법을 정리했습니다. 참고한 점검표에는 문 하단과 환기구를 순서대로 확인하라는 내용이 있습니다. 작업자는 먼저 실내 통화 장비를 끄고 문틀의 틈을 확인한 뒤, 규격에 맞는 차음재를 문 하단에 부착합니다. 환기구를 막아서는 안 되며, 부착 후에는 문을 닫은 상태에서 바깥쪽 소리를 측정합니다. 기준을 넘으면 차음재를 덧대지 말고 관리 담당자에게 재점검을 요청합니다.
이 내용은 당시 운영을 마치고 보관한 참고 자료입니다.

이번에 전달하는 본문은 다음과 같습니다.
이번에 전달하는 본문
영상 통화실의 방음 보강 공사가 8월 22일 오후에 진행됩니다. 공사 시간에는 해당 실을 사용할 수 없으므로 예약 이용자는 다른 통화실로 변경해 주세요. 작업이 끝난 뒤 소음 측정 결과를 확인하고 이용 재개 시각을 게시하겠습니다.",announcement,ctx-d-003,original-synthetic:advanced-context-ko-1.0
c-30abb3b4b663,"이번에 전달하는 본문
탁구실 예약을 취소 처리할 때는 먼저 예약 번호와 이용 날짜를 대조한 뒤 상태를 취소로 변경한다. 시설 사유인 경우에는 사유 코드를 선택하고, 신청자에게 보낼 안내문에 출입 제한 여부와 대체 예약 가능 시점을 함께 적는다. 결제된 예약은 결제 수단별 환불 기준을 확인해 환불 요청을 등록하며, 무료 예약은 환불 절차를 생략한다. 이용자가 보관 물품 수령을 요청하면 신분 확인 후 물품 목록에 수령 시각과 담당자 이름을 남긴다. 전기 점검처럼 재개 시각이 확정되지 않은 경우에는 임의의 이용 가능 시간을 입력하지 말고, 시설 담당자의 확인 뒤 별도 안내를 발송한다. 처리 완료 후 예약 기록, 발송 내역, 환불 접수 번호를 한 묶음으로 보관한다.

다음은 이전 운영 때 남긴 참고 자료이며 이번 본문과 구분해 보관합니다.
이전 운영의 보관 자료
이번 시설 운영 회의에서는 전기 점검 일정 변경으로 탁구실 예약 취소 안내가 늦어질 때 발생하는 현장 방문 문제를 검토했습니다. 참석자는 시설 담당자, 예약 운영 담당자, 회계 담당자였으며, 회의 목적은 점검 공지 이후 예약 중지와 이용자 안내의 책임을 확정하는 것이었습니다. 지난달 사례의 문자와 게시판 기록은 사실관계 확인을 위한 참고 자료로만 검토했습니다.

시설 담당자는 점검 연장 통보를 받는 즉시 해당 시간대의 신규 예약을 막고, 예약 운영 담당자는 기존 예약자 명단을 추출해 같은 날 문자와 게시판 안내를 보내기로 했습니다. 참석자들은 확정되지 않은 재개 시각을 공지하지 않기로 결정했으며, 시설 담당자가 완료를 확인한 뒤에만 이용 가능 시간을 다시 열기로 했습니다. 이 결정은 다음 점검에도 동일하게 적용합니다.

회계 담당자는 결제 예약의 환불 기준과 처리 기간을 결제 수단별로 정리해 운영 담당자에게 전달하기로 했습니다. 무료 예약에 대체 시간대를 제공할지는 이용 수요와 시설 재개 일정이 확인된 뒤 결정하기로 보류했습니다. 환불 접수와 결과 안내는 회계 담당자가 맡고, 예약 운영 담당자는 안내문에 환불 신청이 별도로 필요한지 명확히 표시합니다.

보관 물품 수령에 대해서는 기존의 신분 확인과 담당자 입회 절차를 유지하기로 했습니다. 위임 수령을 허용할지와 보관 물품 목록을 전자화할지는 개인정보 처리 방식을 추가 검토한 뒤 다음 회의에서 논의하기로 했으며, 이번 회의에서 새 절차를 확정하지는 않았습니다. 과거 점검 때 재개 시각을 두 차례 수정했던 기록은 확정 전 시간을 알리지 않기로 한 근거로 남겼습니다.

회의 결과에 따라 예약 중지와 이용자 안내는 예약 운영 담당자가, 시설 완료 확인과 재개 시각 전달은 시설 담당자가, 환불 기준표 작성과 결제 처리는 회계 담당자가 맡습니다. 각 담당자는 처리 결과와 미결 사항을 다음 운영 회의 전까지 공유하기로 했습니다. 이번 회의의 결정은 취소 대상자에게 적용할 공지 원칙이며, 위임 수령과 무료 예약 대체 여부는 보류된 안건으로 기록합니다.
이 내용은 당시 운영을 마치고 보관한 참고 자료입니다.",manual,ctx-d-014,original-synthetic:advanced-context-ko-1.0
c-c04a8c8e42cb,"이번에 전달하는 본문
이전 야외 수업에서는 그늘막을 먼저 세운 뒤 고정 줄을 확인해 바람이 불자 한쪽 기둥이 흔들렸습니다. 운영 검토 결과, 설치 담당자는 장소의 바닥 상태와 통행로를 확인한 다음 네 모서리를 고정하고, 수업 전과 중간 휴식 때 장력을 다시 살피기로 했습니다.

설치할 때는 운동장 동쪽 가장자리에서 통행로를 비운 뒤 기둥 네 개를 세웁니다. 각 고정 줄을 말뚝에 연결하고 줄이 보이도록 표시띠를 달며, 천이 팽팽한지 확인합니다. 바람이 강해지거나 말뚝이 들리면 수업을 중단하고 참여자를 그늘막 밖으로 이동시킨 뒤 담당자 두 명이 해체합니다. 장소를 실내로 바꿀 때에는 장비를 접어 건조한 보관함에 넣고, 다음 사용 전에 천과 줄의 손상 여부를 다시 확인합니다.

다음은 이전 운영 때 남긴 참고 자료이며 이번 본문과 구분해 보관합니다.
이전 운영의 보관 자료
야외 수업 그늘막 운영을 검토한 회의에서는 설치 시각을 오전 9시 20분으로 할지 수업 직전으로 할지를 논의했습니다. 설치 담당자는 직전 설치가 장비를 오래 노출하지 않는 장점이 있다고 설명했지만, 진행자는 학생 입장 전에 고정 상태를 확인할 시간이 필요하다고 말했습니다. 시설 담당자는 지난 행사에서 통행로에 놓인 개인 물품 때문에 이동이 늦어진 사실과 당시 작성된 점검표를 함께 보고했습니다.

참석자들은 오전 9시 20분까지 설치하고, 수업 시작 전과 중간 휴식 때 고정 상태를 각각 한 차례 확인하기로 결정했습니다. 설치와 중간 점검은 시설 담당자가 맡고, 수업 전 좌석과 통행로 확인은 진행자가 담당합니다. 이 결정으로 지난 행사에서 사용한 느슨한 줄과 손상된 표시띠는 이미 교체했으며, 이번 회의에서 추가 수리 여부를 정할 필요는 없었습니다.

바람이 강해질 경우에는 진행자가 수업 중단과 실내 전환을 판단하고, 시설 담당자 두 명이 장비 해체를 맡기로 했습니다. 참가자에게 장소 변경을 알리는 문자는 행정 담당자가 등록된 연락처로 발송하며, 진행자는 현장에서 이동 경로를 안내합니다. 개인 돗자리가 통행로를 막지 않도록 입장 때 진행자가 배치를 확인하는 안도 참석자 전원의 동의를 받았습니다.

회의 중 일부 참석자는 기상 악화의 판단 기준을 풍속 수치로 명시하자고 제안했고, 다른 참석자는 현장 장비 상태와 기상 예보를 함께 봐야 한다고 의견을 냈습니다. 이 기준은 즉시 확정하지 않고 시설 담당자가 기존 안전 지침과 예보 자료를 대조해 다음 운영 회의에 제안하기로 보류했습니다. 따라서 이번 회의에서 결정된 것은 설치 시각, 점검 횟수, 역할 분담, 통행로 확인까지입니다.

회의록 작성자는 결정 사항을 운영 일정표에 반영하고, 행정 담당자는 문자 발송 문안을 다음 회의 전까지 준비합니다. 시설 담당자는 교체된 부품의 보관 위치와 점검 결과를 공유하지만, 이미 끝난 교체 작업을 다시 수행하지 않습니다. 다음 회의에서는 풍속 기준과 실내 전환 안내 문구만 재검토하며, 이번 회의의 결정 사항은 예정된 수업부터 적용합니다.
이 내용은 당시 운영을 마치고 보관한 참고 자료입니다.",manual,ctx-d-050,original-synthetic:advanced-context-ko-1.0
c-e07fd3f5ab34,"이전 운영의 보관 자료
지난 8월 소규모 공연 촬영을 접수할 때 공연장 규모와 출연 인원을 확인했고, 신청서에 적힌 공연일은 9월 14일로 확정되었습니다. 촬영팀은 이전 상담에서 객석 뒤 통로를 장비 이동에 사용할 수 있는지 문의했으며, 공연장 측은 관람객 통행을 위해 해당 통로를 비워야 한다고 회신했습니다. 촬영 비용 결제는 이미 완료되었고 출연자 명단과 담당자 연락처도 기존 접수 자료에 등록되어 있습니다.

사전 점검에서는 대기실 위치, 전원 사용 가능 여부, 무대와 객석 사이의 촬영선만 확인했습니다. 카메라 추가 설치 여부는 첫 공연 결과를 본 뒤 검토하기로 했으므로 이번 안내에서 장비 증설을 확정한 것은 아닙니다. 지난 촬영에서 케이블이 통로에 놓였던 사실은 참고 기록으로 남아 있지만, 그 기록을 별도의 미해결 요청으로 처리하지 않습니다.

이번 공연 촬영은 9월 14일 오후 7시에 시작하며, 출연자는 공연 시작 한 시간 전까지 대기실에 도착해 주셔야 합니다. 관람객이 입장한 뒤에는 객석 뒤 통로를 비워야 하므로 개인 장비나 포장물을 통로에 두지 말아 주십시오. 공연 중 관람객은 휴대전화 알림을 끄고 촬영 구역의 이동 안내에 따라 주시기 바랍니다.

촬영본 확인 일정은 공연 다음 날 담당자가 별도로 안내할 예정이며, 현재 안내는 결과물 수정이나 추가 촬영을 확정하는 내용이 아닙니다. 출연자 변경이 필요한 경우에는 기존 접수 담당자에게 공연 전까지 알려 주셔야 합니다. 이미 확인된 결제와 연락처 정보는 다시 제출하지 않으셔도 됩니다.

따라서 이번 문서는 공연 당일 수신자에게 적용되는 시간과 현장 준수 사항을 전달하기 위한 것입니다. 통로 확보와 휴대전화 알림 차단은 선택적인 권고가 아니라 관람객 안전과 촬영 진행을 위해 지켜야 할 운영 기준입니다. 별도 안내가 있기 전까지는 기존 촬영 일정과 한 대의 전체 무대 카메라 운영을 기준으로 준비해 주십시오.
이 내용은 당시 운영을 마치고 보관한 참고 자료입니다.

이번에 전달하는 본문은 다음과 같습니다.
이번에 전달하는 본문
지난 촬영에서 마이크 케이블이 객석 통로에 노출되어 이동이 불편했던 사례를 참고해 촬영 준비 절차를 정리했습니다. 참고 기록에는 무대 앞쪽 조명을 낮추면 얼굴 그림자가 커졌다는 점도 남아 있습니다. 촬영 전에는 카메라 삼각대와 케이블의 위치를 표시하고, 통로를 가로지르는 선은 바닥 고정재로 정리합니다. 리허설 때 화면 가장자리와 객석 소음이 함께 들어오는지 확인하며, 소리가 포화되면 입력을 낮춘 뒤 같은 구간을 다시 녹화합니다. 촬영이 끝나면 메모리 카드의 파일을 두 곳에 복사하고 원본 카드는 삭제하지 않은 채 담당자에게 전달합니다.",manual,ctx-d-004,original-synthetic:advanced-context-ko-1.0
c-8aab68e8a43e,"이번에 전달하는 본문
지난 수거 점검에서 젖은 종이가 일반 수거함에 섞여 처리 지연이 발생했습니다. 다음 달부터 마을회관과 도서관의 종이 수거일이 화요일과 금요일로 조정되며, 수거 전날 저녁에 배출함을 비워 두어야 합니다. 담당자는 변경된 일정을 각 시설 게시판에 알려 주세요.

다음은 이전 운영 때 남긴 참고 자료이며 이번 본문과 구분해 보관합니다.
이전 운영의 보관 자료
어제 재활용 운영 회의에서는 종이 수거함의 오염 문제를 검토했다. 관리 담당자는 비닐 포장과 젖은 종이가 자주 섞인다고 보고했고, 시설 담당자는 수거함을 건물 안쪽으로 옮기면 관리가 쉬울 것이라고 말했다. 참석자들은 수거함 위치 변경은 다음 주에 시험하고, 결과를 본 뒤 고정 여부를 결정하기로 했다. 수거일 조정안은 비용 확인이 끝나지 않아 결론을 내리지 않았다.
이 내용은 당시 운영을 마치고 보관한 참고 자료입니다.",announcement,ctx-d-037,original-synthetic:advanced-context-ko-1.0
c-b395e9980c51,"이전 운영의 보관 자료
지난 겨울 실내 화초의 위치를 바꾼 뒤 창가와 난방기 사이의 온도 차이로 잎이 상한 사례가 접수되었습니다. 당시 관리 담당자는 난방기 가까이에 있던 화분을 복도 쪽으로 옮겼고, 일주일 동안 잎의 처짐과 흙의 건조 정도를 기록했습니다. 그 점검 결과와 이동 검토 내용은 이번 안내를 이해하기 위한 참고 자료로 함께 확인해 주시기 바랍니다.

이후 시설팀은 2층 휴게 공간의 창가보다 1층 안쪽 로비가 큰 화초를 관리하기에 적절하다고 검토했습니다. 다만 로비의 통행 폭과 난방기와의 거리를 먼저 확인해야 하므로, 이동 전 현장 점검을 완료하기로 했습니다. 작은 화분은 기존 위치에 두며 이번 변경 대상에 포함하지 않습니다.

큰 화초는 금요일 오후에 2층 휴게 공간에서 1층 안쪽 로비로 이동합니다. 이동 당일에는 해당 구역의 통행이 잠시 제한될 수 있으니 방문자는 시설 담당자의 안내에 따라 우회해 주시기 바랍니다. 이동이 끝난 뒤에는 화분의 위치와 받침 상태를 확인하고 관리표에 기록합니다.

화초를 맡은 담당자는 이동 후 잎의 처짐, 흙의 건조 정도, 난방기와의 거리를 확인해 당일 기록을 남겨 주세요. 새 위치에 적응하는 동안 화분을 다시 옮기거나 창문 바로 앞에 두지 않습니다. 상태가 급격히 나빠지면 임의로 물이나 영양제를 추가하지 말고 시설 담당자에게 알려 주시기 바랍니다.

이번 안내는 과거 피해 사례를 다시 처리하라는 요청이 아니라, 확정된 이동 일정과 구성원이 지켜야 할 변경 사항을 전달하기 위한 것입니다. 금요일 오전에는 시설 담당자가 이동 대상과 통행 제한 시간을 다시 공유합니다. 각 담당자는 안내받은 시간에 현장을 비우고 이동 후 확인 기록을 빠짐없이 작성해 주시기 바랍니다.
이 내용은 당시 운영을 마치고 보관한 참고 자료입니다.

이번에 전달하는 본문은 다음과 같습니다.
이번에 전달하는 본문
실내 화초 이동을 검토한 회의에서는 2층 휴게 공간의 창가를 유지할지 1층 안쪽 로비로 옮길지를 논의했습니다. 시설 담당자는 겨울철 창가의 냉기가 잎에 영향을 줬다고 보고했고, 이용 담당자는 로비로 옮기면 통행을 방해할 수 있다고 우려했습니다.

참석자들은 큰 화초만 우선 옮기고 작은 화분은 현재 위치에 두기로 했습니다. 이동은 금요일 오후에 진행하며, 시설 담당자는 난방기와의 거리를 확인하고 이동 후 일주일 동안 잎과 흙 상태를 기록합니다. 통행 폭이 확보되지 않으면 이동을 중단하고 다음 회의에서 다른 위치를 검토하기로 했습니다. 회의에서는 이 결과를 관리 기록에 남기고 금요일 오전에 이동 담당자에게 전달하기로 했습니다.",minutes,ctx-d-048,original-synthetic:advanced-context-ko-1.0
c-8105c3434c10,"이번에 전달하는 본문
지난 캠프 종료 후 반납된 침구를 점검한 결과, 대여 수량과 실제 회수 수량이 일부 맞지 않았습니다. 운영팀은 세탁 전 검수표와 분실 접수 내용을 대조해 추가 확인이 필요한 명단을 정리했으며, 오염이 심한 침구는 일반 보관분과 분리했습니다. 이번 반납 대상자는 퇴소 당일 오후 세 시까지 침구를 지정 수거대에 가져다 놓고, 수량이 부족하거나 훼손된 경우 현장 접수대에 바로 알려 주시기 바랍니다.

수거대에는 이불, 매트, 베개를 구분해 놓아야 하며 이름표가 떨어진 물품은 별도 바구니에 넣어야 합니다. 공동 사용 공간에 남은 침구는 담당자가 회수하지만 개인 보관함에 넣어 둔 물품은 대상자가 직접 제출해야 합니다. 확인이 끝난 뒤 보증금 정산이 진행되고, 분실이나 훼손 사유가 확인되지 않은 건은 안내된 기준에 따라 추가 확인을 요청받을 수 있습니다.

다음은 이전 운영 때 남긴 참고 자료이며 이번 본문과 구분해 보관합니다.
이전 운영의 보관 자료
캠프 침구를 반납받을 때에는 먼저 참가자 명단과 대여 번호를 열어 이불, 매트, 베개의 예정 수량을 확인합니다. 수거대에 도착한 물품은 종류별로 나누어 놓고, 각 품목의 실제 수량을 명단에 기록한 뒤 이름표와 대여 번호를 대조합니다. 지난 회수에서 개인 보관함에 남은 침구가 누락된 사례가 있었으므로 공동 사용 공간의 물품과 개인 보관함의 물품을 같은 방식으로 처리하지 않습니다.

검수자는 물품 상태를 양호, 세탁 필요, 훼손, 분실 확인 중 하나로 표시하고 접수 시각을 함께 적습니다. 젖었거나 오염이 심한 침구는 통풍되는 별도 선반으로 옮기며, 이름표가 없거나 수량이 맞지 않는 물품은 일반 보관함에 넣지 않고 확인 대기 구역에 둡니다. 참가자가 현장에서 사유를 설명하면 접수표에 설명 내용을 기록하고, 상태가 불명확하다는 이유만으로 비용을 확정하지 않습니다.

공동 사용 공간에 남은 물품은 구역 담당자가 회수한 뒤 명단 담당자에게 전달하고, 개인 보관함 물품은 보관함 확인 결과와 대여 명단을 함께 대조합니다. 사진이 필요한 훼손이나 오염은 물품 번호가 보이도록 촬영하며, 사진 파일명에는 참가자 번호와 접수 시각을 포함합니다. 이 절차는 이미 정리된 지난 캠프의 누락 명단을 다시 판정하는 것이 아니라 새 반납 건을 일관되게 접수하기 위한 것입니다.

검수가 끝나면 실제 수량, 상태 표시, 사진과 접수표의 일치 여부를 다시 확인합니다. 보증금 정산 목록에는 정산 가능, 추가 확인, 비용 검토 보류를 구분해 적고, 분실 또는 훼손 사유가 확인되지 않은 건은 운영 책임자에게 넘기기 전까지 비용을 입력하지 않습니다. 세탁실 점검 기록과 이전 회수표는 판단 기준을 참고하는 자료일 뿐, 현재 접수 건의 확인을 대신하지 않습니다.

확인 대기 건은 참가자 설명, 개인 보관 여부, 세탁실 이동 기록을 순서대로 조회한 뒤 결과를 운영 책임자에게 전달합니다. 책임자가 정산 상태를 승인하면 목록을 갱신하고, 추가 자료가 필요하면 참가자에게 요청할 내용을 기록합니다. 담당자는 이 순서를 매 회수에 적용하며, 단순히 반납 기한을 알리거나 회의 결론을 전달하는 방식으로 처리하지 않습니다.
이 내용은 당시 운영을 마치고 보관한 참고 자료입니다.",announcement,ctx-d-008,original-synthetic:advanced-context-ko-1.0
c-696e98fec908,"이번에 전달하는 본문
헤드셋을 점검할 때에는 장비 번호와 좌석 번호를 먼저 대조한 뒤 케이블, 이어패드, 음량 조절부를 차례로 확인한다. 소리가 한쪽에서만 나면 다른 기기에 연결해 같은 증상이 나타나는지 비교하고, 케이블을 움직일 때 잡음이 생기면 접촉 불량으로 표시한다. 이어패드가 찢어졌거나 조절부가 고정되지 않으면 수리 대상이 아니라 교체 대상으로 분류한다.

과거 점검에서는 정상 장비까지 교체 목록에 포함된 사례가 있어, 이번부터는 확인 결과를 장비별 기록지에 남기기로 했다. 점검자는 이상 항목과 재현 여부를 적고, 테스트에 사용한 기기의 번호도 함께 기록한다. 소독이 필요한 경우에는 전원을 분리한 뒤 표면을 닦고 충분히 건조한 다음 보관함에 넣는다. 점검이 끝나면 기록지를 담당자에게 전달하고, 보류 장비는 별도 선반에 표시한다.

다음은 이전 운영 때 남긴 참고 자료이며 이번 본문과 구분해 보관합니다.
이전 운영의 보관 자료
지난주 미디어실 장비 회의에서는 반복되는 헤드셋 고장과 수업 중 대체 장비 부족 문제를 검토했습니다. 담당자는 케이블을 조금만 움직여도 잡음이 나는 장비가 계속 사용되고 있다고 보고했고, 강사는 교체가 늦어 학생들이 한 장비를 번갈아 쓰는 상황이 있었다고 설명했습니다. 이어패드만 교체할 장비와 본체 전체를 교체할 장비를 구분해야 한다는 의견이 제시되었습니다.

참석자들은 다음 점검부터 장비 번호, 증상, 재현 여부를 장비별 기록지에 남기기로 결정했습니다. 시설 담당자는 기록지를 기준으로 교체 후보를 확인하고, 미디어실 관리자는 대체 장비 수량을 금요일까지 파악하기로 했습니다. 이 결정은 이미 완료된 고장 접수의 처리 결과를 다시 판단하는 것이 아니라, 다음 점검에서 동일한 기준을 적용하기 위한 것입니다.

회의에서는 좌석 재배치가 필요하다는 데에는 의견이 모였지만, 통로 폭을 다시 측정한 뒤 최종안을 정하기로 했습니다. 따라서 좌석 번호를 확정하거나 새 좌석표를 배포하는 일은 이번 회의에서 결정되지 않았습니다. 소독액 종류도 장비 표면과 이어패드에 적합한지 확인할 자료가 부족해 추가 검토 안건으로 보류했습니다.

시설 담당자는 교체 후보 목록과 기록 양식을 준비하고, 미디어실 관리자는 대체 장비 수량과 보관 위치를 확인합니다. 강사는 수업 중 발생한 사용 불편 사례를 다음 회의 전까지 정리해 전달하기로 했으며, 좌석 재배치 측정은 시설 담당자가 맡습니다. 회의에서 공유된 이전 점검표와 고장 사례는 논의의 참고 자료로 첨부했지만, 별도의 신규 접수로 처리하지 않습니다.

이번 회의의 결정 사항은 기록지 사용, 교체 후보 확인, 대체 장비 수량 파악이며, 좌석 배치와 소독액 선택은 보류 사항입니다. 담당자들은 정해진 기한까지 맡은 확인 업무를 진행하고, 보류 안건은 추가 자료가 확보된 뒤 다시 논의합니다. 이 문서는 이용자에게 즉시 변경된 좌석이나 이용 시간을 통보하는 글이 아니라, 이번 논의에서 결정된 내용과 미결 사항 및 담당을 남기는 기록입니다.
이 내용은 당시 운영을 마치고 보관한 참고 자료입니다.",manual,ctx-d-038,original-synthetic:advanced-context-ko-1.0
c-7bbd073ebacc,"이번에 전달하는 본문
지난달 요리 교실에서는 신청 인원 변동으로 채소 꾸러미가 부족해 일부 수업의 배분량을 현장에서 조정했습니다. 운영 검토 때는 남은 재료를 다음 회차로 넘기자는 의견도 있었지만, 냉장 보관 기간과 알레르기 표시 문제를 함께 확인해야 한다는 결론이었습니다. 참고용으로 당시 배분표와 보관 점검 메모를 첨부합니다.
이번 토요일 수업부터는 참가자 한 명당 기본 재료 세트를 수업 시작 전에 배부하고, 추가 신청자는 남은 수량이 확인된 경우에만 받을 수 있습니다. 알레르기 대체 재료를 신청한 분은 접수대에서 별도 봉투를 받아 이름을 확인해 주세요. 재료가 모자라거나 표기가 다른 경우에는 임의로 교환하지 말고 담당 강사에게 바로 알려 주시기 바랍니다.

다음은 이전 운영 때 남긴 참고 자료이며 이번 본문과 구분해 보관합니다.
이전 운영의 보관 자료
지난 회차에는 강사별로 재료 상자를 나누어 보관했지만 수업 직전 수량을 다시 세는 과정에서 대체 재료가 기본 세트에 섞였습니다. 운영 담당자는 포장 색만으로 구분하면 알레르기 정보가 누락될 수 있다고 기록했고, 이후 점검표에 원재료명과 사용 기한을 함께 적기로 했습니다. 이 기록과 당시 배분표는 아래 작업 방법을 정리할 때 참고한 자료입니다.
작업을 시작하기 전에 신청 명단에서 전체 인원, 알레르기 대체 요청, 추가 신청 여부를 확인합니다. 명단의 변경 사항은 바로 표시하되, 이미 결제가 완료된 참가자와 현장 추가 요청자를 같은 수량으로 간주하지 않습니다. 확인이 끝나면 기본 세트와 대체 세트를 별도 작업대에 놓고 서로 섞이지 않도록 준비합니다.
각 포장에는 수업 날짜, 재료명, 수량, 대상자 이름을 적습니다. 냉장 보관이 필요한 항목은 일반 재료와 다른 상자에 넣고, 사용 기한이 짧은 재료는 점검표의 앞쪽에 표시합니다. 포장 중 재료가 부족하면 임의로 세트 구성을 바꾸지 말고 운영 담당자에게 추가 준비 가능 여부를 확인합니다.
배부 직전에는 담당자와 보조자가 신청 명단을 보면서 포장 수량과 이름을 서로 대조합니다. 대체 세트는 기본 세트와 함께 쌓아 두지 말고 별도 구역에 둔 뒤, 해당 참가자에게만 전달합니다. 표기가 맞지 않거나 이름이 확인되지 않는 봉투는 배부하지 말고 원인을 확인할 때까지 보류합니다.
배부가 끝나면 남은 기본 세트와 대체 세트의 수량을 각각 세어 점검표에 기록합니다. 폐기한 재료가 있으면 재료명과 사유, 처리 시각을 함께 적고 냉장 보관품은 다음 사용 가능 여부를 다시 확인합니다. 이 방법은 특정 회차의 결과를 보고하는 내용이 아니라, 같은 업무를 반복할 때 담당자가 따라야 할 공통 절차입니다.
이 내용은 당시 운영을 마치고 보관한 참고 자료입니다.",announcement,ctx-d-056,original-synthetic:advanced-context-ko-1.0
c-4f9fcea3fcc2,"모임 명찰은 이번 모임부터 현장에서 배부하지 않고 사전에 제작합니다. 참석자는 수요일 오후까지 신청서에 표시할 이름과 소속을 입력해 주세요. 입력 내용이 없으면 기본 이름으로 제작되며, 행사 당일 수정은 재출력 시간이 필요해 바로 반영되지 않을 수 있습니다.",announcement,ctx-d-029,original-synthetic:advanced-context-ko-1.0
c-8f4a582732d1,"이전 운영의 보관 자료
고객지원 운영 회의에서는 배송 지연 문의가 종료된 뒤에도 게시판에 주문번호와 연락처가 남아 있는 문제를 검토했습니다. 상담팀은 구매 내역과 운송장 상태를 확인한 뒤 고객에게 배송 일정을 안내한 사례를 제시했고, 결제 승인과 환불 여부가 이미 처리된 건은 게시판 관리 안건과 분리해야 한다고 설명했습니다. 정보보호 담당자는 고객 계정의 최근 접속 기록을 확인한 사례도 공유했지만, 해당 확인은 본인 인증 절차가 적절했는지 점검하기 위한 참고 사항이라고 밝혔습니다.

참석자들은 오래된 글을 모두 삭제하면 분쟁 처리 경위를 확인하기 어렵다는 점에 의견을 같이했습니다. 반면 공개 상태를 계속 유지하면 주문번호와 주소가 노출될 수 있으므로, 기본 공개 기간을 30일로 두고 이후에는 개인정보와 미종결 여부를 확인하기로 했습니다. 보관이 필요한 글은 원문을 내부 보관함에 남기되 공개 목록에서는 숨기고, 처리 사유와 담당자를 관리표에 기록하기로 결정했습니다.

배송 지연 건 가운데 판매자 답변을 기다리는 사례는 삭제하지 않고 담당 상담원에게 상태 확인을 맡기기로 했습니다. 이미 고객에게 배송 완료를 안내하고 상담을 종결한 글은 공개 기간이 지나면 보관 대상으로 넘기며, 같은 주문의 중복 글은 대표 상담 번호를 기준으로 묶기로 했습니다. 결제 재처리나 회원정보 변경은 이번 회의에서 결정할 업무가 아니며, 기존 기록에 오류가 발견될 때만 별도 절차로 접수하기로 했습니다.

개인정보가 포함된 글의 자동 숨김 기능은 개발팀이 가능 여부와 오탐 사례를 검토한 뒤 다음 회의에 보고하기로 보류했습니다. 그 전까지는 상담 담당자가 주문번호, 전화번호, 주소 포함 여부를 직접 확인하고 운영 책임자에게 판단이 어려운 건을 올립니다. 보관 기준 문구를 고객에게 어떻게 표시할지는 정보보호 담당자와 고객지원팀이 공동으로 초안을 작성하기로 했습니다.

이번 회의의 결정 사항은 30일 기준 적용, 미종결 상담의 우선 보관, 중복 글의 대표 번호 관리이며, 시행 준비는 운영 담당자가 맡습니다. 개발팀의 자동화 검토와 안내 문구 확정은 아직 끝나지 않았으므로 확정된 정책으로 기록하지 않기로 했습니다. 회의록의 목적은 과거 배송, 결제, 회원 확인 사례를 다시 처리하는 것이 아니라, 이번 게시판 운영 기준의 합의 내용과 보류 안건, 담당 역할을 남기는 데 있습니다.
이 내용은 당시 운영을 마치고 보관한 참고 자료입니다.

이번에 전달하는 본문은 다음과 같습니다.
이번에 전달하는 본문
지난달 게시판 점검에서 오래된 행사 안내와 중복 모집 글이 여러 건 남아 있는 것이 확인되었습니다. 이번 주 수요일부터 게시글의 기본 노출 기간은 30일로 바뀌며, 기간이 지난 글은 관리자 검토 뒤 보관함으로 이동합니다. 학생회 각 부서는 금요일까지 유지가 필요한 글의 사유와 희망 종료일을 관리 담당자에게 보내 주세요.

이전 운영 검토에서는 게시글을 일괄 삭제하자는 의견도 있었지만, 활동 기록으로 남겨야 할 자료가 있어 보관 절차를 두기로 했습니다. 새 게시판에서는 글 작성 시 담당 부서와 연락 가능한 내부 창구를 함께 적어야 하며, 수정이 필요한 글은 기존 글을 지우지 않고 변경 이력을 남깁니다. 변경된 기준은 다음 정기 점검부터 적용됩니다.",announcement,ctx-d-040,original-synthetic:advanced-context-ko-1.0
c-7a058f233023,공동 안내판의 분리배출 문구가 이번 주 금요일부터 바뀝니다. 각 층 담당자는 기존 종이를 떼고 새 문안을 부착해 주세요. 음식물이 묻은 용기는 일반 배출함에 넣도록 표시가 추가됩니다.,announcement,ctx-d-059,original-synthetic:advanced-context-ko-1.0
c-096019ee9daa,"이전 운영의 보관 자료
인쇄물 배부를 검토한 자리에서 안내 데스크만 사용할지 별관 휴게실을 추가할지를 논의했습니다. 안내 데스크 담당자는 접근성이 좋다고 했고, 자료 보관 담당자는 한곳에 몰리면 줄이 길어지고 수량 파악이 어렵다고 설명했습니다. 참석자들은 두 장소를 함께 쓰되, 오전에 수량을 나누어 기록하고 마지막 날 남은 자료를 회수하기로 결정했습니다. 배부 담당자는 중간 수량을 확인해 부족한 장소에 보관분을 옮기기로 했습니다.
이 내용은 당시 운영을 마치고 보관한 참고 자료입니다.

이번에 전달하는 본문은 다음과 같습니다.
이번에 전달하는 본문
이전에는 인쇄물을 한 장소에 몰아두어 수량 확인이 어려웠으므로, 배부 담당자는 두 장소의 자료를 따로 관리합니다. 오전에 각 묶음의 수량을 세어 배부표에 적고, 안내 데스크에는 전체의 절반을, 별관 휴게실에는 나머지를 둡니다. 중간에 한쪽 수량이 먼저 줄면 담당자에게 알린 뒤 보관분에서 옮기며, 마지막 날 오후에는 남은 자료를 회수해 수량과 함께 기록합니다.",manual,ctx-d-047,original-synthetic:advanced-context-ko-1.0
c-36670ba80151,"사전 점검에서 화면 출력은 정상으로 확인됐지만 무선 마이크에서 간헐적인 잡음이 발생했다. 기술 담당자는 수신기 배터리를 교체했고, 발표자는 이동할 때 잡음이 커지는지 다시 시험했다. 참석자들은 예비 마이크를 대기시키기로 했으며, 기술 담당자가 행사 시작 한 시간 전에 최종 상태를 확인하기로 했다.",minutes,ctx-d-009,original-synthetic:advanced-context-ko-1.0
c-ab14bf1e50b5,"실습이 끝나면 공구의 수량과 재료의 잔량을 반납표와 대조한다. 이상이 없으면 세척한 물품을 종류별 칸에 넣고 확인란에 표시하며, 파손이나 분실이 있으면 상태와 수량을 적은 뒤 담당자에게 즉시 알린다. 반납대가 닫힌 경우에는 물품을 임의로 두지 말고 잠금 보관함에 넣은 뒤 보관함 번호를 기록한다.",manual,ctx-d-045,original-synthetic:advanced-context-ko-1.0
c-5180de5814ba,"이번에 전달하는 본문
축제 부스 위치를 배정할 때는 먼저 신청서의 판매 품목과 전기, 급수 사용 여부를 확인한다. 음식 판매 부스는 급수 시설과 가까운 구역에 우선 배치하고, 체험 부스는 어린이 통행이 예상되는 구간을 막지 않도록 가장자리 칸을 선택한다. 같은 조건의 신청자가 여러 곳이면 반입 차량 크기와 설치 소요 시간을 비교해 배정 번호를 정한다.

배정표를 작성한 뒤에는 통행로 폭을 현장 도면과 대조하고, 전기 장비가 있는 부스에는 안전 확인표 제출 여부를 표시한다. 차량 진입 시간은 구역별로 나누며, 미제출 정보가 있으면 임의로 시간을 정하지 않고 단체에 확인을 요청한다. 우천으로 위치를 바꿀 때에는 음식 부스의 급수 접근성과 대피 통로를 다시 확인한 뒤 변경표를 저장한다.

다음은 이전 운영 때 남긴 참고 자료이며 이번 본문과 구분해 보관합니다.
이전 운영의 보관 자료
지난 운영 검토에서 지역 축제 부스의 전기 사용량과 통행로 폭을 다시 확인한 결과, 일부 신청 부스의 위치가 조정되었습니다. 이번 배정표에서는 체험 부스를 중앙 광장 가장자리로 옮기고, 음식 판매 부스는 급수 시설 가까운 구역에 배치했습니다. 참가 단체는 금요일 오후 네 시까지 배정 번호와 반입 차량 정보를 담당 창구에 알려 주시기 바랍니다.

설치 당일에는 배정표에 적힌 시간대에만 차량이 들어올 수 있으며, 전기 장비를 사용하는 부스는 안전 확인표를 함께 제출해야 합니다. 우천 시 위치 변경이 필요한 경우에는 행사 전날 저녁에 별도 안내를 보내고, 어린이 대상 프로그램은 통행로 확보를 위해 현장 담당자의 지시에 따라 일부 공간을 비울 수 있습니다.
이 내용은 당시 운영을 마치고 보관한 참고 자료입니다.",manual,ctx-d-007,original-synthetic:advanced-context-ko-1.0
c-a36b03a2aabc,"이전 운영의 보관 자료
벽화 작업 구역 운영을 논의한 회의에서는 통행로를 전면 폐쇄할지 우회로를 둘지를 검토했습니다. 시설 담당자는 자재 운반 시간에 방문객과 작업자가 충돌할 위험이 있다고 설명했고, 작업팀은 오전 반입이 끝나면 동쪽 통로를 사용할 수 있다고 의견을 냈습니다. 참석자들은 기존 배치도와 지난 점검 사진을 참고 자료로 확인했습니다.

회의에서는 첫날 운영 방식을 우선 정하기로 했습니다. 참석자들은 7월 3일 오전에는 동쪽 통로를 폐쇄하고 자재 반입을 마친 뒤 오후에 안전 상태를 다시 평가하기로 결정했습니다. 전면 폐쇄를 계속할지는 첫날 현장 사진과 통행량을 확인한 후 판단하기로 했습니다.

우회 안내판 설치와 통행선 표시는 시설팀이 맡고, 작업팀은 오전 11시까지 현장 사진과 자재 반입 완료 여부를 공유하기로 했습니다. 시설 담당자는 오후 재평가 결과를 참석자들에게 전달하며, 작업팀은 통제선이 유지되는 동안 방문객이 안쪽으로 들어오지 않도록 안내합니다. 이 담당 배정은 이번 회의에서 새로 정한 사항입니다.

비가 올 때 작업 일정을 어떻게 바꿀지는 예보와 벽면 습도 측정 결과를 확인한 뒤 다음 회의에서 정하기로 보류했습니다. 통제 해제 시각도 건조 상태를 확인해야 하므로 이번 회의에서 확정하지 않았습니다. 따라서 참고 자료에 적힌 기존 일정이나 일반 작업 절차가 해제 시각을 결정한 것으로 보지는 않습니다.

이번 회의의 결정은 첫날 동쪽 통로를 폐쇄하고 오후에 안전 상태를 재평가하는 것입니다. 시설팀은 안내판 설치와 결과 공유를 담당하고, 작업팀은 오전 11시 현장 사진을 제출합니다. 전면 폐쇄의 지속 여부와 우천 시 일정은 보류 안건으로 남겼으며, 다음 회의에서 확인할 담당 자료와 판단 기준을 다시 검토하기로 했습니다.
이 내용은 당시 운영을 마치고 보관한 참고 자료입니다.

이번에 전달하는 본문은 다음과 같습니다.
이번에 전달하는 본문
벽화 작업 전에는 구역 양끝에 통제 표지를 세우고 바닥의 먼지와 물기를 제거한다. 도료를 개봉할 때는 색상 번호와 제조일을 작업표와 대조하며, 혼합한 도료는 용기에 개봉 시각을 적어 당일 사용분으로 구분한다. 비가 오거나 표면 습도가 기준을 넘으면 도색을 중지하고 덮개를 설치한다. 작업을 재개할 때는 벽면이 완전히 마른 뒤 작은 면적에 시험 도장을 하고 색 차이가 없을 때 전체 구역을 진행한다. 통제 표지는 마지막 도료가 굳은 뒤에도 통행로의 미끄럼 여부를 확인할 때까지 유지한다. 지난 점검에서 통로 가장자리에 페인트 자국이 남은 사례가 있어, 종료 시 바닥 사진을 남기고 시설 담당자 확인을 받도록 절차를 보완했다. 사진은 작업 기록함에 보관한다.",manual,ctx-d-024,original-synthetic:advanced-context-ko-1.0
c-bff83ddb9e9d,"이번에 전달하는 본문
지난달 운영 검토에서는 저녁 시간대 연습실 입실이 겹칠 때 대기자가 복도에 몰리고, 예약자 확인에도 시간이 걸린다는 의견이 나왔습니다. 당시에는 시범 운영 뒤 이용자 반응을 확인하기로 했으며, 출입 기록과 민원 내용을 함께 살펴본 결과 별도 안내가 필요하다는 결론을 냈습니다. 참고로 검토 자료에는 관리자 확인 후 입실하는 절차와 악기 보관함 사용 시간을 분리하는 방안이 정리되어 있습니다.
이번 주 월요일부터 모든 예약자는 시작 10분 전 안내 데스크에서 예약 화면을 확인받은 뒤 입실해 주세요. 예약 시간보다 일찍 도착해도 앞 팀의 정리 시간이 끝날 때까지 복도에서 기다려야 하며, 확인이 되지 않은 동행자는 연습실 안으로 들어갈 수 없습니다. 변경된 출입 방식은 다음 달 말까지 적용하고, 이용 중 불편한 점은 당일 근무자에게 알려 주시면 운영 검토 자료에 반영하겠습니다.

다음은 이전 운영 때 남긴 참고 자료이며 이번 본문과 구분해 보관합니다.
이전 운영의 보관 자료
저녁 연습실 근무자는 예약자 입실을 처리할 때 아래 순서를 반복해서 적용해 주십시오. 먼저 당일 예약 목록에서 예약자의 이름, 이용 시간, 연습실 번호를 확인하고, 예약 화면에 표시된 동행 인원도 함께 대조합니다. 이 절차는 담당자가 교대하더라도 같은 기록과 판단 기준을 사용하기 위한 것입니다.
예약자가 시작 10분보다 일찍 도착하면 앞 팀의 정리 상태를 확인한 뒤 복도 대기 위치를 안내합니다. 이용 시간이 되었고 앞 팀이 퇴실했다면 예약 화면을 다시 확인하고, 실제 입실 인원이 등록된 동행 인원과 일치하는지 살펴봅니다. 인원이 맞을 때만 출입 시각을 기록한 뒤 문을 열어 주세요.
동행자가 예약 정보와 다르면 현장에서 임의로 허용하지 말고 당일 관리자에게 확인을 요청합니다. 뒤늦게 도착한 동행자는 기존 입실 기록을 고치지 말고 추가 입실 시각과 이름을 별도로 적습니다. 예약 화면을 확인할 수 없는 경우에도 구두 설명만으로 처리하지 말고 담당자에게 연락한 뒤 지시에 따라 주세요.
지난 운영 검토에서 시작 전 입실과 동행자 확인 지연 사례를 살폈으며, 관리자에게 구두로 예약 내용을 전달하던 방식은 기록이 남지 않아 제외했습니다. 참고용 점검표에는 출입 시각, 예약 인원, 실제 인원, 관리자 확인 여부를 적도록 되어 있습니다. 악기 보관함 사용 시간은 이 입실 절차와 별도로 관리하므로 해당 기록을 대신 사용하지 않습니다.
시범 적용 기간에는 매일 마감 전에 출입 기록의 누락 여부를 확인하고, 예외 처리 건은 야간 담당자에게 전달합니다. 이용자에게 변경 내용을 설명하는 일은 별도 안내에 따르며, 이 문서에서는 근무자가 현장에서 입실을 확인하고 기록하는 방법만 다룹니다. 같은 상황이 다시 발생해도 임의의 예외를 만들지 말고 위 순서와 연락 기준을 재사용해 주십시오.
이 내용은 당시 운영을 마치고 보관한 참고 자료입니다.",announcement,ctx-d-026,original-synthetic:advanced-context-ko-1.0
c-38c8a92bb678,"산책로 시설 점검으로 오늘 오전 9시부터 일부 구간의 통행이 제한됩니다. 이용자는 북쪽 우회로를 이용하고, 안내 표지와 안전선이 설치된 구역에는 들어가지 말아 주세요. 점검이 끝나는 대로 개방 시각을 다시 알립니다.",announcement,ctx-d-015,original-synthetic:advanced-context-ko-1.0
c-6d66613bbd03,"이전 운영의 보관 자료
지난 겨울 난방기와 창가 사이의 온도 차이를 충분히 확인하지 않은 채 화초를 옮겨 잎이 마른 사례가 있었습니다. 이후 관리 검토에서는 이동 전 위치의 온도와 통행 폭을 확인하고, 이동 뒤 일주일 동안 잎과 흙 상태를 기록하기로 했습니다. 당시 복도 쪽으로 옮긴 화분의 상태 확인은 이미 끝났으며, 그 기록은 아래 절차를 적용할 때 참고합니다.

화초 이동을 시작하기 전에 새 위치가 난방기에서 1미터 이상 떨어져 있는지 확인합니다. 창문 바로 앞인지, 사람이 지나는 통로를 좁히는지, 바닥에 물기가 있는지도 차례로 살핍니다. 조건을 충족하지 못하면 화분을 들지 말고 시설 담당자에게 위치 재검토를 요청합니다.

이동할 때는 먼저 바닥의 물기를 닦고 화분 받침을 준비합니다. 한 사람이 화분의 중심을 잡고 다른 사람이 양쪽을 들어 흙이 흔들리지 않게 옮기며, 큰 화분은 혼자 들지 않습니다. 이동 중 잎이나 줄기가 벽에 닿으면 잠시 멈춰 방향을 조정하고, 무리하게 끌지 않습니다.

도착한 뒤에는 화분이 받침 중앙에 놓였는지와 난방기와의 거리를 다시 확인합니다. 담당자는 잎의 처짐, 잎 끝의 마름, 흙 표면의 건조 정도를 관리표에 기록하고 이동 날짜와 위치도 함께 적습니다. 잎이 급격히 처져도 즉시 물을 추가하지 말고, 흙 상태를 확인한 뒤 이상 내용을 담당자에게 보고합니다.

이동 후 일주일 동안은 매일 같은 시간에 상태를 관찰해 기록을 남깁니다. 일주일이 지나면 담당자가 기록을 검토해 위치를 유지할지, 조건을 바꿔 다시 점검할지 결정합니다. 이 문서는 특정 금요일의 이동을 알리는 글이 아니라, 이후 같은 작업을 수행할 때 반복해서 사용할 확인 순서와 예외 대응을 정리한 것입니다.
이 내용은 당시 운영을 마치고 보관한 참고 자료입니다.

이번에 전달하는 본문은 다음과 같습니다.
이번에 전달하는 본문
지난 겨울 실내 화초의 위치를 바꾼 뒤 창가의 온도 차이로 잎이 상한 사례가 있어, 관리 기록과 이동 검토 내용을 함께 참고합니다. 당시에는 난방기 가까운 화분을 복도 쪽으로 옮기고 일주일 동안 상태를 살피기로 했습니다.

이번 점검에 따라 큰 화초는 금요일 오후에 2층 휴게 공간에서 1층 안쪽 로비로 이동합니다. 이동 당일에는 해당 구역의 통행을 잠시 제한하고, 화분을 맡은 담당자는 이동 후 잎과 흙 상태를 확인해 관리표에 기록해 주세요. 새 위치에 적응할 때까지 화초를 다시 옮기거나 창문 바로 앞에 두지 않습니다.",announcement,ctx-d-048,original-synthetic:advanced-context-ko-1.0
c-726b105b441e,"이전 운영의 보관 자료
목공실 집진기 관리 기준은 지난 운영 검토와 한 달간의 시범 기록을 바탕으로 정리되었습니다. 시범 기간에는 표시선과 흡입력 저하를 함께 적도록 했고, 일부 장비는 표시선에 이르기 전에 호스 연결부가 막힌 것으로 확인되었습니다. 해당 장비의 청소와 수리는 이미 완료되었으며, 그 결과는 아래 절차의 판단 기준을 보완하는 참고 자료로만 사용합니다.

작업을 마친 이용자는 먼저 집진기 전원을 끄고 필터함의 먼지 높이를 확인합니다. 먼지가 표시선 아래이면 필터함을 닫고 작업을 종료할 수 있지만, 표시선에 닿았거나 흡입력이 약하면 전원을 차단한 상태에서 호스 연결부와 흡입구를 살핍니다. 큰 조각이 걸린 경우에는 손을 넣지 말고 전용 솔을 사용하며, 모터를 켠 채 막힘을 제거하려고 해서는 안 됩니다.

필터가 가득 찼거나 막힘을 제거한 뒤에도 흡입력이 회복되지 않으면 점검표에 장비 번호, 확인 시각, 증상을 기록합니다. 이어서 사용 중지 표지를 걸고 시설 담당자에게 알리며, 같은 장비를 다른 이용자가 다시 작동하지 않도록 상태를 표시합니다. 단순히 주변 바닥에 먼지가 남은 경우에는 장비 이상으로 처리하지 말고, 집진기 점검과 별도로 주변 청소를 완료합니다.

시설 담당자는 기록을 확인한 뒤 전원을 차단하고 필터를 분리합니다. 필터의 먼지는 지정 용기에 털어내고, 균열이나 찢김, 가장자리 변형이 있는지 검사하며, 호스와 흡입구의 막힘도 함께 확인합니다. 필터를 다시 끼운 뒤에는 짧게 작동시켜 누설음과 흡입 상태를 확인하고, 이상이 남으면 교체 요청으로 넘깁니다.

점검 결과와 조치 내용은 장비별 기록에 남겨 다음 작업자가 같은 기준을 적용할 수 있게 합니다. 이미 처리된 고장 신고를 반복 접수하거나, 표시선에 닿지 않은 장비의 필터를 임의로 분리하는 것은 이 절차에 포함되지 않습니다. 이 문서는 특정 회의의 결론을 알리는 글이 아니라, 상태 확인부터 사용 중지와 복구 확인까지 반복해서 적용할 실행 순서를 제공하기 위한 것입니다.
이 내용은 당시 운영을 마치고 보관한 참고 자료입니다.

이번에 전달하는 본문은 다음과 같습니다.
이번에 전달하는 본문
목공실 집진기 점검을 주제로 한 운영 검토에서 필터 교체 주기를 고정할지, 상태 표시선에 따라 관리할지를 논의했다. 시설 담당자는 작업량이 주마다 달라 고정 주기는 낭비가 생길 수 있다고 설명했고, 강사들은 표시선 확인을 수업 종료 절차에 넣으면 누락을 줄일 수 있다고 의견을 냈다. 한 참석자는 필터함을 자주 열면 먼지가 날릴 수 있으므로 기록 담당자를 따로 두자고 제안했다.

논의 끝에 참석자들은 우선 한 달 동안 상태 표시선과 흡입력 저하를 함께 기록하고, 표시선 도달 시 사용을 중단하는 안을 채택했다. 강사들은 각 수업 종료 때 확인을 맡고, 시설 담당자는 금요일마다 기록을 모아 필터 상태를 검토하기로 했다. 기록 양식은 운영 지원 담당자가 이번 주 안에 배포하며, 한 달 뒤 결과를 바탕으로 교체 기준을 확정한다. 별도 담당자 지정안은 기록이 쌓인 뒤 다시 검토하기로 보류했다.",minutes,ctx-d-016,original-synthetic:advanced-context-ko-1.0
c-31df0d1ece5e,"이전 운영의 보관 자료
배송 지연 문의를 처리할 때는 먼저 고객이 제시한 주문번호를 주문관리 화면에서 조회하고, 주문자명과 결제 완료 시각을 함께 대조합니다. 결제 승인 전 상태이거나 결제가 취소된 주문은 배송 지연 절차로 넘기지 말고 결제 상태에 맞는 안내를 선택해야 합니다. 이미 환불이 완료된 주문은 환불 처리 시각과 사유를 기록한 뒤 배송 조회 대상에서 제외합니다.

다음으로 배송지, 수취인 연락처, 운송장 번호를 확인하고 택배사 조회 화면의 마지막 스캔 시각을 입력합니다. 회원정보의 전화번호와 주문 당시 입력된 번호가 다를 수 있으므로, 상담원이 임의로 회원정보를 주문 정보에 덮어쓰지 않도록 주의해야 합니다. 주소 변경 요청이 접수된 경우에는 집화 전인지 후인지 확인하고, 집화가 끝났다면 변경 가능 여부를 택배사 기준에 따라 표시합니다.

지난달 처리 검토에서는 운송장 번호가 생성되었지만 실제 집화가 되지 않은 주문을 정상 배송으로 분류한 사례가 확인되었습니다. 그래서 운송장 생성 여부만으로 배송 시작을 판단하지 않고, 택배사 첫 스캔 기록과 주문 상태를 함께 확인하도록 절차를 보완했습니다. 당시 검토표와 배송비 보상 내역은 교육용 참고 자료이며, 같은 보상을 다시 등록하는 근거로 사용하지 않습니다.

지연 조건에 해당하면 상담 화면의 배송 지연 유형을 선택하고, 고객에게 예상 확인 시점과 필요한 추가 정보를 안내합니다. 물류팀 확인이 필요한 경우 주문번호, 운송장 번호, 마지막 스캔 시각을 한 묶음으로 전달하고, 회신이 오면 상담 기록에 결과를 남깁니다. 연락처가 잘못된 경우에는 고객에게 회원정보 수정을 안내하되, 상담원이 비밀번호나 인증번호를 받아 대신 수정하지 않습니다.

처리가 끝난 뒤에는 배송 상태, 보상 여부, 고객에게 전달한 안내를 순서대로 저장하고 중복 문의 여부를 확인합니다. 이번 절차의 목적은 결제 완료 주문 중 실제 집화가 지연된 건을 일관되게 판별하고 후속 확인을 남기는 데 있습니다. 과거 사례를 다시 검토하거나 회원정보를 정리하는 것이 이번 작업의 별도 목표는 아니며, 담당자는 위 순서에 따라 현재 접수된 배송 지연 문의만 처리해야 합니다.
이 내용은 당시 운영을 마치고 보관한 참고 자료입니다.

이번에 전달하는 본문은 다음과 같습니다.
이번에 전달하는 본문
지난달 출입 기록을 검토한 결과, 연구실별 공용 출입증 수량과 실제 사용 인원이 맞지 않는 사례가 확인되었습니다. 운영 담당자는 기존 교환 신청서를 바탕으로 야간 사용 권한이 있는 인원의 증명서를 다시 대조했으며, 분실 신고가 접수된 카드는 별도 보관하기로 했습니다. 이번 조정은 보안 점검 일정에 맞춰 진행되며, 각 연구실 대표에게 변경 대상과 제출 양식을 순차적으로 전달합니다.

교환 대상자는 다음 주 수요일 오후 다섯 시까지 기존 출입증을 행정실 수거함에 넣고 새 카드 수령이 필요한 경우 신청서의 수령란을 확인해 주시기 바랍니다. 회수되지 않은 카드는 같은 날 저녁 사용 정지되며, 이후에는 담당자에게 사유를 알려야 재발급 절차를 안내받을 수 있습니다. 방문 연구원 카드는 이번 조정에서 제외되지만 유효기간이 끝난 카드는 별도 반납해야 합니다.",announcement,ctx-d-006,original-synthetic:advanced-context-ko-1.0
c-45c4df559c2a,"마을 창고 열쇠 보관함의 비밀번호가 5월 1일에 변경됩니다. 이후 창고를 이용하는 분은 새 번호를 관리 담당자에게 확인하고, 사용 후 열쇠를 보관함에 넣은 뒤 잠금 상태를 확인해 주세요.",announcement,ctx-d-005,original-synthetic:advanced-context-ko-1.0
c-b5fc6e25ec61,"이전 운영의 보관 자료
이번 주 화요일 고객지원 회의에서는 결제는 완료되었지만 배송 상태가 갱신되지 않는 주문의 처리 기준을 논의했습니다. 운영 담당자는 최근 문의 중 운송장만 생성되고 택배사 집화 기록이 없는 건이 반복되었다고 보고했습니다. 상담팀은 주문 당시 연락처와 현재 회원정보가 달라 안내가 전달되지 않은 사례도 있었지만, 이를 배송 지연의 직접 원인으로 단정해서는 안 된다고 설명했습니다.

물류 담당자는 지난달 지연 주문 목록을 다시 확인한 결과, 일부 건은 이미 집화되었고 일부는 배송비 보상까지 완료되었다고 밝혔습니다. 참석자들은 완료된 환불이나 보상 건을 이번 회의의 신규 처리 대상으로 다시 올리지 않기로 했습니다. 첨부된 주문별 상태표와 이전 상담 기록은 발언을 확인하기 위한 참고 자료로 사용했으며, 그 자료 자체를 새 업무 지시로 채택하지는 않았습니다.

논의 끝에 결제 완료 후 영업일 하루가 지나도 첫 집화 기록이 없으면 상담팀이 물류팀에 확인 요청을 보내기로 결정했습니다. 상담팀은 주문번호와 운송장 번호를 취합하고, 물류팀은 다음 영업일 오후까지 집화 여부와 예상 이동 시점을 회신합니다. 회원정보의 연락처가 오래된 경우에는 상담팀이 고객에게 직접 수정을 안내하되, 계정 정보를 대신 변경하지 않기로 했습니다.

주소 변경 문제는 집화 전 주문에 한해 운영팀이 가능 여부를 확인하고, 집화 후 주문은 택배사 기준을 따르기로 했습니다. 자동 알림 문구는 초안까지 작성했으나 보상 대상과 발송 시점은 법무 검토가 끝나지 않아 최종 확정을 보류했습니다. 보류된 문구를 당장 고객에게 발송하지 않으며, 법무 담당자가 다음 회의 전 검토 결과를 공유하기로 했습니다.

이번 회의의 결정 사항은 지연 판단 기준과 부서별 확인 책임을 기록하는 것이며, 과거 주문을 일괄 재처리하는 것이 아닙니다. 운영 담당자는 회의록에 기준표와 담당자별 기한을 첨부하고, 상담팀장은 실제 적용 전 테스트 주문 세 건을 점검합니다. 테스트 결과와 보상 문구 확정 여부는 다음 회의에서 다시 확인하기로 했습니다.
이 내용은 당시 운영을 마치고 보관한 참고 자료입니다.

이번에 전달하는 본문은 다음과 같습니다.
이번에 전달하는 본문
연구실 출입증을 교환할 때는 먼저 카드 뒷면의 관리번호와 보관대장을 대조한다. 사용자가 재직 연구원인지 공동 장비 이용자인지 확인한 뒤 권한 구분을 선택하고, 야간 출입이 필요한 경우에는 지도 담당자의 승인 기록을 함께 확인한다. 분실 신고 카드나 회수 상태가 불분명한 카드는 새 카드 발급 목록에 넣지 말고 별도 봉투에 보관한다.

지난 운영 검토에서는 여러 연구실의 신청서를 한꺼번에 처리하면서 만료 카드가 누락된 사례가 있었다. 따라서 담당자는 신청서의 기존 카드 번호, 교환 사유, 새 카드 수령 여부를 순서대로 입력하고, 입력이 끝난 목록을 다른 담당자와 대조해야 한다. 카드 수령 시에는 본인 확인 후 서명받고, 미수령 카드는 보관함에 넣어 일주일 뒤 상태를 다시 확인한다.

이번 개정에서는 방문 연구원 카드를 일반 교환 목록과 분리하도록 조건을 추가했다. 방문 기간이 끝난 경우에는 교환하지 않고 반납 처리하며, 기간이 남아 있으나 권한 변경이 필요한 경우에만 담당 승인 후 새 카드를 발급한다.",manual,ctx-d-006,original-synthetic:advanced-context-ko-1.0
c-4f60103b7426,"이전 운영의 보관 자료
대본 검토 회의에서는 진행자 소개를 첫 장면 뒤로 옮길지와 자막에 실제 송출 시각을 넣을지를 논의했습니다. 편집 담당자는 장면 전환이 짧아 소개를 늦추면 호흡이 빠듯하다고 했고, 작가는 시청자가 방송 시간을 바로 확인할 수 있어야 한다고 설명했습니다. 최종적으로 소개 순서는 유지하되 두 번째 문장을 줄이고, 자막에는 송출 시각을 넣기로 결정했습니다. 편집 담당자가 금요일 오전까지 수정본을 만들고 진행자가 녹음 전에 읽어 보기로 했습니다.
이 내용은 당시 운영을 마치고 보관한 참고 자료입니다.

이번에 전달하는 본문은 다음과 같습니다.
이번에 전달하는 본문
방송 대본을 수정할 때는 먼저 녹음본의 시간표와 진행자 큐시트를 대조합니다. 소개 순서가 달라졌으면 해당 문단의 번호를 바꾸고, 자막 시간은 송출 기준 시각으로 다시 계산합니다. 수정한 문장은 원문과 구별되도록 표시한 뒤 출연자 대사, 자막 파일, 진행자용 큐시트에 같은 내용이 반영됐는지 확인합니다. 녹음이 이미 끝난 구간을 고칠 경우에는 재녹음 여부를 제작 책임자에게 확인하고, 승인 전에는 최종본으로 배포하지 않습니다.",manual,ctx-d-057,original-synthetic:advanced-context-ko-1.0
c-ccd837a19541,"이전 운영의 보관 자료
지난달 목공실 운영 점검에서는 집진기 필터에 톱밥이 예상보다 빠르게 쌓이는 사실이 확인되었습니다. 시설 담당자는 사용 종료 후 흡입구와 호스를 살피고, 필터 상태를 기록하는 방안을 제안했습니다. 당시에는 작업자별 점검표를 한 달간 시범 운영한 뒤 정식 적용 여부를 결정하기로 했으며, 기존 점검 기록은 이번 안내를 마련하기 위한 참고 자료로 검토되었습니다.

시범 운영 기간에는 수업 종료 뒤 필터함의 표시선을 확인하는 방식이 적용되었습니다. 일부 장비에서 표시선에 도달하기 전에 흡입력이 약해지는 사례가 있었지만, 점검표 작성 자체는 큰 누락 없이 이루어졌습니다. 시설 담당자는 금요일마다 기록을 모아 필터 청소가 필요한 장비를 구분했고, 이미 청소를 마친 장비의 점검 결과는 이번 변경의 배경으로만 반영했습니다.

검토 과정에서 모든 이용자가 같은 순서로 상태를 확인해야 기록의 비교가 가능하다는 의견이 나왔습니다. 또한 필터함을 열기 전에 전원을 끄도록 명시하지 않으면 안전사고 위험이 남는다는 지적도 있었습니다. 이 내용은 이용자에게 새로 요구할 사항을 정하는 과정에서 참고되었으며, 과거에 제출된 점검표를 다시 작성하라는 뜻은 아닙니다.

다음 주 월요일부터 목공실의 모든 이용자는 작업을 마친 뒤 집진기 전원을 끄고 필터함의 표시선을 확인해 주시기 바랍니다. 표시선에 닿았거나 흡입력이 약해진 경우에는 기계를 다시 작동하지 말고 작업대 옆 점검표에 장비 번호와 확인 시각, 상태를 적어 주세요. 이미 접수된 고장 신고를 다시 제출하는 것이 아니라, 앞으로 발생하는 상태를 같은 기준으로 알리는 절차입니다.

관리 담당자는 매주 금요일 기록을 확인해 청소 또는 점검 일정을 안내합니다. 청소가 끝날 때까지 해당 집진기는 사용이 제한되며, 이용자는 다른 장비를 임의로 분해하지 말아야 합니다. 이번 안내의 목적은 새 점검 의무와 적용 시점, 이용자가 해야 할 기록을 전달하는 것이며, 필터 교체 주기를 확정하거나 개별 수리 결과를 통보하는 내용은 아닙니다.
이 내용은 당시 운영을 마치고 보관한 참고 자료입니다.

이번에 전달하는 본문은 다음과 같습니다.
이번에 전달하는 본문
목공실 집진기 관리 방식은 지난 운영 검토에서 정리한 기준을 바탕으로 다음과 같이 처리한다. 필터함의 먼지 높이가 표시선 아래이면 작업을 계속할 수 있고, 표시선에 닿으면 전원을 끈 뒤 호스 연결부와 흡입구에 막힘이 있는지 살핀다. 흡입구에 큰 조각이 걸린 경우에는 손으로 꺼내지 말고 전원 차단 상태에서 전용 솔을 사용한다.

필터가 가득 찼거나 흡입력이 회복되지 않으면 점검표에 장비 번호, 확인 시각, 증상을 기록하고 사용 중지 표지를 건다. 담당자는 기록을 확인해 필터를 분리하고 먼지를 지정 용기에 털어낸 뒤, 균열이나 찢김이 없는지 검사한다. 필터를 다시 끼운 후에는 짧게 작동시켜 누설음과 흡입 상태를 확인하며, 이상이 남으면 교체 요청으로 넘긴다. 작업 중 발생한 먼지가 바닥에 쌓인 경우에는 집진기 점검과 별도로 주변 청소도 완료해야 한다.",manual,ctx-d-016,original-synthetic:advanced-context-ko-1.0
c-1746df72127d,"이전 운영의 보관 자료
벽화 작업을 시작하기 전에 작업자는 구역 양끝에 통제 표지를 세우고 출입선을 확인합니다. 바닥에 남은 먼지와 물기를 제거한 뒤 통로 가장자리까지 사진으로 기록하며, 표지가 흔들리거나 통행선이 불명확하면 작업을 시작하지 않습니다. 자재 반입이 끝났는지도 시설 담당자와 함께 확인합니다.

도료를 개봉할 때에는 색상 번호, 제조일, 보관 상태를 작업표와 대조합니다. 혼합한 도료 용기에는 색상과 개봉 시각을 적고 당일 사용분과 보관분을 구분하며, 남은 도료를 다른 색상 용기에 옮겨 담지 않습니다. 지난 점검에서 용기 표시가 누락된 사례가 있었으므로 작업표의 확인란을 작성한 뒤 다음 단계로 넘어갑니다.

비가 오거나 표면 습도가 기준을 넘으면 도색을 중지하고 벽면과 자재에 덮개를 설치합니다. 중지 시각과 당시 습도, 사용 중인 도료의 상태를 작업 기록에 남기며, 덮개가 벽면에 직접 닿아 도료를 훼손하지 않는지 확인합니다. 날씨가 좋아졌다는 이유만으로 즉시 재개하지 말고 시설 담당자에게 상태를 공유합니다.

작업을 재개할 때에는 벽면이 완전히 마른 뒤 작은 면적에 시험 도장을 합니다. 시험 부위의 색 차이와 접착 상태를 확인하고 이상이 없을 때만 전체 구역을 진행하며, 문제가 있으면 도료 번호와 표면 상태를 기록해 작업 책임자에게 보고합니다. 재개 판단에 참고한 사진과 측정값은 작업 기록함에 함께 보관합니다.

마지막 도료가 굳은 뒤에도 통제 표지는 바로 철거하지 않습니다. 작업자는 바닥의 미끄럼 여부와 페인트 자국을 확인하고 종료 사진을 남긴 뒤 시설 담당자의 확인을 받아야 하며, 확인 전에는 통행로를 개방하지 않습니다. 이 절차는 작업 전 준비, 중단과 재개, 종료 점검에 반복 적용하며, 특정 날짜의 통제 공지를 대신하는 내용은 아닙니다.
이 내용은 당시 운영을 마치고 보관한 참고 자료입니다.

이번에 전달하는 본문은 다음과 같습니다.
이번에 전달하는 본문
벽화 작업 구역은 7월 3일 오전 9시부터 통제됩니다. 작업에 참여하지 않는 사람은 동쪽 통로를 이용하고, 인근 점포의 물품 반입은 오전 8시 30분까지 마쳐 주세요. 통제 해제 시각은 현장 건조 상태를 확인한 뒤 별도로 알립니다. 기존 작업 일정은 지난 검토에서 조정된 내용을 반영했습니다. 현장 안내판은 전날 오후에 설치하며, 문의는 시설 담당자에게 전달해 주세요.",announcement,ctx-d-024,original-synthetic:advanced-context-ko-1.0
c-fac57357abb2,"이번에 전달하는 본문
지난 강좌 운영 검토에서는 모바일 접속자의 출석 누락과 보충 시청 문의가 많았다는 점을 확인했다. 이에 따라 다음 주 개강하는 온라인 강좌부터 출석 인정 기준과 확인 시간이 변경된다. 수강자는 매주 금요일 오후 6시까지 강의 화면의 출석 버튼을 눌러야 하며, 접속 기록이 남지 않은 경우에는 다음 영업일 정오까지 학습지원 창구에 문의해야 한다. 이미 수강 중인 과정에는 기존 기준이 유지되고, 새 강좌 신청자에게만 이번 변경이 적용된다. 강의별 출석 마감 시각은 첫 주 안내문에도 표시하며, 시스템 점검이 예정된 날에는 별도 연장 시간이 공지된다. 지난 검토에서 제안된 자동 출석 전환은 아직 시험 단계라 이번 적용 범위에 포함하지 않았다. 수강자는 개강 전에 본인 기기에서 출석 버튼이 정상적으로 보이는지 확인하고, 보이지 않으면 강좌 담당자에게 화면 캡처 없이 오류 내용을 전달하면 된다. 이번 안내의 목적은 운영 검토 내용을 다시 논의하는 데 있지 않고, 새 강좌 수강자에게 적용 시점과 필요한 확인 행동을 알리는 것이다.

다음은 이전 운영 때 남긴 참고 자료이며 이번 본문과 구분해 보관합니다.
이전 운영의 보관 자료
온라인 강좌의 출석 기록을 확인할 때는 먼저 수강자 계정으로 강의 화면에 접속하고, 출석 버튼이 표시되는지 살펴봅니다. 버튼을 누른 뒤 출석 완료 표시와 접속 시각이 함께 남았는지 확인하며, 표시가 없으면 강좌명과 발생 시각을 기록해 학습지원 창구에 전달합니다. 문의는 다음 영업일 정오 전까지 접수해야 합니다.

모바일 기기에서 버튼이 보이지 않으면 앱을 완전히 종료한 뒤 다시 실행하고, 가능하면 브라우저에서도 같은 강좌를 열어 확인합니다. 그래도 버튼이 나타나지 않거나 완료 표시가 사라지면 오류 내용을 담당자에게 전달합니다. 단순히 결제 완료 여부를 다시 확인하거나 회원정보를 수정하는 절차는 출석 누락 처리 단계에 포함하지 않습니다.

출석 기준을 적용할 때는 먼저 해당 과정이 기존 수강 과정인지 새로 개강하는 과정인지 구분합니다. 기존 과정에는 기존 마감 기준을 적용하고, 새 강좌는 첫 주 안내문에 적힌 마감 시각을 따릅니다. 시스템 점검이 출석 시간과 겹친 경우에는 별도 공지의 연장 시각을 기준으로 기록 여부를 판단합니다.

이 절차를 정리할 때 참고한 운영 검토에서는 모바일 화면에 출석 버튼이 늦게 표시되는 사례와 접속 기록만 남는 사례가 확인되었습니다. 자동 출석 전환은 시험 과정에서 누락 기록이 발생해 정식 기준으로 채택되지 않았으며, 이 사실은 현재 절차의 예외 판단을 위한 참고 사항입니다. 과거 검토 자료를 다시 승인하거나 특정 강좌의 일정을 변경하는 것이 이 절차의 목적은 아닙니다.

담당자는 문의를 받으면 수강자 계정, 강좌명, 접속 시각, 출석 완료 표시의 유무를 순서대로 확인합니다. 점검 연장이 적용되는 날에는 공지된 연장 시각과 접속 기록을 대조하고, 기준에 맞으면 처리 결과를 안내합니다. 이 문서는 출석 누락을 반복적으로 확인하고 예외를 처리하기 위한 공통 실행 순서입니다.
이 내용은 당시 운영을 마치고 보관한 참고 자료입니다.",announcement,ctx-d-044,original-synthetic:advanced-context-ko-1.0
c-e7fea09ebdc4,"이전 운영의 보관 자료
지난 화요일 열린 도서관 야간 운영 검토 회의에는 사서, 시설 담당, 학생 대표가 참석했습니다. 회의 자료에는 최근 한 달 동안 학생증 인식 오류가 네 차례 접수되었고 귀가 확인 누락도 있었다는 점검 결과가 첨부되었습니다. 이 자료는 논의의 근거로 확인했으며, 이미 접수된 오류를 다시 처리하는 안건은 이번 회의에서 다루지 않았습니다.

시설 담당은 교체 부품의 납품 일정과 작업에 필요한 휴관 범위를 설명했습니다. 학생 대표는 오후 늦게 이용하는 학생의 불편을 줄이려면 열람실만 제한하자는 의견을 냈고, 사서는 전체 이용 시간을 줄이는 편이 안내와 안전 확인에 유리하다고 말했습니다. 참석자들은 두 대안을 비교하면서 연구실 이용자 명단을 별도로 관리할 필요도 함께 검토했습니다.

논의 끝에 단말기 교체가 완료될 때까지 도서관 야간 이용을 오후 8시까지로 제한하기로 결정했습니다. 오후 8시 이후 신규 입장은 허용하지 않고, 내부 이용자는 오후 8시 20분까지 퇴실하도록 안내하기로 했습니다. 동아리 연구실 이용자는 담당 교사의 사전 확인을 받은 명단을 제출하도록 하되, 명단 변경을 받을 마감 시각은 결정하지 못했습니다.

시설 담당은 교체 예정일과 작업 완료 여부를 확인해 다음 회의 전까지 공유하기로 했습니다. 사서는 결정된 임시 운영 시간을 이용자에게 알리고, 서기는 회의 자료에 결정 사항과 미결 항목을 반영하기로 했습니다. 학생 대표가 요청한 주말 운영 예외와 명단 변경 마감 시각은 추가 자료가 필요해 보류했습니다.

이번 회의에서 확정된 것은 교체 기간의 오후 8시 제한과 연구실 사전 명단 제출이며, 정상 운영으로 돌아가는 날짜는 아직 정하지 않았습니다. 따라서 단말기 교체가 끝났다는 확인이나 주말 예외 승인으로 해석할 수 있는 결정은 기록하지 않습니다. 이 문서는 이용자에게 새 일정을 직접 지시하는 안내문이 아니라, 참석자들의 발언과 결정, 보류 사항, 후속 담당을 남기는 회의 기록입니다.
이 내용은 당시 운영을 마치고 보관한 참고 자료입니다.

이번에 전달하는 본문은 다음과 같습니다.
이번에 전달하는 본문
지난달 야간 출입 점검에서는 학생증 인식 오류와 귀가 확인 누락이 함께 보고되었습니다. 시설 담당은 출입 단말기를 교체하기로 했고, 도서관은 교체 기간 동안 이용 시간을 한시적으로 조정하기로 안내했습니다. 이번 주 월요일부터 금요일까지 야간 이용은 오후 8시까지 가능하며, 8시 이후에는 새로 입장할 수 없습니다. 이미 안에 있는 이용자는 안내 방송에 따라 8시 20분까지 퇴실해야 합니다. 동아리 연구실을 사용하는 학생은 담당 교사에게 사전 명단을 제출해야 하며, 명단에 없는 학생은 단말기 교체가 끝날 때까지 야간 출입이 제한됩니다. 교체가 완료되는 날에는 정상 운영 시간을 다시 알리겠습니다.",announcement,ctx-d-034,original-synthetic:advanced-context-ko-1.0
c-8143df7fd491,"어제 공동 우편함 관리 논의에서는 미수령 우편을 복도 선반에 두자는 의견과 별도 보관함을 설치하자는 의견이 나왔다. 참석자들은 분실 위험을 줄이기 위해 별도 보관함을 우선 사용하기로 했고, 시설 담당자는 이번 주 안에 열쇠와 표지판을 준비하기로 했다. 다음 점검 때 보관 기간을 다시 검토한다.",minutes,ctx-d-011,original-synthetic:advanced-context-ko-1.0
c-a36d1d5205cf,"이번에 전달하는 본문
자료실 문서 폐기 일정이 조정되어 알려드립니다. 보존 기간이 끝난 종이 문서는 24일까지 지정 수거함에 넣고, 전자 파일은 27일 오후에 일괄 삭제됩니다. 폐기 대상 목록에 이견이 있으면 22일까지 자료실 담당자에게 회신해 주세요.

다음은 이전 운영 때 남긴 참고 자료이며 이번 본문과 구분해 보관합니다.
이전 운영의 보관 자료
자료실 문서 폐기 기준을 검토하면서 종이 기록과 전자 파일을 같은 날 처리할지 논의했다. 보존 기간이 지난 자료라도 감사 대응에 필요한 경우가 있다는 의견이 나와, 담당자가 예외 목록을 먼저 확정하기로 했다. 최종적으로 종이 문서는 지정 수거함에 모으고 전자 파일은 백업 확인 뒤 삭제하기로 결정했으며, 목록 검토는 자료실 담당자가 맡는다. 다음 검토에서는 폐기 이력 보관 기간을 별도로 정하기로 했다.
이 내용은 당시 운영을 마치고 보관한 참고 자료입니다.",announcement,ctx-d-043,original-synthetic:advanced-context-ko-1.0
c-2ebda1d3f9dc,"이번에 전달하는 본문
지난 수업 뒤 열린 운영 검토에서는 재료 배분 오류가 두 차례 있었다는 보고가 나왔습니다. 강사는 수업 시작 전에 일괄 배부하자고 했고, 보조 담당자는 대체 재료를 별도 접시에 두면 혼동이 줄어든다고 제안했습니다. 냉장 보관 공간이 부족하다는 의견도 있어 모든 재료를 전날 포장하는 안은 보류했습니다.
논의 끝에 다음 회차에는 기본 세트를 입구에서 배부하고, 알레르기 대체분은 담당 강사가 직접 전달하기로 결정했습니다. 수량 확인은 보조 담당자가 맡고, 재료 부족이 확인되면 운영 담당자에게 즉시 보고하기로 했습니다. 다음 검토는 세 번째 수업이 끝난 뒤 열어 배분 오류와 남은 재료 처리 결과를 확인합니다.

다음은 이전 운영 때 남긴 참고 자료이며 이번 본문과 구분해 보관합니다.
이전 운영의 보관 자료
지난달 요리 교실에서는 신청 인원이 마감 뒤에도 변동되어 준비한 채소 꾸러미 수량과 실제 참석자 수가 맞지 않았습니다. 당시 운영팀은 일부 참가자에게 배분량을 줄여 제공했고, 수업 후 남은 재료는 냉장 보관 상태와 사용 기한을 확인한 뒤 폐기 여부를 기록했습니다. 그때 작성한 배분표와 보관 점검 메모는 이번 안내를 이해하기 위한 참고 자료로 첨부합니다.
이번 토요일 수업부터는 참가자 한 명당 기본 재료 세트를 수업 시작 전에 배부하는 방식으로 변경합니다. 추가 신청자는 현장에 남은 수량이 확인된 경우에만 받을 수 있으므로, 접수 완료만으로 추가 세트가 보장되지는 않습니다. 참가자께서는 입구에서 본인 이름과 세트 수량을 확인해 주시기 바랍니다.
알레르기 대체 재료를 미리 신청한 분은 접수대에서 별도 봉투를 받아 이름과 재료명을 확인해야 합니다. 봉투의 표시가 신청 내용과 다르거나 필요한 재료가 빠져 있으면 직접 교환하지 말고 담당 강사에게 즉시 알려 주십시오. 강사는 확인이 끝난 뒤에만 대체 재료를 전달합니다.
지난 운영 검토에서는 포장 색상만으로 기본 재료와 대체 재료를 구분하기 어렵다는 사실을 확인했습니다. 이에 따라 이번 변경에서는 이름, 수업 날짜, 재료명을 함께 표시하고, 배부 담당자와 참가자가 현장에서 대조하도록 합니다. 해당 검토는 이미 완료된 확인 절차이며, 별도의 추가 조사 신청을 받는다는 뜻은 아닙니다.
수업 전까지 알레르기 정보가 변경된 경우에는 접수대에 다시 알려 주셔야 안전한 봉투를 준비할 수 있습니다. 재료가 모자라거나 표기가 다를 때 임의로 다른 참가자의 세트를 가져가지 마시고 현장 담당자에게 문의해 주십시오. 이번 안내의 적용 대상은 이번 토요일 이후 해당 수업에 참석하는 모든 참가자입니다.
이 내용은 당시 운영을 마치고 보관한 참고 자료입니다.",minutes,ctx-d-056,original-synthetic:advanced-context-ko-1.0
c-763d22339294,"이번에 전달하는 본문
지난 시설 운영 회의에서는 탁구실 예약 취소가 늦게 알려져 이용자가 현장까지 오는 문제가 논의됐다. 관리 담당자는 전기 점검 일정이 바뀌면 즉시 예약을 막아야 한다고 했고, 회계 담당자는 환불 처리 시점을 안내문에 명시하자고 제안했다. 참석자들은 점검 공지가 들어오면 예약을 먼저 중지하고, 취소 대상자에게 같은 날 문자와 게시판 안내를 함께 보내기로 결정했다. 환불은 결제 수단별 처리 기간을 확인한 뒤 개별 안내하기로 했으며, 무료 예약의 대체 시간 제공 여부는 이용 수요를 본 뒤 정하기로 보류했다. 예약 중지와 안내 발송은 시설 담당자가 맡고, 회계 담당자는 다음 회의 전까지 환불 기준표를 정리한다. 회의 후반에는 보관 물품 수령 절차도 검토했지만, 신분 확인 방식에 대한 합의가 없어 기존 절차를 유지하기로 했다. 아래 기록은 지난번 취소 사례에서 사용한 안내 문구와 처리 시각을 참고용으로 붙인 것이다. 당시에는 점검 종료가 늦어져 재개 시각을 두 차례 수정했으며, 참석자들은 같은 혼선을 되풀이하지 않도록 확정 전 시각을 공지하지 않기로 했다. 이번 회의의 결정은 이 원칙을 다음 점검에도 적용한다는 데까지 확인됐다.

다음은 이전 운영 때 남긴 참고 자료이며 이번 본문과 구분해 보관합니다.
이전 운영의 보관 자료
오늘 저녁 예정된 탁구실 예약은 건물 전기 점검이 연장되어 취소되며, 해당 시간에는 이용자와 동행인의 출입이 제한됩니다. 이미 예약한 팀은 예약 번호를 확인해 다음 주 같은 시간대의 우선 예약을 신청할 수 있고, 결제한 이용료는 결제 수단별 절차에 따라 순차적으로 환불됩니다. 새 시간대를 원하시는 경우 기존 신청 번호를 적어 예약 시스템에서 다시 접수해 주시기 바랍니다.

보관함에 개인 장비를 둔 팀은 내일 오전부터 관리 담당자에게 연락해 물품 수령 가능 여부를 확인해 주세요. 방문 전 신분과 보관 물품을 대조해야 하므로 담당자의 확인 없이 시설 안으로 들어갈 수 없습니다. 수령이 필요한 경우 신청자 이름, 예약 번호, 방문 희망 시간을 함께 남겨 주시면 확인 후 전달 일정을 안내하겠습니다.

이번 취소 사유와 대체 신청 방법은 예약 시스템에도 반영했으며, 전기 점검이 끝났다고 해서 기존 예약이 자동으로 복구되지는 않습니다. 환불 대상자는 별도 신청을 하지 않아도 되지만, 처리 결과는 결제 방식에 따라 개별 통지됩니다. 무료 예약의 경우에는 환불 대신 대체 시간 신청 안내가 제공됩니다.

지난달 점검 때 일부 이용자가 확정되지 않은 재개 시각을 보고 방문한 사례가 있어, 이번에는 시설 담당자가 완료를 확인하기 전까지 이용 가능 시간을 표시하지 않습니다. 기존 상담 기록에는 점검 종료 예정 시각과 물품 수령 문의가 함께 남아 있으나, 그 기록은 이번 취소 안내를 보완하기 위한 참고 자료입니다. 현재 적용되는 출입 제한과 재접수 방법은 이 안내에 적힌 기준을 따라 주십시오.

예약 취소에 관한 문의는 예약 번호와 신청자 정보를 적어 관리 담당자에게 보내 주시면 순서대로 확인하겠습니다. 전기 점검 완료와 시설 재개 시각은 별도 공지로 다시 알리며, 그때 새 예약 가능 시간도 함께 안내하겠습니다. 안전 확인이 끝나기 전에는 현장 방문이나 임의 입장을 삼가 주시기 바랍니다.
이 내용은 당시 운영을 마치고 보관한 참고 자료입니다.",minutes,ctx-d-014,original-synthetic:advanced-context-ko-1.0
c-9f61931cff0c,"이전 운영의 보관 자료
지역 지도를 수정할 때는 먼저 관리 기관에서 받은 변경 목록의 접수일과 적용 기간을 확인하고, 현장 통행 상태 및 최근 배포본과 대조합니다. 구매나 배송 이력처럼 지도와 직접 관련 없는 자료는 작업 대상에서 제외하되, 유료 지도 이용자의 결제 완료 여부가 표시 권한 확인에 필요한 경우에는 결제 상태만 조회합니다. 회원 비밀번호나 개인 연락처를 수정하는 작업은 이 절차에 포함하지 않습니다.
도로가 완전히 막힌 경우에는 폐쇄 구간의 시작점과 끝점을 각각 기록하고, 우회 경로가 실제로 연결되는지 현장 사진이나 관리 기관 자료로 확인합니다. 어린이 보호구역, 경사로, 보행자 전용 구간처럼 별도 주의가 필요한 장소는 기본 경로와 다른 기호를 사용하고, 범례에 기호의 의미와 적용 조건을 함께 적습니다. 자료가 서로 다르면 임의로 확정하지 말고 현장 담당자에게 재확인을 요청합니다.
임시 변경은 시작일과 종료 예정일을 속성값으로 저장하며, 종료일이 지나면 자동으로 삭제하지 않습니다. 담당자가 현장 상태를 다시 확인한 뒤 폐쇄나 우회 표시를 제거하고, 실제 통행이 회복되지 않았으면 종료일을 갱신합니다. 이전 작업에서 이미 확인한 사진이나 검토표는 참고할 수 있지만, 새로운 변경 목록의 증거를 대신하지는 않습니다.
수정본을 배포하기 전에는 이전 파일과 겹쳐 보이는 선, 남아 있는 임시 표지, 연결되지 않은 우회 경로가 없는지 점검합니다. 모바일 화면과 인쇄 화면에서 범례가 잘리는지도 각각 확인하고, 변경 대상과 제외 대상을 작업 기록에 남깁니다. 검토자가 승인하지 않은 파일은 배포 폴더로 옮기지 않으며, 오류가 발견되면 수정 전후 화면을 함께 보관합니다.
최종 승인 후에는 파일명에 적용일을 넣고 이전 배포본과 구분해 저장합니다. 이용자에게 새 파일을 받으라고 안내하는 일은 별도 전달문에서 처리하며, 이 절차 자체가 배포 공지를 대신하지는 않습니다. 이번 작업의 목적은 특정 구역의 결과를 보고하는 것이 아니라, 이후에도 반복해서 사용할 수 있는 지도 수정과 검증 순서를 제공하는 데 있습니다.
이 내용은 당시 운영을 마치고 보관한 참고 자료입니다.

이번에 전달하는 본문은 다음과 같습니다.
이번에 전달하는 본문
지도 수정 검토 회의에서는 공사 구간을 굵은 선으로 표시할지 색면으로 처리할지를 비교했습니다. 현장 담당자는 색면이 야간 화면에서 잘 보이지 않는다고 했고, 디자인 담당자는 굵은 선만 쓰면 우회 경로와 겹칠 수 있다고 설명했습니다. 두 담당자는 폐쇄 구간에는 굵은 선과 짧은 사선 무늬를 함께 사용하고, 우회 경로는 기존 색을 유지하기로 합의했습니다.
또한 어린이 보호구역의 범례 문구는 이용자 테스트 뒤 확정하기로 했습니다. 시안 제작은 디자인 담당자가 맡고, 현장 담당자는 다음 수요일까지 공사 종료 예정일을 다시 확인해 전달합니다. 범례 문구가 정해질 때까지 해당 구역의 최종 배포는 보류합니다.",minutes,ctx-d-058,original-synthetic:advanced-context-ko-1.0
c-c73e0eeed9a3,"이번에 전달하는 본문
오늘 저녁 탁구실 예약이 취소되어 이용할 수 없습니다. 건물 전기 점검이 예정보다 길어져 출입이 제한되며, 이미 신청한 팀에는 다음 주 같은 시간대의 우선 예약권을 안내할 예정입니다. 개인 장비를 찾으려는 경우에도 관리 담당자의 확인을 받은 뒤 방문해 주세요. 지난달에도 점검 중 출입으로 안전 문제가 있었으므로 현장 안내가 끝날 때까지 탁구실 문을 열어 두지 않습니다. 보관함에 둔 물품의 수령이 필요한 팀은 내일 오전부터 담당자에게 연락하면 확인 후 전달받을 수 있습니다. 예약 시스템에는 취소 사유와 대체 신청 방법을 함께 표시했으며, 새 시간대를 원하는 팀은 기존 신청 번호를 적어 다시 접수해 주세요. 전기 점검이 완료되면 이용 재개 시각을 별도로 알립니다. 이번 취소와 관련한 환불 처리는 결제 방식에 따라 순차적으로 진행되며, 처리 결과는 신청자에게 개별 전달됩니다.

다음은 이전 운영 때 남긴 참고 자료이며 이번 본문과 구분해 보관합니다.
이전 운영의 보관 자료
탁구실 예약을 시설 사유로 취소할 때는 예약 번호, 신청자, 이용 날짜와 결제 상태를 먼저 대조하고 중복 예약이나 이미 사용된 예약이 없는지 확인합니다. 확인이 끝나면 예약 상태를 취소로 변경하고 시설 사유 코드를 입력한 뒤, 신청자에게 보낼 안내문에 출입 제한, 환불 여부, 대체 예약 가능 시점을 구분해 적습니다. 재개 시각이 확정되지 않았다면 임의의 시간을 입력하지 않습니다.

결제된 예약은 결제 수단별 환불 기준표를 확인해 환불 요청을 등록하고, 접수 번호와 예상 처리 기간을 예약 기록에 남깁니다. 무료 예약은 환불 절차를 진행하지 않고 대체 시간 신청 방법만 안내합니다. 이미 부분 환불이나 결제 취소가 완료된 건은 다시 요청하지 말고 거래 상태와 처리 일시를 확인한 뒤 기록에 연결합니다.

보관 물품 수령 요청이 접수되면 신청자 정보와 신분증을 대조하고, 보관함 번호와 물품 목록을 담당자 입회 아래 확인합니다. 물품을 전달한 뒤에는 수령 시각, 수령자, 담당자 이름을 기록하며, 본인이 아닌 사람이 방문할 경우 사전에 등록된 위임 여부를 확인합니다. 확인되지 않은 방문자에게는 시설 안으로 들어가 물품을 직접 찾도록 안내하지 않습니다.

전기 점검처럼 재개 시점이 불확실한 경우에는 시설 담당자에게 완료 확인을 받은 뒤 예약 시스템의 이용 가능 상태를 변경합니다. 과거 점검 사례에서 사용한 안내문과 환불 처리표는 표현과 기준을 점검하는 참고 자료일 뿐, 현재 예약의 상태를 대신 확인하는 자료로 사용하지 않습니다. 발송 전에는 이번 건의 날짜와 예약 번호가 참고 사례와 섞이지 않았는지 검토합니다.

모든 처리가 끝나면 취소 변경 이력, 발송한 안내문, 환불 접수 번호 또는 무료 예약 처리 결과, 물품 수령 기록을 한 묶음으로 보관합니다. 신청자가 재개 시각을 문의하더라도 시설 확인 전에는 추정 시간을 답하지 말고 확인 예정 절차만 안내합니다. 오류가 발견되면 상태를 임의로 덮어쓰지 말고 담당자에게 보고해 수정 이력을 남깁니다.
이 내용은 당시 운영을 마치고 보관한 참고 자료입니다.",announcement,ctx-d-014,original-synthetic:advanced-context-ko-1.0
c-93d644497bcc,"이전 운영의 보관 자료
도시락을 선반에 보관할 때는 용기 뚜껑이 닫혔는지 확인하고 이름표를 바깥쪽에 붙입니다. 냉장이 필요한 음식은 가운데 칸에 두며, 국물이 샐 우려가 있으면 받침통 안에 넣습니다. 담당자는 쉬는 시간마다 선반 바닥을 살피고 오염이 발견되면 해당 칸을 비운 뒤 세척합니다. 오후 2시가 지나도 남은 음식은 이름표를 확인해 보관자에게 연락하고, 연락되지 않으면 폐기 기록을 남긴 뒤 처리합니다.
이 내용은 당시 운영을 마치고 보관한 참고 자료입니다.

이번에 전달하는 본문은 다음과 같습니다.
이번에 전달하는 본문
지난주 위생 점검에서 도시락 선반의 냉기 순환이 고르지 않다는 의견이 있어 배치 위치를 조정했습니다. 오늘부터 개인 도시락은 이름표를 붙여 가운데 두 칸에 넣고, 오후 2시까지 찾아가지 않은 음식은 안내된 폐기함으로 옮겨 주세요. 선반 정리는 매일 마지막 수업 뒤 담당 반이 진행합니다.",announcement,ctx-d-033,original-synthetic:advanced-context-ko-1.0
c-86405ee4d5fe,"공동 우편함을 정리할 때는 먼저 칸 번호와 수취인 이름을 대조한다. 주소가 불분명한 우편물은 개봉하지 말고 별도 봉투에 넣어 접수 날짜를 적은 뒤, 관리 담당자에게 전달한다. 장기 부재 신고가 있으면 해당 칸의 우편물을 임의로 폐기하지 않고 보관함에 옮기며, 반환할 때는 수령자의 확인을 남긴다.",manual,ctx-d-011,original-synthetic:advanced-context-ko-1.0
c-67ffb31be6c7,"이전 운영의 보관 자료
식당 알레르기 표기 개선을 위해 영양 담당자, 조리 책임자, 운영 담당자가 지난주 운영실에서 회의를 진행했습니다. 영양 담당자는 메뉴판과 배식대 표지가 달라 이용자가 혼동했던 사례를 보고했고, 조리 책임자는 납품 원재료가 바뀐 뒤 기존 표지가 남아 있었던 경위를 설명했습니다. 운영 담당자는 해당 사례의 현장 안내와 임시 표지 게시가 이미 완료되었다고 보고했으며, 이번 회의에서는 같은 문제가 반복되지 않도록 기준을 정하는 데 초점을 맞췄습니다.

회의 자료로는 이전 메뉴판, 납품서 대조표, 성분표가 확인되지 않았던 소스의 보류 기록이 첨부되었습니다. 이 자료는 참석자들이 사실관계를 확인하기 위한 참고 자료였고, 이번 기록은 자료 내용을 다시 공지하거나 이미 끝난 보류 조치를 재지시하기 위한 문서가 아닙니다. 자료를 검토한 결과, 색상만으로 성분을 구분하면 색각 차이로 혼동할 수 있고 식당마다 기호를 다르게 사용할 가능성도 있다는 의견이 나왔습니다.

참석자들은 주요 알레르기 유발 성분을 글자와 기호로 함께 표시하기로 결정했습니다. 성분표가 확인되지 않은 원재료는 사용을 보류하고, 배식 전 조리 담당자와 영양 담당자가 표지와 조리 기록을 대조하기로 합의했습니다. 배식 중 오류가 발견되면 메뉴를 즉시 멈추고 현장 안내를 진행한다는 기존 대응도 회의에서 재확인했지만, 이는 이미 발생한 사례를 다시 처리하는 결정이 아니라 향후 동일 상황에 적용할 운영 기준입니다.

표지 양식 수정과 공통 기호 정리는 영양팀이 맡고, 각 식당의 새 표지 게시 상태 확인은 운영 담당자가 담당합니다. 조리 책임자는 원재료가 변경될 때 영양팀에 알리고, 배식 전 대조 기록을 남기기로 했습니다. 적용 결과와 미해결 문제는 다음 운영 회의에서 공유하기로 했으며, 이용자 대상 안내문의 문구는 초안을 작성한 뒤 다음 회의에서 확정하기로 보류했습니다.

이번 회의에서 결정된 사항은 글자와 기호를 함께 쓰는 표기 기준, 확인되지 않은 원재료의 보류, 배식 전 대조와 오류 시 현장 안내입니다. 반면 안내문 최종 문구와 식당별 적용 결과는 아직 확정되지 않아 담당자 후속 작업으로 남아 있습니다. 따라서 이 기록의 목적은 과거 검토 자료를 인용해 새로운 공지를 만드는 것이 아니라, 이번 논의에서 제시된 문제와 의견, 결정, 보류 사항 및 담당을 정확히 남기는 것입니다.
이 내용은 당시 운영을 마치고 보관한 참고 자료입니다.

이번에 전달하는 본문은 다음과 같습니다.
이번에 전달하는 본문
지난달 식당 운영 검토에서 메뉴판의 알레르기 정보가 조리대 표시와 다르게 적힌 사례가 확인되었습니다. 영양 담당자는 원재료 변경 이력과 납품서의 성분표를 대조했고, 표시가 불확실한 소스는 새 안내가 나올 때까지 제공 메뉴에서 제외하기로 했습니다. 이번 주부터 모든 식당의 메뉴판과 배식대 표지가 같은 기준으로 바뀌며, 이용자는 식사 전에 배식대의 최신 표지를 확인해 주시기 바랍니다.

변경된 표지에는 주요 알레르기 유발 성분과 대체 가능 여부가 함께 표시됩니다. 조리 중 원재료가 바뀌거나 납품된 제품의 성분표가 달라진 경우에는 해당 메뉴를 임시 보류하고 담당 영양사에게 즉시 알려야 합니다. 이미 배식이 시작된 뒤 표기 오류가 발견되면 식당은 안내 방송과 현장 표지를 통해 변경 사실을 알리고, 이용자는 직원에게 개별 확인을 요청할 수 있습니다.

이전 검토에서 제안된 색상 구분은 시인성 차이로 혼동이 생길 수 있어 적용하지 않으며, 글자와 기호를 함께 사용하는 방식으로 통일합니다. 각 식당의 새 표지는 월요일 오전까지 교체되고, 교체가 끝나지 않은 곳은 운영 담당자가 확인 후 별도 안내를 보냅니다.",announcement,ctx-d-010,original-synthetic:advanced-context-ko-1.0
c-f67b7c5d376c,"열쇠 관리 점검에서 반납 시간이 누락되는 일이 반복된다는 의견이 나왔습니다. 참석자들은 출입 장부에 사용 종료 시각을 추가하기로 했고, 보관함 고장 여부는 관리 담당자가 이번 주 안에 확인하기로 했습니다. 비밀번호를 자주 바꾸자는 제안은 이용자 혼선이 생길 수 있어 다음 점검 때 다시 논의하기로 보류했습니다.",minutes,ctx-d-005,original-synthetic:advanced-context-ko-1.0
c-e0c4e1b6c29c,"이전 운영의 보관 자료
목공실 집진기 관리 기준을 정하기 위한 운영 검토가 지난주에 열렸습니다. 회의에서는 필터 교체 주기를 일정하게 고정할지, 장비 상태에 따라 관리할지를 논의했습니다. 시설 담당자는 작업량이 주마다 달라 고정 주기를 적용하면 아직 사용할 수 있는 필터를 일찍 교체할 수 있다고 설명했고, 강사들은 수업 종료 때 표시선을 확인하는 방식이 현실적이라고 말했습니다.

참석자들은 과거 고장 접수와 한 달간의 시범 점검표를 함께 살펴보았습니다. 기록상 표시선 도달과 흡입력 저하가 항상 동시에 나타나지는 않았으며, 호스 막힘만으로 흡입력이 약해진 사례도 확인되었습니다. 이미 청소가 끝난 장비의 수리 결과는 회의에서 사실 확인 자료로만 다루었고, 새로운 고장 신고나 추가 청소를 결정하는 안건으로 올리지는 않았습니다.

강사 한 명은 필터함을 자주 열면 먼지가 날릴 수 있으므로 확인 담당자를 별도로 두자고 제안했습니다. 운영 지원 담당자는 수업별 기록 양식을 통일해야 누락 여부를 비교할 수 있다고 설명했습니다. 시설 담당자는 표시선만 보지 말고 흡입력 저하도 함께 기록해야 실제 교체 시점을 판단할 수 있다고 덧붙였습니다.

논의 끝에 참석자들은 우선 한 달 동안 상태 표시선과 흡입력 저하를 함께 기록하고, 표시선에 도달하면 사용을 중단하는 안을 채택했습니다. 강사들은 각 수업 종료 때 확인을 맡고, 시설 담당자는 매주 금요일 기록을 모아 필터 상태를 검토하기로 했습니다. 운영 지원 담당자는 이번 주 안에 기록 양식을 배포하며, 한 달 뒤 결과를 바탕으로 필터 교체 기준을 확정합니다.

별도 확인 담당자를 둘지 여부는 기록이 실제로 누락되는지 확인한 뒤 다시 논의하기로 보류했습니다. 필터 교체 주기를 고정할지와 예비 필터의 추가 구매량도 한 달간 자료가 쌓인 뒤 결정하기로 했습니다. 이번 회의록은 참석자의 의견, 채택된 시범 운영안, 담당자와 후속 일정을 남기는 문서이며, 이미 끝난 수리나 일반적인 장비 사용법을 새 요청으로 지시하는 내용은 아닙니다.
이 내용은 당시 운영을 마치고 보관한 참고 자료입니다.

이번에 전달하는 본문은 다음과 같습니다.
이번에 전달하는 본문
지난달 목공실 운영 점검에서는 집진기 필터에 톱밥이 빠르게 쌓이는 문제가 보고되었고, 담당자는 사용 종료 후 흡입구와 호스를 확인하는 방안을 제안했습니다. 당시에는 작업자별 점검표를 시범 운영한 뒤 정식 적용 여부를 다시 검토하기로 했습니다.

이번 점검 결과에 따라 다음 주 월요일부터 모든 이용자는 작업을 마친 뒤 집진기 전원을 끄고 필터함의 표시선을 확인해 주시기 바랍니다. 표시선에 닿았거나 흡입력이 약해진 경우에는 기계를 다시 작동하지 말고 작업대 옆 점검표에 시간과 상태를 적어 주세요. 관리 담당자는 매주 금요일 기록을 확인해 필터 청소 일정을 안내하며, 청소가 끝날 때까지 해당 집진기는 사용이 제한됩니다.",announcement,ctx-d-016,original-synthetic:advanced-context-ko-1.0
c-d024aec2d074,"이전 운영의 보관 자료
지난달 야간 출입 점검에서 학생증 인식 오류 네 건과 귀가 확인 누락 사례가 확인되었습니다. 시설 담당은 원인을 확인한 뒤 출입 단말기 교체를 진행하기로 했으며, 교체 전까지의 임시 운영안은 관련 회의에서 검토되었습니다. 당시 점검표와 회의 자료는 변경 배경을 설명하기 위한 참고 문서이고, 이번 안내에서 새로 적용할 이용 기준과 이용자가 해야 할 일을 구분해 알려드립니다.

이번 주 월요일부터 금요일까지 도서관 야간 이용은 오후 8시까지로 한시적으로 조정됩니다. 오후 8시 이후에는 새로 입장할 수 없으며, 이미 열람실이나 자료실에 들어온 이용자는 안내 방송에 따라 오후 8시 20분까지 퇴실해야 합니다. 이 기간의 제한은 단말기 교체가 진행되는 동안만 적용됩니다.

동아리 연구실을 사용해야 하는 학생은 이용 전에 담당 교사에게 이름과 소속, 사용 시간을 제출해 주셔야 합니다. 사전 명단에 없는 학생은 교체 기간이 끝날 때까지 야간 출입을 이용할 수 없습니다. 명단 제출 여부를 확인하는 절차는 기존과 같지만, 이번 기간에는 제한된 시간 안에 퇴실해야 한다는 점도 함께 유의해 주시기 바랍니다.

시설 담당은 단말기 교체 작업을 예정대로 진행하고 있으며, 이미 접수된 오류 신고를 다시 제출할 필요는 없습니다. 과거 점검에서 확인된 인식 실패 기록은 교체 부품을 정하는 데 사용되었고, 귀가 확인 누락에 대한 내부 확인도 완료되었습니다. 다만 교체가 끝났다는 이유만으로 이용 시간이 자동으로 원상 회복되는 것은 아니므로 별도 안내를 기다려 주십시오.

단말기 교체가 완료되는 날에는 정상 운영 시간과 연구실 명단 제출 방법을 다시 안내하겠습니다. 이용자는 이번 주에 오후 8시 전 입장과 오후 8시 20분 전 퇴실을 지키고, 연구실 이용이 필요한 경우 담당 교사에게 사전 명단을 제출해 주시기 바랍니다. 이번 안내는 과거 점검 결과를 다시 조사하거나 개별 오류를 접수하는 문서가 아니라, 교체 기간에 적용할 변경 사항을 전달하기 위한 것입니다.
이 내용은 당시 운영을 마치고 보관한 참고 자료입니다.

이번에 전달하는 본문은 다음과 같습니다.
이번에 전달하는 본문
도서관 야간 출입을 관리할 때는 먼저 당일 승인 명단과 출입 단말기의 날짜를 대조한다. 이용자가 학생증을 인식시키면 이름과 승인 시간을 확인하고, 명단에 없거나 시간이 맞지 않으면 입장을 허용하지 않은 채 담당자에게 문의한다. 단말기가 작동하지 않을 때는 수기 대장에 이름, 소속, 입장 시각을 적고 시설 담당에게 오류 내용을 전달한다. 퇴실 시에는 같은 기록에서 시간을 확인하며, 연구실 사용자는 담당 교사의 확인 표시가 있어야 한다. 오후 8시 이후 남아 있는 이용자가 있으면 안내 방송을 한 뒤 순찰 담당에게 현황을 넘긴다. 지난 점검표는 단말기 오류 사례를 확인하는 참고 자료이고, 당일 승인 명단과 수기 대장이 실제 처리 기준이다.",manual,ctx-d-034,original-synthetic:advanced-context-ko-1.0
c-13055abb09b3,"이번에 전달하는 본문
지난 점검에서 일부 헤드셋의 이어패드가 낡고 케이블 접촉이 불안정한 것으로 확인되었습니다. 미디어실은 이번 주 목요일 오후부터 금요일 오전까지 해당 장비를 교체하고 좌석 번호를 다시 부여합니다. 수업 담당자는 사용 전 새 좌석표를 확인하고, 점검 기간에는 대체 장비 보관함을 이용해 주세요.

이전에는 고장 장비를 각자 책상에 두는 방식이었지만, 분실 확인이 어려워 반납 위치를 하나로 통일하기로 했습니다. 점검이 끝난 뒤에는 사용자가 장비를 보관함에 넣고, 이상 여부를 간단히 표시해야 합니다. 변경된 이용 시간표와 좌석표는 작업 완료 후 미디어실 앞 게시판에 게시됩니다.

다음은 이전 운영 때 남긴 참고 자료이며 이번 본문과 구분해 보관합니다.
이전 운영의 보관 자료
헤드셋을 점검할 때에는 먼저 장비 번호와 현재 좌석 번호를 기록지에서 대조합니다. 그다음 케이블, 이어패드, 음량 조절부를 정해진 순서로 확인하고, 외관 손상과 작동 상태를 각각 표시합니다. 점검자는 한 장비의 결과를 끝까지 기록한 뒤 다음 장비로 이동해야 하며, 확인하지 않은 항목을 정상으로 표시해서는 안 됩니다.

소리가 한쪽에서만 나오는 경우에는 먼저 다른 테스트 기기에 연결해 같은 증상이 반복되는지 비교합니다. 두 기기에서 동일한 문제가 나타나면 케이블 또는 본체 이상으로 기록하고, 한 기기에서만 문제가 생기면 테스트 기기의 연결 상태를 다시 확인합니다. 케이블을 움직일 때 잡음이 발생하면 재현 횟수와 움직인 위치를 적은 뒤 접촉 불량으로 분류합니다.

이어패드가 찢어졌거나 음량 조절부가 고정되지 않는 장비는 단순 청소 항목으로 처리하지 않고 교체 대상으로 표시합니다. 반면 표면 오염만 있는 경우에는 전원을 분리하고 승인된 소독제로 닦은 뒤 충분히 건조합니다. 건조가 끝나기 전에는 보관함에 넣거나 다음 사용자에게 전달하지 않아야 합니다.

이전 점검에서 정상 장비까지 교체 목록에 포함된 사례가 있었으므로, 이번부터는 이상 항목과 재현 여부, 테스트에 사용한 기기 번호를 모두 남깁니다. 이미 확정된 장비 번호 목록은 참고 문서로 사용하되, 실제 점검 결과가 목록과 다르면 기록지의 현장 결과를 우선합니다. 목록을 다시 만드는 일이나 교체 일정을 정하는 일은 이 절차에 포함되지 않습니다.

점검을 마치면 기록지를 담당자에게 전달하고, 교체 또는 추가 확인이 필요한 장비는 별도 선반에 표시합니다. 담당자는 기록지의 누락 여부를 확인한 뒤 보류 장비를 일반 보관함과 분리합니다. 이 절차의 목적은 장비 상태를 같은 기준으로 판별하고 결과를 재사용 가능한 형식으로 남기는 것이며, 수업 이용자에게 변경 사항을 공지하는 작업은 별도로 처리합니다.
이 내용은 당시 운영을 마치고 보관한 참고 자료입니다.",announcement,ctx-d-038,original-synthetic:advanced-context-ko-1.0
c-7e88a2c8b222,"이전 운영의 보관 자료
지난 배부 기록을 확인한 결과, 인쇄물을 한곳에만 두어 늦게 도착한 참여자가 자료를 받지 못한 사례가 있었습니다. 이번 교육 주간에는 안내 데스크와 별관 휴게실에 인쇄물을 나누어 비치하며, 자료는 첫날 오전 9시부터 마지막 날 오후 5시까지 가져갈 수 있습니다. 남은 수량은 마지막 날 오후에 회수합니다.
이 내용은 당시 운영을 마치고 보관한 참고 자료입니다.

이번에 전달하는 본문은 다음과 같습니다.
이번에 전달하는 본문
인쇄물 배부를 검토한 자리에서 안내 데스크만 사용할지 별관 휴게실을 추가할지를 논의했습니다. 안내 데스크 담당자는 접근성이 좋다고 했고, 자료 보관 담당자는 한곳에 몰리면 줄이 길어지고 수량 파악이 어렵다고 설명했습니다. 참석자들은 두 장소를 함께 쓰되, 오전에 수량을 나누어 기록하고 마지막 날 남은 자료를 회수하기로 결정했습니다. 배부 담당자는 중간 수량을 확인해 부족한 장소에 보관분을 옮기기로 했습니다.",minutes,ctx-d-047,original-synthetic:advanced-context-ko-1.0
c-23b8865214de,"이전 운영의 보관 자료
모형 철도 전시장을 열기 전에는 출입문과 안전선의 위치를 확인하고, 제어판 전원과 표시등이 정상인지 순서대로 점검합니다. 운행 구간마다 열차를 저속으로 움직여 정지 위치를 시험하며, 점검 결과는 개장 점검표에 기록합니다. 이전에 작성된 점검표는 항목을 빠뜨리지 않기 위한 참고 자료이고, 현장 장비의 실제 상태가 다르면 안전 기준을 우선합니다.

관람객이 입장하면 안내선 밖에서 이동하도록 설명하고, 체험 회차가 시작될 때 예약 번호와 인원 수를 대조합니다. 확인이 끝난 사람만 지정된 조작대에 한 명씩 입장시키며, 보호자가 대신 조작해야 하는 경우에는 담당자가 옆에서 조작 순서를 안내합니다. 예약 명단에 없는 사람을 임의로 추가하지 말고 다음 회차 가능 여부를 접수 담당자에게 확인합니다.

열차가 멈추거나 선로에 이물질이 보이면 먼저 제어판의 전원을 끄고 해당 구역의 입장을 막습니다. 안내요원은 관람객을 안전선 뒤로 이동시키고, 시설 담당자는 선로와 연결부를 확인한 뒤 이상 원인을 기록합니다. 재가동은 원인이 제거되고 담당자의 승인이 난 뒤에만 하며, 단순히 열차를 손으로 밀어 운행을 재개해서는 안 됩니다.

대기 인원이 정해진 기준을 넘으면 현재 회차의 입장을 중단하고 다음 회차 안내를 시작합니다. 대기 줄이 분기점에 걸치지 않도록 안내선을 조정하고, 예약자에게 예상 지연 시간을 알립니다. 혼잡이 줄었다고 판단되면 담당자가 순서를 확인한 뒤 입장을 재개하며, 지연이 발생한 시간과 조치를 운영 기록에 남깁니다.

운영을 마칠 때에는 체험 도구를 회수해 목록과 대조하고, 사용 중 발견된 이상과 미입고 수량을 구분해 기록합니다. 전원 차단과 제어판 잠금 상태를 확인한 뒤 담당자에게 마감 결과를 전달합니다. 이 문서는 특정 토요일의 변경을 알리는 글이 아니라, 장비 상태와 관람객 상황이 달라져도 반복해서 사용할 수 있는 운영 절차를 제시합니다.
이 내용은 당시 운영을 마치고 보관한 참고 자료입니다.

이번에 전달하는 본문은 다음과 같습니다.
이번에 전달하는 본문
지난 전시장 운영 점검에서 관람객이 모형 철도 주변에 가까이 서는 일이 확인되어 안내선을 보강했습니다. 점검표는 이번 안내의 참고 자료입니다. 이번 토요일부터 입장 동선을 한 방향으로 바꾸고, 어린이 체험 구역은 회차별 예약자만 이용하도록 운영합니다. 관람객은 입구에서 받은 번호표의 시간에 맞춰 체험 구역으로 이동해 주시고, 전시물 이상을 발견하면 가까운 안내요원에게 알려 주십시오. 혼잡한 시간에는 안전을 위해 일부 구역의 관람을 잠시 늦출 수 있습니다. 자원봉사자는 시작 20분 전 안내선과 번호표 수량을 확인하고, 운영 종료 뒤에는 체험 도구를 지정함에 넣어야 합니다. 변경된 동선은 입구와 각 분기점의 게시판에 표시합니다.",announcement,ctx-d-054,original-synthetic:advanced-context-ko-1.0
c-085088515393,"이번에 전달하는 본문
지난 목요일 학교 신문 편집 모임에서 3월호 원고 접수 방식을 검토했다. 종이 원고를 병행하자는 의견도 있었지만, 분실 사례가 있었던 점을 고려해 이번에는 학급별 제출함만 사용하기로 했다. 편집 담당은 파일명에 학년과 필자 이름을 넣자는 안을 제시했고 참석자들이 동의했다. 사진 동의서가 빠진 원고는 바로 반려할지 보류할지를 두고 의견이 갈렸으며, 담당 교사는 우선 보류 목록에 올리고 다음 회의에서 기준을 정하기로 했다. 회의가 끝난 뒤 서기는 결정 사항과 미결 안건을 정리해 공유했다.

다음은 이전 운영 때 남긴 참고 자료이며 이번 본문과 구분해 보관합니다.
이전 운영의 보관 자료
이번 호 학교 신문 원고는 다음 주 수요일 오후 5시까지 학급별 온라인 제출함에 올려 주시기 바랍니다. 제출자는 파일명에 학년과 필자 이름을 적고, 사진이 포함된 글이라면 사진 사용 동의서를 원고와 함께 첨부해야 합니다. 마감 시각 이후 등록된 파일은 이번 호 심사 목록에 넣지 않고 다음 호 검토 대상으로 넘기므로, 업로드가 끝난 뒤 화면에 접수 완료 표시가 나타나는지 확인해 주십시오.

지난달 편집 모임에서는 원고 접수 창구를 여러 곳으로 나누지 않고 학급별 제출함으로 통일하기로 의견을 모았습니다. 당시 담당자는 파일명에 학년과 필자 이름을 포함하면 같은 제목의 원고도 구별하기 쉽다고 설명했습니다. 이 논의는 이번 제출 방식의 배경을 알리기 위한 참고 사항이며, 별도의 새 신청을 요구하는 내용은 아닙니다.

편집 담당자는 이미 제출함의 학급별 폴더를 만들고 접근 권한을 확인했습니다. 사진 사용 동의서 양식도 지난주에 배포되었으므로 필요한 학생은 기존 양식을 내려받아 작성하면 됩니다. 다만 원고 파일이 정상적으로 열리는지와 동의서가 함께 올라갔는지는 제출자가 직접 확인해야 합니다.

제출이 완료된 뒤 접수 여부가 화면에 표시되지 않거나 파일이 잘못된 폴더에 들어간 경우에는 편집 담당자에게 파일명과 학급을 알려 확인을 요청할 수 있습니다. 이미 제출한 원고의 내용을 다시 심사해 달라는 요청이나 지난 호 원고의 수정 접수는 이번 안내의 대상이 아닙니다. 마감 후 접수된 글은 담당자가 임의로 이번 호 목록에 되돌리지 않습니다.

이번 안내의 적용 대상은 이번 호에 원고를 제출하는 학생과 학급 담당자입니다. 따라서 정해진 시각 안에 지정된 제출함을 사용하고, 파일명과 사진 동의서 조건을 지켜 주시기 바랍니다. 제출 방법을 미리 확인하는 것은 가능하지만, 실제 원고 접수는 온라인 제출함에 파일이 등록된 경우에만 인정됩니다.
이 내용은 당시 운영을 마치고 보관한 참고 자료입니다.",minutes,ctx-d-032,original-synthetic:advanced-context-ko-1.0
c-c6518df77914,"이번에 전달하는 본문
지난 야외 수업에서 햇빛이 강해 일부 학생이 수업 중 자리를 옮겼고, 그늘막 고정 상태도 점검이 늦었습니다. 당시 운영 검토에서는 수업 시작 전에 설치를 끝내고 바람이 강하면 사용을 중단하기로 했으며, 이 내용은 지난 점검표에 기록되어 있습니다.

이번 야외 수업은 운동장 동쪽 가장자리에서 진행하며, 그늘막은 오전 9시 20분까지 설치됩니다. 참여자는 설치 구역 안쪽에 앉고, 바람이 세지거나 고정 줄이 느슨해지면 즉시 담당자에게 알려 주세요. 기상 상황에 따라 수업 장소가 실내로 바뀌는 경우에는 시작 30분 전 문자로 안내합니다. 개인 돗자리는 그늘막 통로를 막지 않는 위치에 펴야 합니다.

다음은 이전 운영 때 남긴 참고 자료이며 이번 본문과 구분해 보관합니다.
이전 운영의 보관 자료
이전 야외 수업에서는 그늘막을 세운 뒤 통행로와 고정 상태를 충분히 확인하지 않아 한쪽 기둥이 흔들렸습니다. 이후 운영 검토에서 바닥 상태, 통행로 확보, 네 모서리 고정, 중간 점검 순서를 정했고, 지난 행사에는 그 절차를 적용해 줄과 말뚝의 손상 여부를 기록했습니다. 당시 손상된 표시띠와 말뚝은 이미 교체했지만, 이번 문서는 특정 행사 결과가 아니라 같은 장비를 사용할 때 반복해서 적용할 작업 방법을 설명합니다.

설치 전에는 운동장 동쪽 가장자리의 바닥이 평평한지 확인하고, 학생과 장비가 지나갈 통로를 먼저 비웁니다. 기둥을 네 곳에 세운 뒤 천의 방향을 맞추고, 각 고정 줄을 말뚝에 연결합니다. 줄이 통행 중 잘 보이도록 표시띠를 달고, 천이 한쪽으로 처지지 않았는지 확인한 다음 설치 완료 시각과 담당자 이름을 기록합니다.

수업 시작 전에는 네 모서리의 말뚝이 충분히 박혀 있는지, 줄의 장력이 일정한지, 기둥 연결부가 풀리지 않았는지 다시 살핍니다. 중간 휴식 때 같은 항목을 반복 확인하고, 이상이 있으면 주변 사람의 접근을 막은 뒤 원인을 확인합니다. 단순히 줄을 당겨 임시로 조정하지 말고, 담당자 두 명이 함께 안정성을 판단해야 합니다.

바람이 강해지거나 말뚝이 들리거나 기둥이 흔들리면 진행자에게 즉시 알리고 수업을 중단합니다. 진행자는 참여자를 그늘막 밖의 지정 장소로 이동시키며, 시설 담당자 두 명은 주변 통행을 통제한 뒤 천과 기둥을 순서대로 해체합니다. 해체한 장비는 젖은 상태로 밀폐하지 말고 건조시킨 후, 줄과 천의 손상 부위를 점검해 보관 기록에 남깁니다.

장소를 실내로 바꾸는 경우에는 장비를 접기 전에 바닥에 떨어진 말뚝과 표시띠를 모두 회수합니다. 보관함에 넣기 전 천의 오염과 찢김, 줄의 마모, 연결 부품의 변형을 확인하고 문제가 있으면 사용 가능 표시를 붙이지 않습니다. 지난 점검표를 참고할 수는 있지만, 매번 이번 작업의 확인 결과와 조치 내용을 새 기록으로 남겨야 합니다.
이 내용은 당시 운영을 마치고 보관한 참고 자료입니다.",announcement,ctx-d-050,original-synthetic:advanced-context-ko-1.0
c-9265058aa273,"이번에 전달하는 본문
어제 재활용 운영 회의에서는 종이 수거함의 오염 문제를 검토했다. 관리 담당자는 비닐 포장과 젖은 종이가 자주 섞인다고 보고했고, 시설 담당자는 수거함을 건물 안쪽으로 옮기면 관리가 쉬울 것이라고 말했다. 참석자들은 수거함 위치 변경은 다음 주에 시험하고, 결과를 본 뒤 고정 여부를 결정하기로 했다. 수거일 조정안은 비용 확인이 끝나지 않아 결론을 내리지 않았다.

다음은 이전 운영 때 남긴 참고 자료이며 이번 본문과 구분해 보관합니다.
이전 운영의 보관 자료
종이 수거함을 비울 때에는 먼저 비닐과 음식물 찌꺼기를 골라내고, 젖은 종이는 마른 종이와 섞지 않는다. 상자는 접어서 끈으로 묶되 너무 큰 묶음은 두 개로 나누며, 영수증처럼 코팅된 종이는 일반 종이 수거 대상에서 제외한다. 배출 뒤에는 수거함 안쪽에 남은 물기를 닦고, 오염이 심한 경우 담당자에게 사진과 함께 알린다.
이 내용은 당시 운영을 마치고 보관한 참고 자료입니다.",minutes,ctx-d-037,original-synthetic:advanced-context-ko-1.0
c-26b6e8eba6b2,"이번에 전달하는 본문
온라인 강좌 출석 누락 문제를 검토하기 위해 운영 담당자와 강사들이 회의를 진행했다. 모바일 수강자는 출석 버튼이 늦게 표시된다는 의견을 냈고, 학습지원 담당자는 접속 기록은 있으나 완료 표시가 빠지는 사례를 제시했다. 자동 출석 전환을 즉시 도입하자는 제안도 있었지만, 시험 운영 자료에서 기록 오류가 확인되어 정식 적용은 보류했다. 회의에서는 새 강좌에 한해 매주 금요일 오후 6시를 출석 마감으로 두고, 기록이 없는 수강자는 다음 영업일 정오까지 문의할 수 있게 하기로 결정했다. 기존 수강 과정에는 현재 기준을 유지하며, 시스템 점검일의 연장 처리는 학습지원 담당자가 맡는다. 강사들은 첫 주 안내문에 출석 버튼 위치와 문의 기한을 적고, 담당자는 한 달 뒤 누락 건수를 다시 집계하기로 했다. 이전 검토 자료에는 자동 전환을 재논의한다는 내용이 있었으나, 이번 회의에서는 재논의 날짜를 정하지 않았다. 이 기록은 수강자에게 새 기준을 통보하는 본문이 아니라, 출석 문제에 대한 의견과 결정 및 후속 담당을 남긴 회의 기록이다.

다음은 이전 운영 때 남긴 참고 자료이며 이번 본문과 구분해 보관합니다.
이전 운영의 보관 자료
다음 주부터 새로 신청하는 온라인 강좌에는 출석 인정 기준과 확인 시간이 변경되어 적용됩니다. 수강자는 매주 금요일 오후 6시까지 강의 화면의 출석 버튼을 눌러야 하며, 접속했는데 기록이 남지 않으면 다음 영업일 정오까지 학습지원 창구에 문의해 주시기 바랍니다. 기존에 이미 수강 중인 과정에는 이번 변경이 적용되지 않습니다.

개강 전에는 본인이 사용할 휴대전화나 컴퓨터에서 강의 화면을 열어 출석 버튼이 정상적으로 보이는지 확인해 주십시오. 버튼이 보이지 않을 때는 앱을 다시 실행하거나 브라우저를 바꿔 확인한 뒤에도 문제가 계속되면 오류 내용을 담당자에게 전달하면 됩니다. 화면 캡처 제출은 필수 사항이 아니며, 강좌명과 접속 시각을 함께 알려 주시면 확인에 도움이 됩니다.

강좌별 출석 마감 시각은 첫 주 안내문에도 표시되며, 시스템 점검이 마감 시간과 겹치는 날에는 별도 공지에 적힌 연장 시각을 따릅니다. 새 강좌 신청자는 개강 전에 안내문을 확인하고 본인 기기의 접속 상태를 점검해 주십시오. 이미 처리된 수강 신청이나 결제 내역을 다시 제출할 필요는 없습니다.

앞선 운영 검토에서는 모바일 접속자의 출석 누락과 보충 시청 문의가 많았고, 접속 기록은 있으나 완료 표시가 빠지는 사례도 확인되었습니다. 자동 출석 전환은 시험 단계에서 기록 오류가 발견되어 이번 변경에 포함하지 않았으며, 기존 과정의 출석 기준도 그대로 유지됩니다. 이 내용은 과거 검토 결과를 다시 심의하려는 것이 아니라 적용 대상과 수강자의 확인 행동을 알리기 위한 안내입니다.

따라서 새 강좌를 신청한 수강자는 개강 전에 출석 버튼을 확인하고, 매주 정해진 시각까지 출석 처리를 완료해 주시기 바랍니다. 기록 누락이 발생한 경우에는 정해진 문의 기한을 지켜 학습지원 창구에 알려 주십시오. 별도의 자동 출석 도입 여부나 기존 과정의 기준 변경은 이번 안내에서 결정하지 않습니다.
이 내용은 당시 운영을 마치고 보관한 참고 자료입니다.",minutes,ctx-d-044,original-synthetic:advanced-context-ko-1.0
c-6ec0eaabff59,"이번에 전달하는 본문
지난 전시에서 책등이 안쪽으로 밀려 안내 카드가 가려진 사례가 있어 배치 기준을 다시 정리했습니다. 참고 자료에는 진열대별 권장 수량과 조명 간격이 기록되어 있습니다. 교체를 시작할 때 먼저 기존 도서의 대출 상태를 확인하고, 예약 도서는 별도 상자에 분리합니다. 이후 선반을 위에서 두 칸씩 비운 뒤 주제 표지와 도서를 함께 배치하며, 카드가 가려지면 책 수를 줄여 제목이 보이게 조정합니다. 작업이 끝나면 목록과 실제 진열을 대조하고 사진을 보관합니다. 진열대가 흔들리거나 조명이 꺼진 경우에는 배치를 계속하지 말고 시설 담당자에게 점검을 요청합니다.

다음은 이전 운영 때 남긴 참고 자료이며 이번 본문과 구분해 보관합니다.
이전 운영의 보관 자료
지난 전시 교체 논의에서는 계절별 추천 도서를 입구 진열대에 둘지 기존 창가 공간을 유지할지를 검토했습니다. 입구는 접근성이 좋다는 의견이 있었고, 창가는 햇빛으로 표지가 변색될 수 있다는 우려가 제시되었습니다. 대출 흐름을 확인하지 않고 인기 도서를 많이 배치하면 이용 불편이 생길 수 있다는 점도 함께 논의되었습니다.

참석자들은 다음 교체에서 입구 진열대를 시범 사용하기로 결정했습니다. 시범 기간은 교체 완료 후 일주일로 정하고, 인기 도서는 처음부터 수량을 늘리지 않고 실제 대출 건수와 이용자 반응을 확인한 뒤 조정하기로 했습니다. 이에 따라 전시 위치 변경 자체는 확정되었지만, 최종 수량 기준은 아직 확정하지 않았습니다.

자료 담당자는 시범 기간 동안 전시 도서의 대출 건수와 이용자 문의를 기록하고, 일주일이 지난 뒤 다음 검토 회의에 공유하기로 했습니다. 기록에는 도서별 대출 횟수와 진열 위치, 안내 카드가 가려졌는지 여부를 포함합니다. 이용자에게 교체 일정과 서가 이용 제한을 알리는 일은 안내 데스크 담당자가 맡기로 했습니다.

조명 위치를 옮기는 안건은 시설 담당자의 현장 확인이 끝날 때까지 보류했습니다. 기존 조명으로 시범 운영을 먼저 진행하고, 표지 변색이나 조도 문제가 실제로 확인될 경우 시설 담당자가 별도 작업 가능 여부와 일정을 제안하기로 했습니다. 따라서 이번 결정에는 조명 이동 승인이나 공사 일정이 포함되지 않습니다.

회의에서는 전시 후보 목록과 예약 도서 현황을 사전에 대조한 사실도 확인했습니다. 이 자료는 시범 운영을 준비하기 위한 참고 이력이며, 이미 끝난 목록 확인을 다시 요청하는 안건은 아닙니다. 이번 회의의 기록상 결정은 입구 진열대 시범 사용과 일주일간의 관찰 및 공유이고, 인기 도서 수량 조정과 조명 이동은 각각 관찰 결과와 시설 확인 이후에 다시 논의하기로 보류했습니다.
이 내용은 당시 운영을 마치고 보관한 참고 자료입니다.",manual,ctx-d-002,original-synthetic:advanced-context-ko-1.0
c-55fa022561fe,"이전 운영의 보관 자료
강당 좌석을 배치할 때는 먼저 행사 인원표, 단체 예약 구역, 출입문 위치를 대조합니다. 이전 행사에서 사용한 통로 측정표와 좌석 배치안은 기준값을 확인하는 참고 자료이며, 실제 강당 구조나 행사 규모가 다르면 현장 확인 결과를 우선합니다. 이미 예약 구역을 표시한 좌석표를 배포했더라도 변경이 생기면 기존 인쇄본을 회수할 수 있도록 배포처를 함께 기록합니다. 특정 행사에만 적용하는 안내가 아니라 담당자가 반복해서 사용할 작업 기준을 정리하는 절차입니다.

먼저 출입문에서 무대까지 이어지는 주 통로와 비상 대피 통로의 폭을 측정하고, 통로 안쪽에 의자나 장비가 걸리지 않는지 확인합니다. 휠체어석은 경사로와 가까운 구역에 두되 소방 통로와 겹치지 않게 배치하며, 보조기기 회전에 필요한 공간도 좌석 수에 포함하지 않고 비워 둡니다. 통로 폭이 기준에 미달하면 일반 좌석을 추가하지 말고 가장자리 좌석부터 줄입니다. 측정값은 날짜, 담당자, 행사명을 함께 적어 이후 배치 변경의 근거로 남깁니다.

단체 예약이 있으면 좌석표에 예약 구역의 시작과 끝을 표시하고, 현장 안내판의 표기와 일치하는지 두 명이 교차 확인합니다. 좌석 번호를 바꾼 경우에는 수정된 좌석표의 배포 시각과 배포 대상을 기록하며, 이전 버전은 사용되지 않도록 폐기합니다. 행사 직전에는 가방, 촬영 장비, 안내 배너가 통로와 경사로를 막지 않는지 다시 점검합니다. 이 점검은 참석자에게 변경을 통지하는 업무가 아니라 배치가 기준에 맞는지 확인하는 단계입니다.

현장 치수와 참고 측정표가 다르면 현장 치수를 기준으로 좌석 수를 다시 계산합니다. 계산 후에는 일반 좌석, 휠체어석, 보조기기 공간, 통로 면적을 구분해 도면에 표시하고 시설 담당자의 확인을 받습니다. 좌석표와 안내판이 일치하지 않으면 안내판을 먼저 임의로 고치지 말고 좌석표의 승인본을 확인한 뒤 두 자료를 함께 수정합니다. 변경 사유가 안전이나 이동 동선과 관련된 경우에는 담당자 서명과 확인 시각을 남깁니다.

최종 배치가 확정되면 준비 담당자는 도면과 좌석표를 현장에 전달하고, 안내 담당자는 입장 전에 지정 구역과 통로 유지 방법을 숙지합니다. 행사 중 통로에 물품이 놓이면 즉시 치우고, 행사 후에는 배치가 도면과 달라진 이유가 있는지 기록합니다. 다음 행사에서도 같은 절차를 적용하려면 측정 기록, 수정 이력, 현장 점검 결과를 함께 보관합니다. 이번 문서의 목적은 지난 검토 결과를 다시 판단하는 것이 아니라, 좌석 배치를 재사용 가능한 순서와 예외 처리 기준에 따라 실행하도록 하는 것입니다.
이 내용은 당시 운영을 마치고 보관한 참고 자료입니다.

이번에 전달하는 본문은 다음과 같습니다.
이번에 전달하는 본문
지난 운영 검토에서 작성한 통로 측정표를 참고 자료로 붙인다. 이번 회의에서는 앞줄 양쪽을 보조기기 공간으로 비우자는 안을 두고, 좌석 수가 줄어드는 문제와 입장 동선의 편의성을 차례로 논의했다. 시설 담당은 경사로 가까운 배치를 제안했고, 진행 담당은 단체 예약 구역을 고정하면 안내가 쉬워진다고 설명했다. 참석자들은 다음 행사에서 시범 배치한 뒤 이용자 의견을 모으기로 했으며, 좌석표 수정은 시설 담당이 맡고 결과 정리는 진행 담당이 담당한다. 다만 통로 폭을 더 넓힐지는 시범 결과를 본 뒤 결정하기로 했다. 이 기록은 회의에서 나온 의견과 현재 합의된 후속 조치를 남기기 위한 것이다.",minutes,ctx-d-052,original-synthetic:advanced-context-ko-1.0
c-89fffc0a4e84,"이번에 전달하는 본문
자료실 문서를 폐기할 때는 먼저 보존 기간과 열람 중인 업무가 남아 있는지 확인한다. 종이 문서는 폐기 대상 목록에 표시한 뒤 지정 수거함에 넣고, 전자 파일은 담당자 승인 후 백업 여부를 확인해 삭제한다. 법적 보존 요청이 접수된 문서는 목록에서 제외하고, 목록에 없는 문서를 발견하면 폐기하지 말고 자료실 담당자에게 검토를 요청한다.

다음은 이전 운영 때 남긴 참고 자료이며 이번 본문과 구분해 보관합니다.
이전 운영의 보관 자료
자료실 문서 폐기 일정이 조정되어 알려드립니다. 보존 기간이 끝난 종이 문서는 24일까지 지정 수거함에 넣고, 전자 파일은 27일 오후에 일괄 삭제됩니다. 폐기 대상 목록에 이견이 있으면 22일까지 자료실 담당자에게 회신해 주세요.
이 내용은 당시 운영을 마치고 보관한 참고 자료입니다.",manual,ctx-d-043,original-synthetic:advanced-context-ko-1.0
c-5eb422c4c13f,"이전 운영의 보관 자료
지난 운영 검토에서 작성한 통로 측정표와 기존 좌석 배치안은 이번 회의의 참고 자료로 배포했습니다. 해당 자료에서 출입문부터 무대까지의 주 통로 폭과 경사로 위치는 이미 확인된 사실로 보고했으며, 측정표를 다시 작성하는 안건은 상정하지 않았습니다. 이전 행사에서 단체 예약 구역을 좌석표에 표시한 조치도 완료된 것으로 확인했습니다. 이번 회의에서는 그 자료를 근거로 다음 행사에서 어떤 배치를 시범 적용할지 논의했습니다.

회의 참석자들은 앞줄 양쪽 끝 좌석을 보조기기 이용 공간으로 비우는 안을 검토했습니다. 시설 담당은 경사로와 가까운 배치가 이동에 유리하지만 일반 좌석 수가 줄어든다고 설명했고, 진행 담당은 입장 동선이 단순해져 현장 안내가 쉬워질 수 있다고 보고했습니다. 예약 담당은 단체 예약 구역을 고정하면 안내 문구를 미리 준비할 수 있으나, 참석 인원이 달라질 경우 일부 조정이 필요하다고 말했습니다. 참석자들은 좌석 수 감소 자체보다 통로 확보와 이용자 접근성을 우선해 시범 운영하자는 방향에 의견을 모았습니다.

이번 회의의 결정은 다음 행사에서 앞줄 양쪽 끝을 비운 시범 배치를 실시하고, 행사 종료 후 이용자 의견과 현장 이동 문제를 수집하는 것입니다. 좌석표 수정과 현장 배치 준비는 시설 담당이 맡고, 단체 예약자에게 변경 구역을 전달하는 일은 예약 담당이 맡습니다. 진행 담당은 행사 당일 안내원에게 변경된 동선과 보조기기 공간의 위치를 설명하고, 종료 후 의견을 취합합니다. 이미 완료된 통로 측정이나 과거 좌석표 배포는 이번 결정의 후속 업무로 다시 지정하지 않았습니다.

회의에서는 통로 폭을 현재보다 더 넓힐지와 보조기기 공간을 앞줄 전체로 확대할지도 논의했습니다. 그러나 실제 시범 결과와 이용자 의견 없이 좌석 수를 추가로 줄이는 것은 이르다는 의견이 있어 두 안건은 보류했습니다. 시설 담당은 시범 배치 후 통로에서 발생한 장애물과 이동 시간을 기록하고, 진행 담당은 안내 과정에서 반복된 질문을 정리하기로 했습니다. 보류된 안건은 다음 회의에서 검토할 자료로 남기되, 이번 행사에 자동으로 적용하지 않기로 했습니다.

회의록의 목적은 참고 자료를 다시 설명하는 것이 아니라 이번 회의에서 합의한 시범 운영, 담당자, 보류 사항을 정확히 남기는 데 있습니다. 다음 행사 전까지 시설 담당은 수정 좌석표를 작성하고, 예약 담당은 단체 예약자에게 변경 구역을 전달해야 합니다. 행사 후 진행 담당이 의견과 현장 기록을 취합하면 참석자들은 통로 폭 확대 여부를 다시 결정할 수 있습니다. 따라서 현재 확정된 것은 시범 배치와 역할 분담이며, 추가 좌석 축소와 통로 확대는 후속 논의로 남아 있습니다.
이 내용은 당시 운영을 마치고 보관한 참고 자료입니다.

이번에 전달하는 본문은 다음과 같습니다.
이번에 전달하는 본문
지난달 강당 좌석 배치 검토에서는 통로 폭과 휠체어석 위치를 다시 확인했습니다. 검토 자료는 이번 안내의 참고용으로 첨부합니다. 다음 주 수요일 행사부터 앞줄 양쪽 끝 좌석을 비워 보조기기 이용 공간으로 운영하며, 참석자는 입장 안내원의 표시를 따라 착석해 주시기 바랍니다. 행사 시작 전 좌석표가 바뀌면 현장 게시판에 최종 배치를 표시하고, 단체 예약자는 변경된 구역을 구성원에게 전달해 주십시오. 행사 후에는 통로에 놓인 물품을 바로 치워 다음 회차 준비에 지장이 없도록 합니다.",announcement,ctx-d-052,original-synthetic:advanced-context-ko-1.0
c-0bc73a60ac9a,"자막 검수 회의에서는 숫자 표기와 화자 구분 방식을 논의했다. 편집 담당자는 화면에 긴 문장이 몰리면 읽기 어렵다고 했고, 검수자는 들리지 않는 발화를 추정해 고치면 원문과 달라질 수 있다고 지적했다. 참석자들은 불명확한 구간에 시간 코드를 남기고, 숫자는 대본 표기를 따르기로 결정했다. 최종 게시일은 편집본 확인 뒤 다시 정하기로 했다.",minutes,ctx-d-039,original-synthetic:advanced-context-ko-1.0
c-909a5600c938,"발표 장비 사전 점검 일정이 변경되어 알려드립니다. 발표자는 행사 전날 오후 두 시부터 순서대로 노트북 연결, 화면 출력, 마이크 음량을 확인하며, 자료를 수정한 경우 최신 파일을 점검 담당자에게 제출해 주시기 바랍니다. 점검에 참석하기 어려운 팀은 오전까지 대체 시간을 신청해야 합니다.",announcement,ctx-d-009,original-synthetic:advanced-context-ko-1.0
c-aee9d6bbcc56,"이전 운영의 보관 자료
지도 수정 검토 회의에서는 공사 구간을 굵은 선으로 표시할지 색면으로 처리할지를 비교했습니다. 현장 담당자는 색면이 야간 화면에서 잘 보이지 않는다고 설명했고, 디자인 담당자는 굵은 선만 사용하면 우회 경로와 겹칠 수 있다고 말했습니다. 회의 전에는 이전 배포본, 현장 사진, 어린이 보호구역의 이용자 의견을 확인했으며, 그 자료는 논의의 참고 근거로만 사용했습니다.
운영 담당자는 해당 지도를 사용하는 유료 회원의 결제가 이미 정상 완료되었고 환불이나 배송 처리와 관련된 이슈는 없다고 보고했습니다. 접속 환경을 확인한 결과 모바일 화면과 인쇄 화면에서 표시가 다르게 보이는 사례가 있었지만, 회원정보를 변경하거나 계정을 재설정할 필요는 없었습니다. 이 확인 사항은 지도 표현 결정을 위한 배경이며, 별도의 고객 처리 요청으로 전환하지 않았습니다.
논의 결과 폐쇄 구간에는 굵은 선과 짧은 사선 무늬를 함께 사용하고, 우회 경로는 기존 색을 유지하기로 합의했습니다. 디자인 담당자는 두 화면용 시안을 제작하고, 현장 담당자는 다음 수요일까지 공사 종료 예정일과 실제 통행 상태를 다시 확인해 전달하기로 했습니다. 운영 담당자는 시안이 승인되면 배포 파일의 적용일과 이전 파일의 보관 위치를 기록합니다.
어린이 보호구역의 범례 문구는 이용자 테스트 결과를 본 뒤 확정하기로 했습니다. 따라서 해당 구역의 최종 배포는 문구가 정해질 때까지 보류하며, 이미 합의한 폐쇄 구간 표시 방식까지 다시 논의하는 것은 아닙니다. 회의에서는 새 파일을 즉시 배포하거나 이용자에게 기존 파일을 삭제하라고 결정하지 않았습니다.
이번 회의록은 실제 논의에서 확인한 의견, 합의된 표시 방식, 담당자별 후속 업무와 보류 결정을 남기기 위한 것입니다. 다음 회의에서는 디자인 시안과 현장 확인 결과를 함께 검토하고, 범례 문구의 확정 여부를 결정합니다. 배포 시점과 이용자 안내는 그 결정 이후 운영 담당자가 별도로 마련하기로 했습니다.
이 내용은 당시 운영을 마치고 보관한 참고 자료입니다.

이번에 전달하는 본문은 다음과 같습니다.
이번에 전달하는 본문
지난 지도 검토에서는 공사 구간 표시가 실제 통행 제한과 맞지 않는다는 의견이 나와 현장 사진과 이전 수정 이력을 대조했습니다. 검토팀은 어린이 보호구역의 우회 경로를 별도 색으로 표시하고, 임시 폐쇄 표지는 공사가 끝난 뒤에도 남아 있지 않도록 관리하기로 했습니다. 관련 검토표는 참고 자료로 보관합니다.
다음 주 월요일 배포본부터 새 경로와 폐쇄 구간 표시가 적용됩니다. 이용자는 기존에 내려받은 지도를 삭제한 뒤 새 파일을 받아야 하며, 현장 안내판과 모바일 화면의 경로가 다르면 배포 담당자에게 위치를 알려 주세요. 공사 일정이 다시 바뀐 구역은 이번 배포 대상에서 제외하고 별도 안내합니다.",announcement,ctx-d-058,original-synthetic:advanced-context-ko-1.0
c-5f462b1c8b9f,"이번에 전달하는 본문
학교 신문 원고를 접수할 때는 먼저 제출함의 호수와 학급을 확인한다. 파일명은 학년, 필자 이름, 원고 제목 순서로 작성하고, 같은 필자가 여러 편을 낼 경우 제목까지 달리 적는다. 사진이나 인터뷰 녹음이 포함되면 사용 동의서가 있는지 확인한 뒤 원고와 함께 저장한다. 접수 화면에서 파일이 열리는지 확인하고, 누락된 동의서가 있으면 접수 상태를 보류로 표시해 편집 담당에게 알린다. 마감일이 지난 파일은 임의로 편집 대기 목록에 넣지 말고 다음 호 폴더로 이동한다. 지난 편집 모임에서 사용했던 목록 양식은 확인용으로만 참고하며, 실제 접수 여부는 제출함 기록을 기준으로 판단한다.

다음은 이전 운영 때 남긴 참고 자료이며 이번 본문과 구분해 보관합니다.
이전 운영의 보관 자료
지난 목요일 학교 신문 편집 모임에서는 3월호 원고 접수 방식과 사진 자료 처리 기준을 논의했습니다. 참석자는 담당 교사, 편집 담당 학생 두 명, 학급 대표 세 명이었고, 서기는 발언과 결정 사항을 회의 기록표에 정리했습니다. 종이 원고를 병행하자는 의견도 나왔으나, 지난 학기에 분실 사례가 있었던 점을 확인한 뒤 이번 3월호는 학급별 온라인 제출함만 사용하기로 결정했습니다.

파일명은 학년과 필자 이름을 포함하는 방식으로 통일하기로 했습니다. 제목까지 넣자는 제안은 검색에는 도움이 되지만 입력 오류가 늘 수 있다는 이유로 이번 회의에서는 보류했습니다. 파일명 규칙을 적용하는 일은 편집 담당자가 맡고, 서기는 결정된 형식을 회의 기록에 반영하기로 했습니다.

사진 사용 동의서가 빠진 원고를 즉시 반려할지 보류할지를 두고 참석자들의 의견이 갈렸습니다. 담당 교사는 학생에게 보완 기회를 주자는 입장을 밝혔고, 최종 반려 기준은 다음 편집 모임에서 다시 정하기로 했습니다. 따라서 이번 회의에서는 누락 원고를 보류 목록에 올리는 임시 처리만 확정했으며, 반려 기준은 아직 결정되지 않았습니다.

접수 마감 시각은 다음 주 수요일 오후 5시로 안내하기로 했고, 학급 대표들은 각 반에 제출함 주소와 동의서 양식을 전달하기로 했습니다. 이 안내 전달은 회의에서 정한 후속 조치이며, 이미 모든 학생의 원고가 접수되었다는 뜻은 아닙니다. 제출된 파일의 실제 접수 여부는 온라인 기록을 기준으로 확인하기로 했습니다.

회의 종료 후 서기는 결정 사항, 보류 안건, 담당자를 구분해 참석자에게 공유했습니다. 다음 회의에서는 사진 동의서 누락 시 최종 처리 기준과 제목 포함 여부를 다시 검토할 예정이며, 그 전까지는 이번에 확정한 임시 기준을 적용합니다. 이 기록은 지난 논의의 분위기를 소개하는 글이 아니라, 이번 회의에서 무엇을 결정했고 무엇을 남겼는지 확인하기 위한 자료입니다.
이 내용은 당시 운영을 마치고 보관한 참고 자료입니다.",manual,ctx-d-032,original-synthetic:advanced-context-ko-1.0
c-be0e74b8bbe4,"이전 운영의 보관 자료
지난달 고객지원 게시판 점검에서 종료된 할인 행사 안내와 같은 내용의 배송 문의가 여러 건 남아 있는 것이 확인되었습니다. 운영팀은 게시물의 보존 기준을 검토하면서, 주문번호가 포함된 글은 공개 상태로 오래 두지 말아야 한다는 의견도 함께 확인했습니다. 다만 환불이나 배송 분쟁의 처리 경과를 확인해야 하는 글까지 즉시 삭제하면 상담 기록을 추적하기 어렵다는 점이 참고 자료에 정리되어 있습니다.

이전 접수에서는 특정 상품의 배송 지연 문의가 반복되었고, 상담원이 주문 상태와 결제 완료 여부를 확인한 뒤 판매자에게 재배송 가능 여부를 문의한 사실이 기록되어 있습니다. 해당 주문의 결제 승인은 이미 정상 처리되었으며, 고객 계정의 연락처와 최근 접속 기기는 본인 확인 절차를 거쳐 변경 사항이 없는 것으로 확인되었습니다. 이 내용은 새 조치가 필요한 요청이 아니라, 게시물 보존 기간을 정할 때 참고한 상담 이력입니다.

운영 검토 문서에는 게시글을 일괄 삭제하는 대신 기본 공개 기간을 정하고, 기간이 지난 글은 개인정보와 분쟁 관련성을 살핀 뒤 제한 보관하자는 방안이 제시되었습니다. 주문번호, 전화번호, 주소가 포함된 글은 공개 목록에서 우선 숨기되, 처리 중인 상담은 담당 부서가 확인할 수 있도록 내부 기록으로 남기기로 했습니다. 게시물 수정이 필요할 때에는 원문을 덮어쓰지 않고 변경 시각과 처리자를 기록한다는 기준도 이미 확인되었습니다.

이번 주 수요일부터 고객지원 게시판의 기본 공개 기간은 30일로 변경됩니다. 각 상담 담당자는 기간이 지난 글 가운데 아직 답변이나 환불 확인이 끝나지 않은 건을 금요일까지 목록으로 제출하고, 보존 사유와 예상 종료일을 함께 적어야 합니다. 이미 결제가 완료된 주문을 다시 승인 요청하는 일이나 회원정보를 재확인하는 일은 이번 변경에 포함되지 않습니다.

수신 부서는 새 기준을 적용할 때 진행 중인 분쟁 글을 임의로 삭제하지 말고 내부 보관 대상으로 표시해 주시기 바랍니다. 공개를 계속해야 하는 행사 안내나 배송 공지는 종료일을 등록해야 하며, 종료일이 없는 글은 관리자가 사유를 확인한 뒤 보관 처리합니다. 이번 안내의 목적은 과거 상담을 다시 접수하는 것이 아니라, 변경된 게시판 공개 기준과 담당자가 해야 할 제출 절차를 전달하는 데 있습니다.
이 내용은 당시 운영을 마치고 보관한 참고 자료입니다.

이번에 전달하는 본문은 다음과 같습니다.
이번에 전달하는 본문
학생회 게시판을 관리할 때에는 게시글의 등록일과 담당 부서를 먼저 확인하고, 노출 기간이 지난 글은 내용 보존이 필요한지 검토한다. 보존할 글은 원문을 수정하지 않은 상태로 보관함에 옮기고, 이동 날짜와 사유를 관리표에 적는다. 삭제 요청이 들어와도 행사 결과나 회계 공개와 관련된 글이면 담당 부서에 확인한 뒤 처리한다.

지난 점검에서 같은 행사를 알리는 글이 여러 번 올라온 사례가 있어, 새 글을 등록하기 전에 제목과 행사 날짜를 검색하도록 기준을 추가했다. 수정이 필요한 경우에는 기존 글의 변경 이력을 남기고 새 담당자와 종료 예정일을 기록한다. 게시판 이용자가 규정 위반 글을 신고하면 접수 시각과 조치 결과를 관리표에 남기며, 판단이 어려운 글은 임의로 삭제하지 않고 운영 책임자에게 넘긴다.",manual,ctx-d-040,original-synthetic:advanced-context-ko-1.0
c-e98d5c348772,"이번에 전달하는 본문
이번 주 합창 연습부터 새 편곡 악보를 사용합니다. 파트별 파일은 오늘 저녁 공유함에 올리고, 단원은 자신의 파트와 공통 악보를 내려받아 다음 연습 전까지 준비해 주세요. 지난 연습에서 표시한 호흡 위치는 새 파일에도 반영했으며, 인쇄본이 필요한 단원은 수요일까지 지휘 담당자에게 신청하면 됩니다.

다음은 이전 운영 때 남긴 참고 자료이며 이번 본문과 구분해 보관합니다.
이전 운영의 보관 자료
지난 합창 연습 뒤 파트장들이 악보 배부 문제를 논의했다. 소프라노는 수정 표시가 늦게 전달됐다고 했고, 테너는 공통 악보와 파트 악보가 다른 폴더에 있어 혼동했다고 설명했다. 참석자들은 다음 곡부터 수정 날짜를 파일명에 넣고 공통 악보를 별도 폴더에 두기로 결정했다. 인쇄본 신청은 파트장들이 취합하고, 지휘 담당자는 금요일 전까지 새 파일을 올리기로 했다. 알토 파트의 누락 여부는 다음 연습 시작 전에 확인하기로 했으며, 배부 방식 자체를 바꿀지는 한 달간 시험한 뒤 다시 논의한다.
이 내용은 당시 운영을 마치고 보관한 참고 자료입니다.",announcement,ctx-d-013,original-synthetic:advanced-context-ko-1.0
c-3becdf00fa6f,"공유 주방을 예약할 때는 먼저 이용 인원과 필요한 조리대를 확인하고, 예약표에서 같은 시간대의 세척 작업이 있는지 살핀다. 식재료를 반입하는 경우에는 보관함 번호를 예약 메모에 적고, 이용 종료 후 남은 재료와 쓰레기를 모두 반출한다. 예약을 취소할 때는 시작 시각 전까지 시스템에서 상태를 변경하며, 당일 취소는 관리자에게 사유를 남긴다.",manual,ctx-d-025,original-synthetic:advanced-context-ko-1.0
c-764c048c911a,"이전 운영의 보관 자료
촬영 준비 회의에는 공연 담당자, 촬영 담당자, 음향 담당자가 참석했으며, 기존 접수 자료에 적힌 공연 시간과 출연자 수를 기준으로 장비 규모를 검토했습니다. 공연 비용 결제와 장소 사용 승인 여부는 회의 전에 확인되어 별도 처리할 사항이 아니었습니다. 참석자들은 지난 촬영에서 케이블이 객석 통로를 가렸던 문제와 관람객 이동에 지장이 없도록 해야 한다는 점을 함께 검토했습니다.

첫 번째 안건은 전체 무대를 한 대의 카메라로 촬영할지, 표정과 세부 동작을 위해 보조 카메라를 추가할지였습니다. 보조 카메라를 사용하면 장면 선택의 폭이 넓어진다는 의견이 있었지만, 삼각대와 케이블이 객석 통로를 침범할 가능성이 있다는 우려도 제기되었습니다. 음향 담당자는 장비가 늘어나면 케이블 정리와 입력 확인 시간이 길어질 수 있다고 설명했습니다.

논의 결과 첫 공연에서는 전체 무대용 카메라 한 대만 사용하기로 결정했습니다. 촬영 담당자는 통로를 비우고 케이블을 바닥 고정재로 정리하며, 리허설에서 화면과 음향 상태를 확인하기로 했습니다. 관람객 이동에 문제가 없다는 판단이 내려지기 전에는 보조 카메라를 설치하지 않기로 했습니다.

첫 공연이 끝난 뒤 촬영 담당자는 음향 포화 여부, 화면 누락, 관람객 통행 방해 여부를 확인해 결과를 공유합니다. 보조 카메라 도입 여부는 그 자료를 본 뒤 다시 결정하며, 현재 회의에서 추가 장비 구매나 다음 공연 설치를 승인한 것은 아닙니다. 공연 다음 날 결과물 확인 일정은 기존 안내에 따라 별도로 전달하기로 했습니다.

회의에서 정한 담당은 촬영 담당자가 현장 운영과 결과 자료 작성을 맡고, 음향 담당자가 입력 상태를 확인하는 것입니다. 공연 담당자는 출연자 도착과 관람객 안내를 조정하며, 통로 문제가 생기면 촬영 담당자에게 즉시 알립니다. 이 기록은 과거 촬영 사례를 참고해 이번 회의의 결정과 보류 사항, 후속 담당을 남기는 문서이며 일반적인 촬영 방법을 새로 설명하는 글은 아닙니다.
이 내용은 당시 운영을 마치고 보관한 참고 자료입니다.

이번에 전달하는 본문은 다음과 같습니다.
이번에 전달하는 본문
소규모 공연 촬영은 9월 14일 오후 7시에 진행되며, 출연자는 공연 시작 한 시간 전까지 대기실에 도착해 주세요. 촬영 중에는 객석 뒤 통로를 비워야 하고, 관람객은 휴대전화 알림을 꺼야 합니다. 촬영본 확인 일정은 공연 다음 날 별도로 안내합니다.",announcement,ctx-d-004,original-synthetic:advanced-context-ko-1.0
adv-add-d-e9a0f8ae5965,"이전 검토 때 보관한 참고자료
촉각 지도를 검수할 때는 먼저 돌출 기호와 범례의 대응 번호를 대조합니다. 손으로 구별하기 어려운 기호를 표시한 뒤 확인된 위치만 검수표에 기록합니다. 기호가 겹친 곳은 임의로 깎거나 고치지 말고 제작 담당자에게 원본과 함께 전달합니다.

촉각 지도 검토에서는 안내도를 전부 교체하자는 의견과 일부 안내자에게 먼저 제공하자는 의견을 비교했다. 참석자들은 사전 신청 안내자에게만 시험본을 배포하고 종이 안내도는 유지하기로 했다. 전체 교체와 정식 배포일은 이용 결과를 본 뒤 다시 검토하기로 했다.
위 내용은 지난 단계의 참고자료이며 현재 전달 내용에 대한 확정 지시로 사용하지 않습니다.

현재 전달하는 본문
이번 목요일부터 촉각 지도의 시험 배포는 사전 신청한 안내자에게만 진행합니다. 기존 종이 안내도는 계속 제공하며, 시험 참여가 일반 방문객의 입장 조건은 아닙니다. 정식 배포일은 이용 결과를 확인한 뒤 따로 알립니다.",announcement,advanced-documents-added-v1-001,team-added-synthetic:advanced-documents-context-v1
adv-add-d-846f6899a776,"현재 전달하는 본문
이번 목요일부터 촉각 지도의 시험 배포는 사전 신청한 안내자에게만 진행합니다. 기존 종이 안내도는 계속 제공하며, 시험 참여가 일반 방문객의 입장 조건은 아닙니다. 정식 배포일은 이용 결과를 확인한 뒤 따로 알립니다.

별도로 보관한 지난 단계의 참고자료
촉각 지도 검토에서는 안내도를 전부 교체하자는 의견과 일부 안내자에게 먼저 제공하자는 의견을 비교했다. 참석자들은 사전 신청 안내자에게만 시험본을 배포하고 종이 안내도는 유지하기로 했다. 전체 교체와 정식 배포일은 이용 결과를 본 뒤 다시 검토하기로 했다.

촉각 지도를 검수할 때는 먼저 돌출 기호와 범례의 대응 번호를 대조합니다. 손으로 구별하기 어려운 기호를 표시한 뒤 확인된 위치만 검수표에 기록합니다. 기호가 겹친 곳은 임의로 깎거나 고치지 말고 제작 담당자에게 원본과 함께 전달합니다.
참고자료의 제안과 일정은 위 본문의 적용 사항으로 자동 전환하지 않습니다.",announcement,advanced-documents-added-v1-001,team-added-synthetic:advanced-documents-context-v1
adv-add-d-1541bd2456fe,"이전 검토 때 보관한 참고자료
이번 목요일부터 촉각 지도의 시험 배포는 사전 신청한 안내자에게만 진행합니다. 기존 종이 안내도는 계속 제공하며, 시험 참여가 일반 방문객의 입장 조건은 아닙니다. 정식 배포일은 이용 결과를 확인한 뒤 따로 알립니다.

촉각 지도 검토에서는 안내도를 전부 교체하자는 의견과 일부 안내자에게 먼저 제공하자는 의견을 비교했다. 참석자들은 사전 신청 안내자에게만 시험본을 배포하고 종이 안내도는 유지하기로 했다. 전체 교체와 정식 배포일은 이용 결과를 본 뒤 다시 검토하기로 했다.
위 내용은 지난 단계의 참고자료이며 현재 전달 내용에 대한 확정 지시로 사용하지 않습니다.

현재 전달하는 본문
촉각 지도를 검수할 때는 먼저 돌출 기호와 범례의 대응 번호를 대조합니다. 손으로 구별하기 어려운 기호를 표시한 뒤 확인된 위치만 검수표에 기록합니다. 기호가 겹친 곳은 임의로 깎거나 고치지 말고 제작 담당자에게 원본과 함께 전달합니다.",manual,advanced-documents-added-v1-001,team-added-synthetic:advanced-documents-context-v1
adv-add-d-d9c8766a82fd,"현재 전달하는 본문
촉각 지도를 검수할 때는 먼저 돌출 기호와 범례의 대응 번호를 대조합니다. 손으로 구별하기 어려운 기호를 표시한 뒤 확인된 위치만 검수표에 기록합니다. 기호가 겹친 곳은 임의로 깎거나 고치지 말고 제작 담당자에게 원본과 함께 전달합니다.

별도로 보관한 지난 단계의 참고자료
촉각 지도 검토에서는 안내도를 전부 교체하자는 의견과 일부 안내자에게 먼저 제공하자는 의견을 비교했다. 참석자들은 사전 신청 안내자에게만 시험본을 배포하고 종이 안내도는 유지하기로 했다. 전체 교체와 정식 배포일은 이용 결과를 본 뒤 다시 검토하기로 했다.

이번 목요일부터 촉각 지도의 시험 배포는 사전 신청한 안내자에게만 진행합니다. 기존 종이 안내도는 계속 제공하며, 시험 참여가 일반 방문객의 입장 조건은 아닙니다. 정식 배포일은 이용 결과를 확인한 뒤 따로 알립니다.
참고자료의 제안과 일정은 위 본문의 적용 사항으로 자동 전환하지 않습니다.",manual,advanced-documents-added-v1-001,team-added-synthetic:advanced-documents-context-v1
adv-add-d-fac4730c6038,"이전 검토 때 보관한 참고자료
이번 목요일부터 촉각 지도의 시험 배포는 사전 신청한 안내자에게만 진행합니다. 기존 종이 안내도는 계속 제공하며, 시험 참여가 일반 방문객의 입장 조건은 아닙니다. 정식 배포일은 이용 결과를 확인한 뒤 따로 알립니다.

촉각 지도를 검수할 때는 먼저 돌출 기호와 범례의 대응 번호를 대조합니다. 손으로 구별하기 어려운 기호를 표시한 뒤 확인된 위치만 검수표에 기록합니다. 기호가 겹친 곳은 임의로 깎거나 고치지 말고 제작 담당자에게 원본과 함께 전달합니다.
위 내용은 지난 단계의 참고자료이며 현재 전달 내용에 대한 확정 지시로 사용하지 않습니다.

현재 전달하는 본문
촉각 지도 검토에서는 안내도를 전부 교체하자는 의견과 일부 안내자에게 먼저 제공하자는 의견을 비교했다. 참석자들은 사전 신청 안내자에게만 시험본을 배포하고 종이 안내도는 유지하기로 했다. 전체 교체와 정식 배포일은 이용 결과를 본 뒤 다시 검토하기로 했다.",minutes,advanced-documents-added-v1-001,team-added-synthetic:advanced-documents-context-v1
adv-add-d-db5870364e4c,"현재 전달하는 본문
촉각 지도 검토에서는 안내도를 전부 교체하자는 의견과 일부 안내자에게 먼저 제공하자는 의견을 비교했다. 참석자들은 사전 신청 안내자에게만 시험본을 배포하고 종이 안내도는 유지하기로 했다. 전체 교체와 정식 배포일은 이용 결과를 본 뒤 다시 검토하기로 했다.

별도로 보관한 지난 단계의 참고자료
촉각 지도를 검수할 때는 먼저 돌출 기호와 범례의 대응 번호를 대조합니다. 손으로 구별하기 어려운 기호를 표시한 뒤 확인된 위치만 검수표에 기록합니다. 기호가 겹친 곳은 임의로 깎거나 고치지 말고 제작 담당자에게 원본과 함께 전달합니다.

이번 목요일부터 촉각 지도의 시험 배포는 사전 신청한 안내자에게만 진행합니다. 기존 종이 안내도는 계속 제공하며, 시험 참여가 일반 방문객의 입장 조건은 아닙니다. 정식 배포일은 이용 결과를 확인한 뒤 따로 알립니다.
참고자료의 제안과 일정은 위 본문의 적용 사항으로 자동 전환하지 않습니다.",minutes,advanced-documents-added-v1-001,team-added-synthetic:advanced-documents-context-v1
adv-add-d-305f7a864212,"이전 검토 때 보관한 참고자료
동명이인 화자를 구분하려면 먼저 인터뷰 번호와 화자 확인표를 대조합니다. 확인표에 지역이 명시된 경우에만 검색 표시용 정보를 입력하고 녹취문 본문은 그대로 둡니다. 같은 이름이라는 이유로 기록을 합치거나 지역을 추정해 넣지 않습니다.

구술 기록 검색 개선 회의에서 동명이인 자료를 하나로 합치자는 제안이 나왔다. 기록 담당자는 서로 다른 화자가 섞일 수 있다고 설명했고, 확인된 지역을 검색 표시로 덧붙이는 방안을 선택했다. 녹취문 통합은 채택하지 않았으며 미확인 지역은 그대로 남기기로 했다.
위 내용은 지난 단계의 참고자료이며 현재 전달 내용에 대한 확정 지시로 사용하지 않습니다.

현재 전달하는 본문
다음 달부터 구술 기록 검색 화면에서 이름이 같은 화자는 지역 구분을 함께 표시합니다. 기존 녹취문 본문은 수정하지 않으며, 지역 정보가 확인되지 않은 기록은 기존 표시를 유지합니다. 이 변경은 기록 공개 범위를 넓히는 조치가 아닙니다.",announcement,advanced-documents-added-v1-002,team-added-synthetic:advanced-documents-context-v1
adv-add-d-4197ddf61e93,"현재 전달하는 본문
다음 달부터 구술 기록 검색 화면에서 이름이 같은 화자는 지역 구분을 함께 표시합니다. 기존 녹취문 본문은 수정하지 않으며, 지역 정보가 확인되지 않은 기록은 기존 표시를 유지합니다. 이 변경은 기록 공개 범위를 넓히는 조치가 아닙니다.

별도로 보관한 지난 단계의 참고자료
구술 기록 검색 개선 회의에서 동명이인 자료를 하나로 합치자는 제안이 나왔다. 기록 담당자는 서로 다른 화자가 섞일 수 있다고 설명했고, 확인된 지역을 검색 표시로 덧붙이는 방안을 선택했다. 녹취문 통합은 채택하지 않았으며 미확인 지역은 그대로 남기기로 했다.

동명이인 화자를 구분하려면 먼저 인터뷰 번호와 화자 확인표를 대조합니다. 확인표에 지역이 명시된 경우에만 검색 표시용 정보를 입력하고 녹취문 본문은 그대로 둡니다. 같은 이름이라는 이유로 기록을 합치거나 지역을 추정해 넣지 않습니다.
참고자료의 제안과 일정은 위 본문의 적용 사항으로 자동 전환하지 않습니다.",announcement,advanced-documents-added-v1-002,team-added-synthetic:advanced-documents-context-v1
adv-add-d-30faee305e34,"이전 검토 때 보관한 참고자료
다음 달부터 구술 기록 검색 화면에서 이름이 같은 화자는 지역 구분을 함께 표시합니다. 기존 녹취문 본문은 수정하지 않으며, 지역 정보가 확인되지 않은 기록은 기존 표시를 유지합니다. 이 변경은 기록 공개 범위를 넓히는 조치가 아닙니다.

구술 기록 검색 개선 회의에서 동명이인 자료를 하나로 합치자는 제안이 나왔다. 기록 담당자는 서로 다른 화자가 섞일 수 있다고 설명했고, 확인된 지역을 검색 표시로 덧붙이는 방안을 선택했다. 녹취문 통합은 채택하지 않았으며 미확인 지역은 그대로 남기기로 했다.
위 내용은 지난 단계의 참고자료이며 현재 전달 내용에 대한 확정 지시로 사용하지 않습니다.

현재 전달하는 본문
동명이인 화자를 구분하려면 먼저 인터뷰 번호와 화자 확인표를 대조합니다. 확인표에 지역이 명시된 경우에만 검색 표시용 정보를 입력하고 녹취문 본문은 그대로 둡니다. 같은 이름이라는 이유로 기록을 합치거나 지역을 추정해 넣지 않습니다.",manual,advanced-documents-added-v1-002,team-added-synthetic:advanced-documents-context-v1
adv-add-d-29bd89f4e2b2,"현재 전달하는 본문
동명이인 화자를 구분하려면 먼저 인터뷰 번호와 화자 확인표를 대조합니다. 확인표에 지역이 명시된 경우에만 검색 표시용 정보를 입력하고 녹취문 본문은 그대로 둡니다. 같은 이름이라는 이유로 기록을 합치거나 지역을 추정해 넣지 않습니다.

별도로 보관한 지난 단계의 참고자료
구술 기록 검색 개선 회의에서 동명이인 자료를 하나로 합치자는 제안이 나왔다. 기록 담당자는 서로 다른 화자가 섞일 수 있다고 설명했고, 확인된 지역을 검색 표시로 덧붙이는 방안을 선택했다. 녹취문 통합은 채택하지 않았으며 미확인 지역은 그대로 남기기로 했다.

다음 달부터 구술 기록 검색 화면에서 이름이 같은 화자는 지역 구분을 함께 표시합니다. 기존 녹취문 본문은 수정하지 않으며, 지역 정보가 확인되지 않은 기록은 기존 표시를 유지합니다. 이 변경은 기록 공개 범위를 넓히는 조치가 아닙니다.
참고자료의 제안과 일정은 위 본문의 적용 사항으로 자동 전환하지 않습니다.",manual,advanced-documents-added-v1-002,team-added-synthetic:advanced-documents-context-v1
adv-add-d-f2267b1fc7e8,"이전 검토 때 보관한 참고자료
다음 달부터 구술 기록 검색 화면에서 이름이 같은 화자는 지역 구분을 함께 표시합니다. 기존 녹취문 본문은 수정하지 않으며, 지역 정보가 확인되지 않은 기록은 기존 표시를 유지합니다. 이 변경은 기록 공개 범위를 넓히는 조치가 아닙니다.

동명이인 화자를 구분하려면 먼저 인터뷰 번호와 화자 확인표를 대조합니다. 확인표에 지역이 명시된 경우에만 검색 표시용 정보를 입력하고 녹취문 본문은 그대로 둡니다. 같은 이름이라는 이유로 기록을 합치거나 지역을 추정해 넣지 않습니다.
위 내용은 지난 단계의 참고자료이며 현재 전달 내용에 대한 확정 지시로 사용하지 않습니다.

현재 전달하는 본문
구술 기록 검색 개선 회의에서 동명이인 자료를 하나로 합치자는 제안이 나왔다. 기록 담당자는 서로 다른 화자가 섞일 수 있다고 설명했고, 확인된 지역을 검색 표시로 덧붙이는 방안을 선택했다. 녹취문 통합은 채택하지 않았으며 미확인 지역은 그대로 남기기로 했다.",minutes,advanced-documents-added-v1-002,team-added-synthetic:advanced-documents-context-v1
adv-add-d-1333c84cce2d,"현재 전달하는 본문
구술 기록 검색 개선 회의에서 동명이인 자료를 하나로 합치자는 제안이 나왔다. 기록 담당자는 서로 다른 화자가 섞일 수 있다고 설명했고, 확인된 지역을 검색 표시로 덧붙이는 방안을 선택했다. 녹취문 통합은 채택하지 않았으며 미확인 지역은 그대로 남기기로 했다.

별도로 보관한 지난 단계의 참고자료
동명이인 화자를 구분하려면 먼저 인터뷰 번호와 화자 확인표를 대조합니다. 확인표에 지역이 명시된 경우에만 검색 표시용 정보를 입력하고 녹취문 본문은 그대로 둡니다. 같은 이름이라는 이유로 기록을 합치거나 지역을 추정해 넣지 않습니다.

다음 달부터 구술 기록 검색 화면에서 이름이 같은 화자는 지역 구분을 함께 표시합니다. 기존 녹취문 본문은 수정하지 않으며, 지역 정보가 확인되지 않은 기록은 기존 표시를 유지합니다. 이 변경은 기록 공개 범위를 넓히는 조치가 아닙니다.
참고자료의 제안과 일정은 위 본문의 적용 사항으로 자동 전환하지 않습니다.",minutes,advanced-documents-added-v1-002,team-added-synthetic:advanced-documents-context-v1
adv-add-d-94c46efae487,"이전 검토 때 보관한 참고자료
대형 도면 상태를 기록할 때는 펼치기 전에 기존 접힘선을 관찰합니다. 접힘 위치를 별지에 표시하고 손상이 있는 곳은 사진 번호를 연결합니다. 펼치는 중 저항이 느껴지면 힘을 주지 말고 중단한 상태와 위치를 담당자에게 전달합니다.

대형 도면 관리 검토에서 접힘선을 모두 펴서 보관하자는 의견이 제시됐다. 보존 담당자는 상태에 따라 손상이 커질 수 있다고 설명했다. 참석자들은 접힘 상태표를 먼저 작성하고 수선 여부는 개별 확인하기로 했으며 일괄 평탄화는 결정하지 않았다.
위 내용은 지난 단계의 참고자료이며 현재 전달 내용에 대한 확정 지시로 사용하지 않습니다.

현재 전달하는 본문
이번 주 접수하는 대형 도면에는 접힘 위치를 나타내는 별도 상태표가 붙습니다. 열람 신청 방식은 유지하며 상태표가 있다는 이유로 열람이 금지되지는 않습니다. 수선이 필요한 도면의 제공 여부는 담당자가 개별 확인합니다.",announcement,advanced-documents-added-v1-003,team-added-synthetic:advanced-documents-context-v1
adv-add-d-89838809b06b,"현재 전달하는 본문
이번 주 접수하는 대형 도면에는 접힘 위치를 나타내는 별도 상태표가 붙습니다. 열람 신청 방식은 유지하며 상태표가 있다는 이유로 열람이 금지되지는 않습니다. 수선이 필요한 도면의 제공 여부는 담당자가 개별 확인합니다.

별도로 보관한 지난 단계의 참고자료
대형 도면 관리 검토에서 접힘선을 모두 펴서 보관하자는 의견이 제시됐다. 보존 담당자는 상태에 따라 손상이 커질 수 있다고 설명했다. 참석자들은 접힘 상태표를 먼저 작성하고 수선 여부는 개별 확인하기로 했으며 일괄 평탄화는 결정하지 않았다.

대형 도면 상태를 기록할 때는 펼치기 전에 기존 접힘선을 관찰합니다. 접힘 위치를 별지에 표시하고 손상이 있는 곳은 사진 번호를 연결합니다. 펼치는 중 저항이 느껴지면 힘을 주지 말고 중단한 상태와 위치를 담당자에게 전달합니다.
참고자료의 제안과 일정은 위 본문의 적용 사항으로 자동 전환하지 않습니다.",announcement,advanced-documents-added-v1-003,team-added-synthetic:advanced-documents-context-v1
adv-add-d-8187f2114329,"이전 검토 때 보관한 참고자료
이번 주 접수하는 대형 도면에는 접힘 위치를 나타내는 별도 상태표가 붙습니다. 열람 신청 방식은 유지하며 상태표가 있다는 이유로 열람이 금지되지는 않습니다. 수선이 필요한 도면의 제공 여부는 담당자가 개별 확인합니다.

대형 도면 관리 검토에서 접힘선을 모두 펴서 보관하자는 의견이 제시됐다. 보존 담당자는 상태에 따라 손상이 커질 수 있다고 설명했다. 참석자들은 접힘 상태표를 먼저 작성하고 수선 여부는 개별 확인하기로 했으며 일괄 평탄화는 결정하지 않았다.
위 내용은 지난 단계의 참고자료이며 현재 전달 내용에 대한 확정 지시로 사용하지 않습니다.

현재 전달하는 본문
대형 도면 상태를 기록할 때는 펼치기 전에 기존 접힘선을 관찰합니다. 접힘 위치를 별지에 표시하고 손상이 있는 곳은 사진 번호를 연결합니다. 펼치는 중 저항이 느껴지면 힘을 주지 말고 중단한 상태와 위치를 담당자에게 전달합니다.",manual,advanced-documents-added-v1-003,team-added-synthetic:advanced-documents-context-v1
adv-add-d-170771e789bd,"현재 전달하는 본문
대형 도면 상태를 기록할 때는 펼치기 전에 기존 접힘선을 관찰합니다. 접힘 위치를 별지에 표시하고 손상이 있는 곳은 사진 번호를 연결합니다. 펼치는 중 저항이 느껴지면 힘을 주지 말고 중단한 상태와 위치를 담당자에게 전달합니다.

별도로 보관한 지난 단계의 참고자료
대형 도면 관리 검토에서 접힘선을 모두 펴서 보관하자는 의견이 제시됐다. 보존 담당자는 상태에 따라 손상이 커질 수 있다고 설명했다. 참석자들은 접힘 상태표를 먼저 작성하고 수선 여부는 개별 확인하기로 했으며 일괄 평탄화는 결정하지 않았다.

이번 주 접수하는 대형 도면에는 접힘 위치를 나타내는 별도 상태표가 붙습니다. 열람 신청 방식은 유지하며 상태표가 있다는 이유로 열람이 금지되지는 않습니다. 수선이 필요한 도면의 제공 여부는 담당자가 개별 확인합니다.
참고자료의 제안과 일정은 위 본문의 적용 사항으로 자동 전환하지 않습니다.",manual,advanced-documents-added-v1-003,team-added-synthetic:advanced-documents-context-v1
adv-add-d-92eb31f573d4,"이전 검토 때 보관한 참고자료
이번 주 접수하는 대형 도면에는 접힘 위치를 나타내는 별도 상태표가 붙습니다. 열람 신청 방식은 유지하며 상태표가 있다는 이유로 열람이 금지되지는 않습니다. 수선이 필요한 도면의 제공 여부는 담당자가 개별 확인합니다.

대형 도면 상태를 기록할 때는 펼치기 전에 기존 접힘선을 관찰합니다. 접힘 위치를 별지에 표시하고 손상이 있는 곳은 사진 번호를 연결합니다. 펼치는 중 저항이 느껴지면 힘을 주지 말고 중단한 상태와 위치를 담당자에게 전달합니다.
위 내용은 지난 단계의 참고자료이며 현재 전달 내용에 대한 확정 지시로 사용하지 않습니다.

현재 전달하는 본문
대형 도면 관리 검토에서 접힘선을 모두 펴서 보관하자는 의견이 제시됐다. 보존 담당자는 상태에 따라 손상이 커질 수 있다고 설명했다. 참석자들은 접힘 상태표를 먼저 작성하고 수선 여부는 개별 확인하기로 했으며 일괄 평탄화는 결정하지 않았다.",minutes,advanced-documents-added-v1-003,team-added-synthetic:advanced-documents-context-v1
adv-add-d-dd7ea5777090,"현재 전달하는 본문
대형 도면 관리 검토에서 접힘선을 모두 펴서 보관하자는 의견이 제시됐다. 보존 담당자는 상태에 따라 손상이 커질 수 있다고 설명했다. 참석자들은 접힘 상태표를 먼저 작성하고 수선 여부는 개별 확인하기로 했으며 일괄 평탄화는 결정하지 않았다.

별도로 보관한 지난 단계의 참고자료
대형 도면 상태를 기록할 때는 펼치기 전에 기존 접힘선을 관찰합니다. 접힘 위치를 별지에 표시하고 손상이 있는 곳은 사진 번호를 연결합니다. 펼치는 중 저항이 느껴지면 힘을 주지 말고 중단한 상태와 위치를 담당자에게 전달합니다.

이번 주 접수하는 대형 도면에는 접힘 위치를 나타내는 별도 상태표가 붙습니다. 열람 신청 방식은 유지하며 상태표가 있다는 이유로 열람이 금지되지는 않습니다. 수선이 필요한 도면의 제공 여부는 담당자가 개별 확인합니다.
참고자료의 제안과 일정은 위 본문의 적용 사항으로 자동 전환하지 않습니다.",minutes,advanced-documents-added-v1-003,team-added-synthetic:advanced-documents-context-v1
adv-add-d-19f755f94284,"이전 검토 때 보관한 참고자료
음반 면을 식별할 때에는 중앙 표기의 번호와 소장 목록을 먼저 대조합니다. 양면의 번호를 따로 기록하고 어느 면을 확인했는지 상태를 표시합니다. 표기가 닳아 읽히지 않으면 곡 제목만으로 면을 확정하지 않고 확인 대기 항목으로 남깁니다.

음반 목록 정비에서 같은 음반의 양면을 한 상태로 처리하자는 제안이 나왔다. 담당자들은 한 면만 확인된 경우가 있어 양면의 상태를 분리하기로 합의했다. 닳은 번호를 곡 제목으로 대신 확정하는 방안은 채택하지 않았다.
위 내용은 지난 단계의 참고자료이며 현재 전달 내용에 대한 확정 지시로 사용하지 않습니다.

현재 전달하는 본문
음반 열람 신청자는 다음 주부터 원하는 면의 식별 번호도 신청서에 적어 주세요. 양면을 신청할 수 있지만 한 면의 확인이 지연되면 다른 면의 제공까지 자동 취소되지는 않습니다. 확인되지 않은 면의 제공 일정은 별도 안내합니다.",announcement,advanced-documents-added-v1-004,team-added-synthetic:advanced-documents-context-v1
adv-add-d-5055671ed7c4,"현재 전달하는 본문
음반 열람 신청자는 다음 주부터 원하는 면의 식별 번호도 신청서에 적어 주세요. 양면을 신청할 수 있지만 한 면의 확인이 지연되면 다른 면의 제공까지 자동 취소되지는 않습니다. 확인되지 않은 면의 제공 일정은 별도 안내합니다.

별도로 보관한 지난 단계의 참고자료
음반 목록 정비에서 같은 음반의 양면을 한 상태로 처리하자는 제안이 나왔다. 담당자들은 한 면만 확인된 경우가 있어 양면의 상태를 분리하기로 합의했다. 닳은 번호를 곡 제목으로 대신 확정하는 방안은 채택하지 않았다.

음반 면을 식별할 때에는 중앙 표기의 번호와 소장 목록을 먼저 대조합니다. 양면의 번호를 따로 기록하고 어느 면을 확인했는지 상태를 표시합니다. 표기가 닳아 읽히지 않으면 곡 제목만으로 면을 확정하지 않고 확인 대기 항목으로 남깁니다.
참고자료의 제안과 일정은 위 본문의 적용 사항으로 자동 전환하지 않습니다.",announcement,advanced-documents-added-v1-004,team-added-synthetic:advanced-documents-context-v1
adv-add-d-48cfae3a4432,"이전 검토 때 보관한 참고자료
음반 열람 신청자는 다음 주부터 원하는 면의 식별 번호도 신청서에 적어 주세요. 양면을 신청할 수 있지만 한 면의 확인이 지연되면 다른 면의 제공까지 자동 취소되지는 않습니다. 확인되지 않은 면의 제공 일정은 별도 안내합니다.

음반 목록 정비에서 같은 음반의 양면을 한 상태로 처리하자는 제안이 나왔다. 담당자들은 한 면만 확인된 경우가 있어 양면의 상태를 분리하기로 합의했다. 닳은 번호를 곡 제목으로 대신 확정하는 방안은 채택하지 않았다.
위 내용은 지난 단계의 참고자료이며 현재 전달 내용에 대한 확정 지시로 사용하지 않습니다.

현재 전달하는 본문
음반 면을 식별할 때에는 중앙 표기의 번호와 소장 목록을 먼저 대조합니다. 양면의 번호를 따로 기록하고 어느 면을 확인했는지 상태를 표시합니다. 표기가 닳아 읽히지 않으면 곡 제목만으로 면을 확정하지 않고 확인 대기 항목으로 남깁니다.",manual,advanced-documents-added-v1-004,team-added-synthetic:advanced-documents-context-v1
adv-add-d-f7fb66fe1685,"현재 전달하는 본문
음반 면을 식별할 때에는 중앙 표기의 번호와 소장 목록을 먼저 대조합니다. 양면의 번호를 따로 기록하고 어느 면을 확인했는지 상태를 표시합니다. 표기가 닳아 읽히지 않으면 곡 제목만으로 면을 확정하지 않고 확인 대기 항목으로 남깁니다.

별도로 보관한 지난 단계의 참고자료
음반 목록 정비에서 같은 음반의 양면을 한 상태로 처리하자는 제안이 나왔다. 담당자들은 한 면만 확인된 경우가 있어 양면의 상태를 분리하기로 합의했다. 닳은 번호를 곡 제목으로 대신 확정하는 방안은 채택하지 않았다.

음반 열람 신청자는 다음 주부터 원하는 면의 식별 번호도 신청서에 적어 주세요. 양면을 신청할 수 있지만 한 면의 확인이 지연되면 다른 면의 제공까지 자동 취소되지는 않습니다. 확인되지 않은 면의 제공 일정은 별도 안내합니다.
참고자료의 제안과 일정은 위 본문의 적용 사항으로 자동 전환하지 않습니다.",manual,advanced-documents-added-v1-004,team-added-synthetic:advanced-documents-context-v1
adv-add-d-7794f50b8a90,"이전 검토 때 보관한 참고자료
음반 열람 신청자는 다음 주부터 원하는 면의 식별 번호도 신청서에 적어 주세요. 양면을 신청할 수 있지만 한 면의 확인이 지연되면 다른 면의 제공까지 자동 취소되지는 않습니다. 확인되지 않은 면의 제공 일정은 별도 안내합니다.

음반 면을 식별할 때에는 중앙 표기의 번호와 소장 목록을 먼저 대조합니다. 양면의 번호를 따로 기록하고 어느 면을 확인했는지 상태를 표시합니다. 표기가 닳아 읽히지 않으면 곡 제목만으로 면을 확정하지 않고 확인 대기 항목으로 남깁니다.
위 내용은 지난 단계의 참고자료이며 현재 전달 내용에 대한 확정 지시로 사용하지 않습니다.

현재 전달하는 본문
음반 목록 정비에서 같은 음반의 양면을 한 상태로 처리하자는 제안이 나왔다. 담당자들은 한 면만 확인된 경우가 있어 양면의 상태를 분리하기로 합의했다. 닳은 번호를 곡 제목으로 대신 확정하는 방안은 채택하지 않았다.",minutes,advanced-documents-added-v1-004,team-added-synthetic:advanced-documents-context-v1
adv-add-d-f8f1c6a03ddc,"현재 전달하는 본문
음반 목록 정비에서 같은 음반의 양면을 한 상태로 처리하자는 제안이 나왔다. 담당자들은 한 면만 확인된 경우가 있어 양면의 상태를 분리하기로 합의했다. 닳은 번호를 곡 제목으로 대신 확정하는 방안은 채택하지 않았다.

별도로 보관한 지난 단계의 참고자료
음반 면을 식별할 때에는 중앙 표기의 번호와 소장 목록을 먼저 대조합니다. 양면의 번호를 따로 기록하고 어느 면을 확인했는지 상태를 표시합니다. 표기가 닳아 읽히지 않으면 곡 제목만으로 면을 확정하지 않고 확인 대기 항목으로 남깁니다.

음반 열람 신청자는 다음 주부터 원하는 면의 식별 번호도 신청서에 적어 주세요. 양면을 신청할 수 있지만 한 면의 확인이 지연되면 다른 면의 제공까지 자동 취소되지는 않습니다. 확인되지 않은 면의 제공 일정은 별도 안내합니다.
참고자료의 제안과 일정은 위 본문의 적용 사항으로 자동 전환하지 않습니다.",minutes,advanced-documents-added-v1-004,team-added-synthetic:advanced-documents-context-v1
adv-add-d-797c85d7f207,"이전 검토 때 보관한 참고자료
모형 부품을 분류할 때에는 색보다 연결면의 좌우 표시를 먼저 확인합니다. 같은 방향의 부품을 나누어 놓고 목록에 적힌 수량과 대조합니다. 표시가 지워진 부품은 모양만으로 판정하지 말고 미확인 통에 넣어 담당자에게 전달합니다.

조립 체험 준비 회의에서 같은 색의 부품을 함께 포장하자는 의견이 있었다. 좌우 부품이 혼합된 사례를 검토한 뒤 연결면 표시 확인을 우선하기로 했다. 미확인 세트는 신청을 취소하지 않고 대기시키며 배부일은 검사 후 결정하기로 했다.
위 내용은 지난 단계의 참고자료이며 현재 전달 내용에 대한 확정 지시로 사용하지 않습니다.

현재 전달하는 본문
이번 조립 체험에서는 좌우 부품 확인이 끝난 모형 세트만 배부합니다. 색이 같은 세트라도 확인 상태에 따라 배부 대상이 다르며, 미확인 세트의 신청은 취소하지 않고 대기 상태로 둡니다. 대기 세트의 배부 시점은 검사 후 안내합니다.",announcement,advanced-documents-added-v1-005,team-added-synthetic:advanced-documents-context-v1
adv-add-d-8496d300d020,"현재 전달하는 본문
이번 조립 체험에서는 좌우 부품 확인이 끝난 모형 세트만 배부합니다. 색이 같은 세트라도 확인 상태에 따라 배부 대상이 다르며, 미확인 세트의 신청은 취소하지 않고 대기 상태로 둡니다. 대기 세트의 배부 시점은 검사 후 안내합니다.

별도로 보관한 지난 단계의 참고자료
조립 체험 준비 회의에서 같은 색의 부품을 함께 포장하자는 의견이 있었다. 좌우 부품이 혼합된 사례를 검토한 뒤 연결면 표시 확인을 우선하기로 했다. 미확인 세트는 신청을 취소하지 않고 대기시키며 배부일은 검사 후 결정하기로 했다.

모형 부품을 분류할 때에는 색보다 연결면의 좌우 표시를 먼저 확인합니다. 같은 방향의 부품을 나누어 놓고 목록에 적힌 수량과 대조합니다. 표시가 지워진 부품은 모양만으로 판정하지 말고 미확인 통에 넣어 담당자에게 전달합니다.
참고자료의 제안과 일정은 위 본문의 적용 사항으로 자동 전환하지 않습니다.",announcement,advanced-documents-added-v1-005,team-added-synthetic:advanced-documents-context-v1
adv-add-d-3a54e4c36fe4,"이전 검토 때 보관한 참고자료
이번 조립 체험에서는 좌우 부품 확인이 끝난 모형 세트만 배부합니다. 색이 같은 세트라도 확인 상태에 따라 배부 대상이 다르며, 미확인 세트의 신청은 취소하지 않고 대기 상태로 둡니다. 대기 세트의 배부 시점은 검사 후 안내합니다.

조립 체험 준비 회의에서 같은 색의 부품을 함께 포장하자는 의견이 있었다. 좌우 부품이 혼합된 사례를 검토한 뒤 연결면 표시 확인을 우선하기로 했다. 미확인 세트는 신청을 취소하지 않고 대기시키며 배부일은 검사 후 결정하기로 했다.
위 내용은 지난 단계의 참고자료이며 현재 전달 내용에 대한 확정 지시로 사용하지 않습니다.

현재 전달하는 본문
모형 부품을 분류할 때에는 색보다 연결면의 좌우 표시를 먼저 확인합니다. 같은 방향의 부품을 나누어 놓고 목록에 적힌 수량과 대조합니다. 표시가 지워진 부품은 모양만으로 판정하지 말고 미확인 통에 넣어 담당자에게 전달합니다.",manual,advanced-documents-added-v1-005,team-added-synthetic:advanced-documents-context-v1
adv-add-d-8a7b82813534,"현재 전달하는 본문
모형 부품을 분류할 때에는 색보다 연결면의 좌우 표시를 먼저 확인합니다. 같은 방향의 부품을 나누어 놓고 목록에 적힌 수량과 대조합니다. 표시가 지워진 부품은 모양만으로 판정하지 말고 미확인 통에 넣어 담당자에게 전달합니다.

별도로 보관한 지난 단계의 참고자료
조립 체험 준비 회의에서 같은 색의 부품을 함께 포장하자는 의견이 있었다. 좌우 부품이 혼합된 사례를 검토한 뒤 연결면 표시 확인을 우선하기로 했다. 미확인 세트는 신청을 취소하지 않고 대기시키며 배부일은 검사 후 결정하기로 했다.

이번 조립 체험에서는 좌우 부품 확인이 끝난 모형 세트만 배부합니다. 색이 같은 세트라도 확인 상태에 따라 배부 대상이 다르며, 미확인 세트의 신청은 취소하지 않고 대기 상태로 둡니다. 대기 세트의 배부 시점은 검사 후 안내합니다.
참고자료의 제안과 일정은 위 본문의 적용 사항으로 자동 전환하지 않습니다.",manual,advanced-documents-added-v1-005,team-added-synthetic:advanced-documents-context-v1
adv-add-d-bbc90b210492,"이전 검토 때 보관한 참고자료
이번 조립 체험에서는 좌우 부품 확인이 끝난 모형 세트만 배부합니다. 색이 같은 세트라도 확인 상태에 따라 배부 대상이 다르며, 미확인 세트의 신청은 취소하지 않고 대기 상태로 둡니다. 대기 세트의 배부 시점은 검사 후 안내합니다.

모형 부품을 분류할 때에는 색보다 연결면의 좌우 표시를 먼저 확인합니다. 같은 방향의 부품을 나누어 놓고 목록에 적힌 수량과 대조합니다. 표시가 지워진 부품은 모양만으로 판정하지 말고 미확인 통에 넣어 담당자에게 전달합니다.
위 내용은 지난 단계의 참고자료이며 현재 전달 내용에 대한 확정 지시로 사용하지 않습니다.

현재 전달하는 본문
조립 체험 준비 회의에서 같은 색의 부품을 함께 포장하자는 의견이 있었다. 좌우 부품이 혼합된 사례를 검토한 뒤 연결면 표시 확인을 우선하기로 했다. 미확인 세트는 신청을 취소하지 않고 대기시키며 배부일은 검사 후 결정하기로 했다.",minutes,advanced-documents-added-v1-005,team-added-synthetic:advanced-documents-context-v1
adv-add-d-d7b073a1728c,"현재 전달하는 본문
조립 체험 준비 회의에서 같은 색의 부품을 함께 포장하자는 의견이 있었다. 좌우 부품이 혼합된 사례를 검토한 뒤 연결면 표시 확인을 우선하기로 했다. 미확인 세트는 신청을 취소하지 않고 대기시키며 배부일은 검사 후 결정하기로 했다.

별도로 보관한 지난 단계의 참고자료
모형 부품을 분류할 때에는 색보다 연결면의 좌우 표시를 먼저 확인합니다. 같은 방향의 부품을 나누어 놓고 목록에 적힌 수량과 대조합니다. 표시가 지워진 부품은 모양만으로 판정하지 말고 미확인 통에 넣어 담당자에게 전달합니다.

이번 조립 체험에서는 좌우 부품 확인이 끝난 모형 세트만 배부합니다. 색이 같은 세트라도 확인 상태에 따라 배부 대상이 다르며, 미확인 세트의 신청은 취소하지 않고 대기 상태로 둡니다. 대기 세트의 배부 시점은 검사 후 안내합니다.
참고자료의 제안과 일정은 위 본문의 적용 사항으로 자동 전환하지 않습니다.",minutes,advanced-documents-added-v1-005,team-added-synthetic:advanced-documents-context-v1
adv-add-d-bd4a952c6273,"이전 검토 때 보관한 참고자료
수어 영상의 방향을 확인할 때에는 촬영 원본과 배포본의 화면을 나란히 비교합니다. 배경 표식과 검수 지점을 확인하고 반전 의심 구간을 시간 코드로 남깁니다. 화면 방향이 다르더라도 담당자의 확인 없이 전체 영상을 뒤집어 저장하지 않습니다.

수어 영상 검토에서 모든 배포본을 일괄 반전하자는 의견이 나왔다. 검수자는 일부 파일만 문제가 있을 수 있다고 설명했다. 참석자들은 원본과 대조한 파일만 수정하고 기존 자막 안내는 유지하기로 했으며 수정본 게시일은 보류했다.
위 내용은 지난 단계의 참고자료이며 현재 전달 내용에 대한 확정 지시로 사용하지 않습니다.

현재 전달하는 본문
다음 배포부터 수어 안내 영상은 좌우 반전 검수가 끝난 파일만 제공합니다. 기존 자막 안내는 계속 사용할 수 있으며 영상 검수 지연으로 행사 신청이 중단되지는 않습니다. 수정 영상 게시일은 검수 결과를 확인한 뒤 알립니다.",announcement,advanced-documents-added-v1-006,team-added-synthetic:advanced-documents-context-v1
adv-add-d-90c779f3a838,"현재 전달하는 본문
다음 배포부터 수어 안내 영상은 좌우 반전 검수가 끝난 파일만 제공합니다. 기존 자막 안내는 계속 사용할 수 있으며 영상 검수 지연으로 행사 신청이 중단되지는 않습니다. 수정 영상 게시일은 검수 결과를 확인한 뒤 알립니다.

별도로 보관한 지난 단계의 참고자료
수어 영상 검토에서 모든 배포본을 일괄 반전하자는 의견이 나왔다. 검수자는 일부 파일만 문제가 있을 수 있다고 설명했다. 참석자들은 원본과 대조한 파일만 수정하고 기존 자막 안내는 유지하기로 했으며 수정본 게시일은 보류했다.

수어 영상의 방향을 확인할 때에는 촬영 원본과 배포본의 화면을 나란히 비교합니다. 배경 표식과 검수 지점을 확인하고 반전 의심 구간을 시간 코드로 남깁니다. 화면 방향이 다르더라도 담당자의 확인 없이 전체 영상을 뒤집어 저장하지 않습니다.
참고자료의 제안과 일정은 위 본문의 적용 사항으로 자동 전환하지 않습니다.",announcement,advanced-documents-added-v1-006,team-added-synthetic:advanced-documents-context-v1
adv-add-d-3d43bf07740a,"이전 검토 때 보관한 참고자료
다음 배포부터 수어 안내 영상은 좌우 반전 검수가 끝난 파일만 제공합니다. 기존 자막 안내는 계속 사용할 수 있으며 영상 검수 지연으로 행사 신청이 중단되지는 않습니다. 수정 영상 게시일은 검수 결과를 확인한 뒤 알립니다.

수어 영상 검토에서 모든 배포본을 일괄 반전하자는 의견이 나왔다. 검수자는 일부 파일만 문제가 있을 수 있다고 설명했다. 참석자들은 원본과 대조한 파일만 수정하고 기존 자막 안내는 유지하기로 했으며 수정본 게시일은 보류했다.
위 내용은 지난 단계의 참고자료이며 현재 전달 내용에 대한 확정 지시로 사용하지 않습니다.

현재 전달하는 본문
수어 영상의 방향을 확인할 때에는 촬영 원본과 배포본의 화면을 나란히 비교합니다. 배경 표식과 검수 지점을 확인하고 반전 의심 구간을 시간 코드로 남깁니다. 화면 방향이 다르더라도 담당자의 확인 없이 전체 영상을 뒤집어 저장하지 않습니다.",manual,advanced-documents-added-v1-006,team-added-synthetic:advanced-documents-context-v1
adv-add-d-ded99c5ccbd4,"현재 전달하는 본문
수어 영상의 방향을 확인할 때에는 촬영 원본과 배포본의 화면을 나란히 비교합니다. 배경 표식과 검수 지점을 확인하고 반전 의심 구간을 시간 코드로 남깁니다. 화면 방향이 다르더라도 담당자의 확인 없이 전체 영상을 뒤집어 저장하지 않습니다.

별도로 보관한 지난 단계의 참고자료
수어 영상 검토에서 모든 배포본을 일괄 반전하자는 의견이 나왔다. 검수자는 일부 파일만 문제가 있을 수 있다고 설명했다. 참석자들은 원본과 대조한 파일만 수정하고 기존 자막 안내는 유지하기로 했으며 수정본 게시일은 보류했다.

다음 배포부터 수어 안내 영상은 좌우 반전 검수가 끝난 파일만 제공합니다. 기존 자막 안내는 계속 사용할 수 있으며 영상 검수 지연으로 행사 신청이 중단되지는 않습니다. 수정 영상 게시일은 검수 결과를 확인한 뒤 알립니다.
참고자료의 제안과 일정은 위 본문의 적용 사항으로 자동 전환하지 않습니다.",manual,advanced-documents-added-v1-006,team-added-synthetic:advanced-documents-context-v1
adv-add-d-cd0c995c745e,"이전 검토 때 보관한 참고자료
다음 배포부터 수어 안내 영상은 좌우 반전 검수가 끝난 파일만 제공합니다. 기존 자막 안내는 계속 사용할 수 있으며 영상 검수 지연으로 행사 신청이 중단되지는 않습니다. 수정 영상 게시일은 검수 결과를 확인한 뒤 알립니다.

수어 영상의 방향을 확인할 때에는 촬영 원본과 배포본의 화면을 나란히 비교합니다. 배경 표식과 검수 지점을 확인하고 반전 의심 구간을 시간 코드로 남깁니다. 화면 방향이 다르더라도 담당자의 확인 없이 전체 영상을 뒤집어 저장하지 않습니다.
위 내용은 지난 단계의 참고자료이며 현재 전달 내용에 대한 확정 지시로 사용하지 않습니다.

현재 전달하는 본문
수어 영상 검토에서 모든 배포본을 일괄 반전하자는 의견이 나왔다. 검수자는 일부 파일만 문제가 있을 수 있다고 설명했다. 참석자들은 원본과 대조한 파일만 수정하고 기존 자막 안내는 유지하기로 했으며 수정본 게시일은 보류했다.",minutes,advanced-documents-added-v1-006,team-added-synthetic:advanced-documents-context-v1
adv-add-d-a7f5967fddb3,"현재 전달하는 본문
수어 영상 검토에서 모든 배포본을 일괄 반전하자는 의견이 나왔다. 검수자는 일부 파일만 문제가 있을 수 있다고 설명했다. 참석자들은 원본과 대조한 파일만 수정하고 기존 자막 안내는 유지하기로 했으며 수정본 게시일은 보류했다.

별도로 보관한 지난 단계의 참고자료
수어 영상의 방향을 확인할 때에는 촬영 원본과 배포본의 화면을 나란히 비교합니다. 배경 표식과 검수 지점을 확인하고 반전 의심 구간을 시간 코드로 남깁니다. 화면 방향이 다르더라도 담당자의 확인 없이 전체 영상을 뒤집어 저장하지 않습니다.

다음 배포부터 수어 안내 영상은 좌우 반전 검수가 끝난 파일만 제공합니다. 기존 자막 안내는 계속 사용할 수 있으며 영상 검수 지연으로 행사 신청이 중단되지는 않습니다. 수정 영상 게시일은 검수 결과를 확인한 뒤 알립니다.
참고자료의 제안과 일정은 위 본문의 적용 사항으로 자동 전환하지 않습니다.",minutes,advanced-documents-added-v1-006,team-added-synthetic:advanced-documents-context-v1
adv-add-d-5e254a4c7148,"이전 검토 때 보관한 참고자료
신문 부록을 등록하려면 먼저 발행일과 연결된 본지 번호를 대조합니다. 확인된 연결 번호를 기록한 뒤 부록 자체의 자료 번호를 발급합니다. 날짜만 같고 연결 근거가 없으면 임의로 본지에 연결하지 말고 확인 대기로 남깁니다.

신문 정리 회의에서 부록을 본지 페이지에 일괄 포함시키자는 제안이 나왔다. 자료 담당자는 별도 배포된 부록을 구분할 필요가 있다고 설명했다. 부록은 독립 번호로 등록하되 확인된 본지와 연결하기로 했고 미확인 연결의 처리는 보류했다.
위 내용은 지난 단계의 참고자료이며 현재 전달 내용에 대한 확정 지시로 사용하지 않습니다.

현재 전달하는 본문
이번 주부터 신문 부록은 본지와 별도의 자료 번호로 검색됩니다. 본지 열람 예약은 그대로 유지하며 부록이 없는 호를 누락 자료로 단정하지 않습니다. 부록 소장 여부는 해당 번호의 확인 상태를 참고해 주세요.",announcement,advanced-documents-added-v1-007,team-added-synthetic:advanced-documents-context-v1
adv-add-d-1785feb48397,"현재 전달하는 본문
이번 주부터 신문 부록은 본지와 별도의 자료 번호로 검색됩니다. 본지 열람 예약은 그대로 유지하며 부록이 없는 호를 누락 자료로 단정하지 않습니다. 부록 소장 여부는 해당 번호의 확인 상태를 참고해 주세요.

별도로 보관한 지난 단계의 참고자료
신문 정리 회의에서 부록을 본지 페이지에 일괄 포함시키자는 제안이 나왔다. 자료 담당자는 별도 배포된 부록을 구분할 필요가 있다고 설명했다. 부록은 독립 번호로 등록하되 확인된 본지와 연결하기로 했고 미확인 연결의 처리는 보류했다.

신문 부록을 등록하려면 먼저 발행일과 연결된 본지 번호를 대조합니다. 확인된 연결 번호를 기록한 뒤 부록 자체의 자료 번호를 발급합니다. 날짜만 같고 연결 근거가 없으면 임의로 본지에 연결하지 말고 확인 대기로 남깁니다.
참고자료의 제안과 일정은 위 본문의 적용 사항으로 자동 전환하지 않습니다.",announcement,advanced-documents-added-v1-007,team-added-synthetic:advanced-documents-context-v1
adv-add-d-67e3e74e8c9a,"이전 검토 때 보관한 참고자료
이번 주부터 신문 부록은 본지와 별도의 자료 번호로 검색됩니다. 본지 열람 예약은 그대로 유지하며 부록이 없는 호를 누락 자료로 단정하지 않습니다. 부록 소장 여부는 해당 번호의 확인 상태를 참고해 주세요.

신문 정리 회의에서 부록을 본지 페이지에 일괄 포함시키자는 제안이 나왔다. 자료 담당자는 별도 배포된 부록을 구분할 필요가 있다고 설명했다. 부록은 독립 번호로 등록하되 확인된 본지와 연결하기로 했고 미확인 연결의 처리는 보류했다.
위 내용은 지난 단계의 참고자료이며 현재 전달 내용에 대한 확정 지시로 사용하지 않습니다.

현재 전달하는 본문
신문 부록을 등록하려면 먼저 발행일과 연결된 본지 번호를 대조합니다. 확인된 연결 번호를 기록한 뒤 부록 자체의 자료 번호를 발급합니다. 날짜만 같고 연결 근거가 없으면 임의로 본지에 연결하지 말고 확인 대기로 남깁니다.",manual,advanced-documents-added-v1-007,team-added-synthetic:advanced-documents-context-v1
adv-add-d-589e4ebbee49,"현재 전달하는 본문
신문 부록을 등록하려면 먼저 발행일과 연결된 본지 번호를 대조합니다. 확인된 연결 번호를 기록한 뒤 부록 자체의 자료 번호를 발급합니다. 날짜만 같고 연결 근거가 없으면 임의로 본지에 연결하지 말고 확인 대기로 남깁니다.

별도로 보관한 지난 단계의 참고자료
신문 정리 회의에서 부록을 본지 페이지에 일괄 포함시키자는 제안이 나왔다. 자료 담당자는 별도 배포된 부록을 구분할 필요가 있다고 설명했다. 부록은 독립 번호로 등록하되 확인된 본지와 연결하기로 했고 미확인 연결의 처리는 보류했다.

이번 주부터 신문 부록은 본지와 별도의 자료 번호로 검색됩니다. 본지 열람 예약은 그대로 유지하며 부록이 없는 호를 누락 자료로 단정하지 않습니다. 부록 소장 여부는 해당 번호의 확인 상태를 참고해 주세요.
참고자료의 제안과 일정은 위 본문의 적용 사항으로 자동 전환하지 않습니다.",manual,advanced-documents-added-v1-007,team-added-synthetic:advanced-documents-context-v1
adv-add-d-c8d7eb0767a8,"이전 검토 때 보관한 참고자료
이번 주부터 신문 부록은 본지와 별도의 자료 번호로 검색됩니다. 본지 열람 예약은 그대로 유지하며 부록이 없는 호를 누락 자료로 단정하지 않습니다. 부록 소장 여부는 해당 번호의 확인 상태를 참고해 주세요.

신문 부록을 등록하려면 먼저 발행일과 연결된 본지 번호를 대조합니다. 확인된 연결 번호를 기록한 뒤 부록 자체의 자료 번호를 발급합니다. 날짜만 같고 연결 근거가 없으면 임의로 본지에 연결하지 말고 확인 대기로 남깁니다.
위 내용은 지난 단계의 참고자료이며 현재 전달 내용에 대한 확정 지시로 사용하지 않습니다.

현재 전달하는 본문
신문 정리 회의에서 부록을 본지 페이지에 일괄 포함시키자는 제안이 나왔다. 자료 담당자는 별도 배포된 부록을 구분할 필요가 있다고 설명했다. 부록은 독립 번호로 등록하되 확인된 본지와 연결하기로 했고 미확인 연결의 처리는 보류했다.",minutes,advanced-documents-added-v1-007,team-added-synthetic:advanced-documents-context-v1
adv-add-d-7d4577d55157,"현재 전달하는 본문
신문 정리 회의에서 부록을 본지 페이지에 일괄 포함시키자는 제안이 나왔다. 자료 담당자는 별도 배포된 부록을 구분할 필요가 있다고 설명했다. 부록은 독립 번호로 등록하되 확인된 본지와 연결하기로 했고 미확인 연결의 처리는 보류했다.

별도로 보관한 지난 단계의 참고자료
신문 부록을 등록하려면 먼저 발행일과 연결된 본지 번호를 대조합니다. 확인된 연결 번호를 기록한 뒤 부록 자체의 자료 번호를 발급합니다. 날짜만 같고 연결 근거가 없으면 임의로 본지에 연결하지 말고 확인 대기로 남깁니다.

이번 주부터 신문 부록은 본지와 별도의 자료 번호로 검색됩니다. 본지 열람 예약은 그대로 유지하며 부록이 없는 호를 누락 자료로 단정하지 않습니다. 부록 소장 여부는 해당 번호의 확인 상태를 참고해 주세요.
참고자료의 제안과 일정은 위 본문의 적용 사항으로 자동 전환하지 않습니다.",minutes,advanced-documents-added-v1-007,team-added-synthetic:advanced-documents-context-v1
adv-add-d-321fd496cf81,"이전 검토 때 보관한 참고자료
주화 사진을 등록할 때에는 촬영된 면과 목록의 면 구분을 먼저 확인합니다. 확인한 면의 파일을 연결한 뒤 다른 면의 사진이 중복 연결되지 않았는지 점검합니다. 표식이 불분명하면 촬영자의 설명만으로 앞뒷면을 확정하지 않습니다.

주화 촬영 범위를 논의하며 모든 신청에 양면 촬영을 포함하자는 의견이 있었다. 촬영 담당자는 요청별 범위가 달라 한 면씩 신청하도록 하자고 제안했다. 참석자들은 면 구분 접수를 채택했고 일괄 양면 촬영은 결정하지 않았다.
위 내용은 지난 단계의 참고자료이며 현재 전달 내용에 대한 확정 지시로 사용하지 않습니다.

현재 전달하는 본문
기념 주화 촬영 신청자는 이번 차수부터 앞면과 뒷면의 촬영 요청을 구분해 제출해 주세요. 한 면만 신청해도 접수할 수 있으며 양면 촬영이 기본으로 포함되지는 않습니다. 추가 면 촬영은 소장 상태 확인 후 안내합니다.",announcement,advanced-documents-added-v1-008,team-added-synthetic:advanced-documents-context-v1
adv-add-d-7b9f5fd3845c,"현재 전달하는 본문
기념 주화 촬영 신청자는 이번 차수부터 앞면과 뒷면의 촬영 요청을 구분해 제출해 주세요. 한 면만 신청해도 접수할 수 있으며 양면 촬영이 기본으로 포함되지는 않습니다. 추가 면 촬영은 소장 상태 확인 후 안내합니다.

별도로 보관한 지난 단계의 참고자료
주화 촬영 범위를 논의하며 모든 신청에 양면 촬영을 포함하자는 의견이 있었다. 촬영 담당자는 요청별 범위가 달라 한 면씩 신청하도록 하자고 제안했다. 참석자들은 면 구분 접수를 채택했고 일괄 양면 촬영은 결정하지 않았다.

주화 사진을 등록할 때에는 촬영된 면과 목록의 면 구분을 먼저 확인합니다. 확인한 면의 파일을 연결한 뒤 다른 면의 사진이 중복 연결되지 않았는지 점검합니다. 표식이 불분명하면 촬영자의 설명만으로 앞뒷면을 확정하지 않습니다.
참고자료의 제안과 일정은 위 본문의 적용 사항으로 자동 전환하지 않습니다.",announcement,advanced-documents-added-v1-008,team-added-synthetic:advanced-documents-context-v1
adv-add-d-1d68d730d754,"이전 검토 때 보관한 참고자료
기념 주화 촬영 신청자는 이번 차수부터 앞면과 뒷면의 촬영 요청을 구분해 제출해 주세요. 한 면만 신청해도 접수할 수 있으며 양면 촬영이 기본으로 포함되지는 않습니다. 추가 면 촬영은 소장 상태 확인 후 안내합니다.

주화 촬영 범위를 논의하며 모든 신청에 양면 촬영을 포함하자는 의견이 있었다. 촬영 담당자는 요청별 범위가 달라 한 면씩 신청하도록 하자고 제안했다. 참석자들은 면 구분 접수를 채택했고 일괄 양면 촬영은 결정하지 않았다.
위 내용은 지난 단계의 참고자료이며 현재 전달 내용에 대한 확정 지시로 사용하지 않습니다.

현재 전달하는 본문
주화 사진을 등록할 때에는 촬영된 면과 목록의 면 구분을 먼저 확인합니다. 확인한 면의 파일을 연결한 뒤 다른 면의 사진이 중복 연결되지 않았는지 점검합니다. 표식이 불분명하면 촬영자의 설명만으로 앞뒷면을 확정하지 않습니다.",manual,advanced-documents-added-v1-008,team-added-synthetic:advanced-documents-context-v1
adv-add-d-220331797ea1,"현재 전달하는 본문
주화 사진을 등록할 때에는 촬영된 면과 목록의 면 구분을 먼저 확인합니다. 확인한 면의 파일을 연결한 뒤 다른 면의 사진이 중복 연결되지 않았는지 점검합니다. 표식이 불분명하면 촬영자의 설명만으로 앞뒷면을 확정하지 않습니다.

별도로 보관한 지난 단계의 참고자료
주화 촬영 범위를 논의하며 모든 신청에 양면 촬영을 포함하자는 의견이 있었다. 촬영 담당자는 요청별 범위가 달라 한 면씩 신청하도록 하자고 제안했다. 참석자들은 면 구분 접수를 채택했고 일괄 양면 촬영은 결정하지 않았다.

기념 주화 촬영 신청자는 이번 차수부터 앞면과 뒷면의 촬영 요청을 구분해 제출해 주세요. 한 면만 신청해도 접수할 수 있으며 양면 촬영이 기본으로 포함되지는 않습니다. 추가 면 촬영은 소장 상태 확인 후 안내합니다.
참고자료의 제안과 일정은 위 본문의 적용 사항으로 자동 전환하지 않습니다.",manual,advanced-documents-added-v1-008,team-added-synthetic:advanced-documents-context-v1
adv-add-d-390ffc20721d,"이전 검토 때 보관한 참고자료
기념 주화 촬영 신청자는 이번 차수부터 앞면과 뒷면의 촬영 요청을 구분해 제출해 주세요. 한 면만 신청해도 접수할 수 있으며 양면 촬영이 기본으로 포함되지는 않습니다. 추가 면 촬영은 소장 상태 확인 후 안내합니다.

주화 사진을 등록할 때에는 촬영된 면과 목록의 면 구분을 먼저 확인합니다. 확인한 면의 파일을 연결한 뒤 다른 면의 사진이 중복 연결되지 않았는지 점검합니다. 표식이 불분명하면 촬영자의 설명만으로 앞뒷면을 확정하지 않습니다.
위 내용은 지난 단계의 참고자료이며 현재 전달 내용에 대한 확정 지시로 사용하지 않습니다.

현재 전달하는 본문
주화 촬영 범위를 논의하며 모든 신청에 양면 촬영을 포함하자는 의견이 있었다. 촬영 담당자는 요청별 범위가 달라 한 면씩 신청하도록 하자고 제안했다. 참석자들은 면 구분 접수를 채택했고 일괄 양면 촬영은 결정하지 않았다.",minutes,advanced-documents-added-v1-008,team-added-synthetic:advanced-documents-context-v1
adv-add-d-92b5248c9d8c,"현재 전달하는 본문
주화 촬영 범위를 논의하며 모든 신청에 양면 촬영을 포함하자는 의견이 있었다. 촬영 담당자는 요청별 범위가 달라 한 면씩 신청하도록 하자고 제안했다. 참석자들은 면 구분 접수를 채택했고 일괄 양면 촬영은 결정하지 않았다.

별도로 보관한 지난 단계의 참고자료
주화 사진을 등록할 때에는 촬영된 면과 목록의 면 구분을 먼저 확인합니다. 확인한 면의 파일을 연결한 뒤 다른 면의 사진이 중복 연결되지 않았는지 점검합니다. 표식이 불분명하면 촬영자의 설명만으로 앞뒷면을 확정하지 않습니다.

기념 주화 촬영 신청자는 이번 차수부터 앞면과 뒷면의 촬영 요청을 구분해 제출해 주세요. 한 면만 신청해도 접수할 수 있으며 양면 촬영이 기본으로 포함되지는 않습니다. 추가 면 촬영은 소장 상태 확인 후 안내합니다.
참고자료의 제안과 일정은 위 본문의 적용 사항으로 자동 전환하지 않습니다.",minutes,advanced-documents-added-v1-008,team-added-synthetic:advanced-documents-context-v1
adv-add-d-27fe39fbd4c6,"이전 검토 때 보관한 참고자료
지도를 축소 출력하려면 원본 축척과 출력 배율을 먼저 확인합니다. 계산한 출력 축척을 별도 표시하고 기준 길이가 맞는지 시험 출력으로 점검합니다. 배율 정보가 없으면 눈금 모양만으로 축척을 추정해 입력하지 않습니다.

지도 제공 회의에서는 축소본에 원본 축척만 남겨도 되는지 논의했다. 담당자는 출력 배율 때문에 거리 해석이 달라진다고 설명했다. 두 축척을 분리 표시하기로 결정했고 확인되지 않은 출력물의 공식 측정용 제공은 보류했다.
위 내용은 지난 단계의 참고자료이며 현재 전달 내용에 대한 확정 지시로 사용하지 않습니다.

현재 전달하는 본문
새로 제공하는 축소 지도에는 원본 축척과 출력 축척을 따로 표시합니다. 기존 원본 열람은 유지하며 새 출력물이 원본과 같은 거리 계산에 쓰인다고 보장하지 않습니다. 축척 확인이 끝나지 않은 출력물은 참고용으로만 제공합니다.",announcement,advanced-documents-added-v1-009,team-added-synthetic:advanced-documents-context-v1
adv-add-d-66f859a70477,"현재 전달하는 본문
새로 제공하는 축소 지도에는 원본 축척과 출력 축척을 따로 표시합니다. 기존 원본 열람은 유지하며 새 출력물이 원본과 같은 거리 계산에 쓰인다고 보장하지 않습니다. 축척 확인이 끝나지 않은 출력물은 참고용으로만 제공합니다.

별도로 보관한 지난 단계의 참고자료
지도 제공 회의에서는 축소본에 원본 축척만 남겨도 되는지 논의했다. 담당자는 출력 배율 때문에 거리 해석이 달라진다고 설명했다. 두 축척을 분리 표시하기로 결정했고 확인되지 않은 출력물의 공식 측정용 제공은 보류했다.

지도를 축소 출력하려면 원본 축척과 출력 배율을 먼저 확인합니다. 계산한 출력 축척을 별도 표시하고 기준 길이가 맞는지 시험 출력으로 점검합니다. 배율 정보가 없으면 눈금 모양만으로 축척을 추정해 입력하지 않습니다.
참고자료의 제안과 일정은 위 본문의 적용 사항으로 자동 전환하지 않습니다.",announcement,advanced-documents-added-v1-009,team-added-synthetic:advanced-documents-context-v1
adv-add-d-322a9037271c,"이전 검토 때 보관한 참고자료
새로 제공하는 축소 지도에는 원본 축척과 출력 축척을 따로 표시합니다. 기존 원본 열람은 유지하며 새 출력물이 원본과 같은 거리 계산에 쓰인다고 보장하지 않습니다. 축척 확인이 끝나지 않은 출력물은 참고용으로만 제공합니다.

지도 제공 회의에서는 축소본에 원본 축척만 남겨도 되는지 논의했다. 담당자는 출력 배율 때문에 거리 해석이 달라진다고 설명했다. 두 축척을 분리 표시하기로 결정했고 확인되지 않은 출력물의 공식 측정용 제공은 보류했다.
위 내용은 지난 단계의 참고자료이며 현재 전달 내용에 대한 확정 지시로 사용하지 않습니다.

현재 전달하는 본문
지도를 축소 출력하려면 원본 축척과 출력 배율을 먼저 확인합니다. 계산한 출력 축척을 별도 표시하고 기준 길이가 맞는지 시험 출력으로 점검합니다. 배율 정보가 없으면 눈금 모양만으로 축척을 추정해 입력하지 않습니다.",manual,advanced-documents-added-v1-009,team-added-synthetic:advanced-documents-context-v1
adv-add-d-0b021fb79b6c,"현재 전달하는 본문
지도를 축소 출력하려면 원본 축척과 출력 배율을 먼저 확인합니다. 계산한 출력 축척을 별도 표시하고 기준 길이가 맞는지 시험 출력으로 점검합니다. 배율 정보가 없으면 눈금 모양만으로 축척을 추정해 입력하지 않습니다.

별도로 보관한 지난 단계의 참고자료
지도 제공 회의에서는 축소본에 원본 축척만 남겨도 되는지 논의했다. 담당자는 출력 배율 때문에 거리 해석이 달라진다고 설명했다. 두 축척을 분리 표시하기로 결정했고 확인되지 않은 출력물의 공식 측정용 제공은 보류했다.

새로 제공하는 축소 지도에는 원본 축척과 출력 축척을 따로 표시합니다. 기존 원본 열람은 유지하며 새 출력물이 원본과 같은 거리 계산에 쓰인다고 보장하지 않습니다. 축척 확인이 끝나지 않은 출력물은 참고용으로만 제공합니다.
참고자료의 제안과 일정은 위 본문의 적용 사항으로 자동 전환하지 않습니다.",manual,advanced-documents-added-v1-009,team-added-synthetic:advanced-documents-context-v1
adv-add-d-79e82fe27dfe,"이전 검토 때 보관한 참고자료
새로 제공하는 축소 지도에는 원본 축척과 출력 축척을 따로 표시합니다. 기존 원본 열람은 유지하며 새 출력물이 원본과 같은 거리 계산에 쓰인다고 보장하지 않습니다. 축척 확인이 끝나지 않은 출력물은 참고용으로만 제공합니다.

지도를 축소 출력하려면 원본 축척과 출력 배율을 먼저 확인합니다. 계산한 출력 축척을 별도 표시하고 기준 길이가 맞는지 시험 출력으로 점검합니다. 배율 정보가 없으면 눈금 모양만으로 축척을 추정해 입력하지 않습니다.
위 내용은 지난 단계의 참고자료이며 현재 전달 내용에 대한 확정 지시로 사용하지 않습니다.

현재 전달하는 본문
지도 제공 회의에서는 축소본에 원본 축척만 남겨도 되는지 논의했다. 담당자는 출력 배율 때문에 거리 해석이 달라진다고 설명했다. 두 축척을 분리 표시하기로 결정했고 확인되지 않은 출력물의 공식 측정용 제공은 보류했다.",minutes,advanced-documents-added-v1-009,team-added-synthetic:advanced-documents-context-v1
adv-add-d-f149616cdd12,"현재 전달하는 본문
지도 제공 회의에서는 축소본에 원본 축척만 남겨도 되는지 논의했다. 담당자는 출력 배율 때문에 거리 해석이 달라진다고 설명했다. 두 축척을 분리 표시하기로 결정했고 확인되지 않은 출력물의 공식 측정용 제공은 보류했다.

별도로 보관한 지난 단계의 참고자료
지도를 축소 출력하려면 원본 축척과 출력 배율을 먼저 확인합니다. 계산한 출력 축척을 별도 표시하고 기준 길이가 맞는지 시험 출력으로 점검합니다. 배율 정보가 없으면 눈금 모양만으로 축척을 추정해 입력하지 않습니다.

새로 제공하는 축소 지도에는 원본 축척과 출력 축척을 따로 표시합니다. 기존 원본 열람은 유지하며 새 출력물이 원본과 같은 거리 계산에 쓰인다고 보장하지 않습니다. 축척 확인이 끝나지 않은 출력물은 참고용으로만 제공합니다.
참고자료의 제안과 일정은 위 본문의 적용 사항으로 자동 전환하지 않습니다.",minutes,advanced-documents-added-v1-009,team-added-synthetic:advanced-documents-context-v1
adv-add-d-b78f18aa4b80,"이전 검토 때 보관한 참고자료
화자 교대를 기록할 때는 녹음을 먼저 재생하고 확인 가능한 교대 시점을 표시합니다. 화자 확인표와 대조해 구간별 식별 번호를 입력합니다. 목소리가 비슷한 구간은 억양만으로 사람을 확정하지 않고 미확인 상태로 남깁니다.

방언 색인 회의에서 목소리만으로 화자를 자동 확정하자는 제안이 나왔다. 기록 담당자는 화자 확인표와 교대 지점을 함께 대조할 필요가 있다고 말했다. 확인된 구간만 색인에 반영하기로 했으며 자동 확정 도입은 채택하지 않았다.
위 내용은 지난 단계의 참고자료이며 현재 전달 내용에 대한 확정 지시로 사용하지 않습니다.

현재 전달하는 본문
이번 방언 자료 공개에서는 화자 교대 지점이 확인된 녹음만 검색 색인을 제공합니다. 녹음 원본의 열람 조건은 유지하며 색인이 없다고 자료가 삭제된 것은 아닙니다. 미확인 구간의 색인 추가 일정은 따로 알립니다.",announcement,advanced-documents-added-v1-010,team-added-synthetic:advanced-documents-context-v1
adv-add-d-0e3d8af18052,"현재 전달하는 본문
이번 방언 자료 공개에서는 화자 교대 지점이 확인된 녹음만 검색 색인을 제공합니다. 녹음 원본의 열람 조건은 유지하며 색인이 없다고 자료가 삭제된 것은 아닙니다. 미확인 구간의 색인 추가 일정은 따로 알립니다.

별도로 보관한 지난 단계의 참고자료
방언 색인 회의에서 목소리만으로 화자를 자동 확정하자는 제안이 나왔다. 기록 담당자는 화자 확인표와 교대 지점을 함께 대조할 필요가 있다고 말했다. 확인된 구간만 색인에 반영하기로 했으며 자동 확정 도입은 채택하지 않았다.

화자 교대를 기록할 때는 녹음을 먼저 재생하고 확인 가능한 교대 시점을 표시합니다. 화자 확인표와 대조해 구간별 식별 번호를 입력합니다. 목소리가 비슷한 구간은 억양만으로 사람을 확정하지 않고 미확인 상태로 남깁니다.
참고자료의 제안과 일정은 위 본문의 적용 사항으로 자동 전환하지 않습니다.",announcement,advanced-documents-added-v1-010,team-added-synthetic:advanced-documents-context-v1
adv-add-d-12f7e7fefe0d,"이전 검토 때 보관한 참고자료
이번 방언 자료 공개에서는 화자 교대 지점이 확인된 녹음만 검색 색인을 제공합니다. 녹음 원본의 열람 조건은 유지하며 색인이 없다고 자료가 삭제된 것은 아닙니다. 미확인 구간의 색인 추가 일정은 따로 알립니다.

방언 색인 회의에서 목소리만으로 화자를 자동 확정하자는 제안이 나왔다. 기록 담당자는 화자 확인표와 교대 지점을 함께 대조할 필요가 있다고 말했다. 확인된 구간만 색인에 반영하기로 했으며 자동 확정 도입은 채택하지 않았다.
위 내용은 지난 단계의 참고자료이며 현재 전달 내용에 대한 확정 지시로 사용하지 않습니다.

현재 전달하는 본문
화자 교대를 기록할 때는 녹음을 먼저 재생하고 확인 가능한 교대 시점을 표시합니다. 화자 확인표와 대조해 구간별 식별 번호를 입력합니다. 목소리가 비슷한 구간은 억양만으로 사람을 확정하지 않고 미확인 상태로 남깁니다.",manual,advanced-documents-added-v1-010,team-added-synthetic:advanced-documents-context-v1
adv-add-d-7201377c81e2,"현재 전달하는 본문
화자 교대를 기록할 때는 녹음을 먼저 재생하고 확인 가능한 교대 시점을 표시합니다. 화자 확인표와 대조해 구간별 식별 번호를 입력합니다. 목소리가 비슷한 구간은 억양만으로 사람을 확정하지 않고 미확인 상태로 남깁니다.

별도로 보관한 지난 단계의 참고자료
방언 색인 회의에서 목소리만으로 화자를 자동 확정하자는 제안이 나왔다. 기록 담당자는 화자 확인표와 교대 지점을 함께 대조할 필요가 있다고 말했다. 확인된 구간만 색인에 반영하기로 했으며 자동 확정 도입은 채택하지 않았다.

이번 방언 자료 공개에서는 화자 교대 지점이 확인된 녹음만 검색 색인을 제공합니다. 녹음 원본의 열람 조건은 유지하며 색인이 없다고 자료가 삭제된 것은 아닙니다. 미확인 구간의 색인 추가 일정은 따로 알립니다.
참고자료의 제안과 일정은 위 본문의 적용 사항으로 자동 전환하지 않습니다.",manual,advanced-documents-added-v1-010,team-added-synthetic:advanced-documents-context-v1
adv-add-d-98784935b64e,"이전 검토 때 보관한 참고자료
이번 방언 자료 공개에서는 화자 교대 지점이 확인된 녹음만 검색 색인을 제공합니다. 녹음 원본의 열람 조건은 유지하며 색인이 없다고 자료가 삭제된 것은 아닙니다. 미확인 구간의 색인 추가 일정은 따로 알립니다.

화자 교대를 기록할 때는 녹음을 먼저 재생하고 확인 가능한 교대 시점을 표시합니다. 화자 확인표와 대조해 구간별 식별 번호를 입력합니다. 목소리가 비슷한 구간은 억양만으로 사람을 확정하지 않고 미확인 상태로 남깁니다.
위 내용은 지난 단계의 참고자료이며 현재 전달 내용에 대한 확정 지시로 사용하지 않습니다.

현재 전달하는 본문
방언 색인 회의에서 목소리만으로 화자를 자동 확정하자는 제안이 나왔다. 기록 담당자는 화자 확인표와 교대 지점을 함께 대조할 필요가 있다고 말했다. 확인된 구간만 색인에 반영하기로 했으며 자동 확정 도입은 채택하지 않았다.",minutes,advanced-documents-added-v1-010,team-added-synthetic:advanced-documents-context-v1
adv-add-d-14e3bc108a2c,"현재 전달하는 본문
방언 색인 회의에서 목소리만으로 화자를 자동 확정하자는 제안이 나왔다. 기록 담당자는 화자 확인표와 교대 지점을 함께 대조할 필요가 있다고 말했다. 확인된 구간만 색인에 반영하기로 했으며 자동 확정 도입은 채택하지 않았다.

별도로 보관한 지난 단계의 참고자료
화자 교대를 기록할 때는 녹음을 먼저 재생하고 확인 가능한 교대 시점을 표시합니다. 화자 확인표와 대조해 구간별 식별 번호를 입력합니다. 목소리가 비슷한 구간은 억양만으로 사람을 확정하지 않고 미확인 상태로 남깁니다.

이번 방언 자료 공개에서는 화자 교대 지점이 확인된 녹음만 검색 색인을 제공합니다. 녹음 원본의 열람 조건은 유지하며 색인이 없다고 자료가 삭제된 것은 아닙니다. 미확인 구간의 색인 추가 일정은 따로 알립니다.
참고자료의 제안과 일정은 위 본문의 적용 사항으로 자동 전환하지 않습니다.",minutes,advanced-documents-added-v1-010,team-added-synthetic:advanced-documents-context-v1
adv-add-d-8074096f0db7,"이전 검토 때 보관한 참고자료
점자 악보 묶음을 점검할 때에는 페이지 번호와 연결 표시를 먼저 대조합니다. 확인된 순서를 별지에 기록하고 빠진 번호는 누락 의심으로 표시합니다. 음악 흐름만으로 페이지를 재배열하거나 빠진 내용을 새로 넣지 않습니다.

점자 악보 점검 회의에서는 음악 흐름을 보고 페이지를 재배열하자는 의견이 제시됐다. 담당자들은 번호와 연결 표시를 우선 확인하기로 합의했다. 임의 재배열은 채택하지 않았고 연결이 불명확한 묶음의 제공일은 정하지 않았다.
위 내용은 지난 단계의 참고자료이며 현재 전달 내용에 대한 확정 지시로 사용하지 않습니다.

현재 전달하는 본문
점자 악보 열람자는 다음 차수부터 누락 확인이 끝난 묶음부터 자료를 받습니다. 일부 묶음의 확인 지연으로 다른 악보의 예약이 취소되지는 않습니다. 연결 순서가 미확인인 묶음은 확인 후 제공 일정을 안내합니다.",announcement,advanced-documents-added-v1-011,team-added-synthetic:advanced-documents-context-v1
adv-add-d-5151f9fc03c6,"현재 전달하는 본문
점자 악보 열람자는 다음 차수부터 누락 확인이 끝난 묶음부터 자료를 받습니다. 일부 묶음의 확인 지연으로 다른 악보의 예약이 취소되지는 않습니다. 연결 순서가 미확인인 묶음은 확인 후 제공 일정을 안내합니다.

별도로 보관한 지난 단계의 참고자료
점자 악보 점검 회의에서는 음악 흐름을 보고 페이지를 재배열하자는 의견이 제시됐다. 담당자들은 번호와 연결 표시를 우선 확인하기로 합의했다. 임의 재배열은 채택하지 않았고 연결이 불명확한 묶음의 제공일은 정하지 않았다.

점자 악보 묶음을 점검할 때에는 페이지 번호와 연결 표시를 먼저 대조합니다. 확인된 순서를 별지에 기록하고 빠진 번호는 누락 의심으로 표시합니다. 음악 흐름만으로 페이지를 재배열하거나 빠진 내용을 새로 넣지 않습니다.
참고자료의 제안과 일정은 위 본문의 적용 사항으로 자동 전환하지 않습니다.",announcement,advanced-documents-added-v1-011,team-added-synthetic:advanced-documents-context-v1
adv-add-d-638191798de8,"이전 검토 때 보관한 참고자료
점자 악보 열람자는 다음 차수부터 누락 확인이 끝난 묶음부터 자료를 받습니다. 일부 묶음의 확인 지연으로 다른 악보의 예약이 취소되지는 않습니다. 연결 순서가 미확인인 묶음은 확인 후 제공 일정을 안내합니다.

점자 악보 점검 회의에서는 음악 흐름을 보고 페이지를 재배열하자는 의견이 제시됐다. 담당자들은 번호와 연결 표시를 우선 확인하기로 합의했다. 임의 재배열은 채택하지 않았고 연결이 불명확한 묶음의 제공일은 정하지 않았다.
위 내용은 지난 단계의 참고자료이며 현재 전달 내용에 대한 확정 지시로 사용하지 않습니다.

현재 전달하는 본문
점자 악보 묶음을 점검할 때에는 페이지 번호와 연결 표시를 먼저 대조합니다. 확인된 순서를 별지에 기록하고 빠진 번호는 누락 의심으로 표시합니다. 음악 흐름만으로 페이지를 재배열하거나 빠진 내용을 새로 넣지 않습니다.",manual,advanced-documents-added-v1-011,team-added-synthetic:advanced-documents-context-v1
adv-add-d-fae3a355b9b2,"현재 전달하는 본문
점자 악보 묶음을 점검할 때에는 페이지 번호와 연결 표시를 먼저 대조합니다. 확인된 순서를 별지에 기록하고 빠진 번호는 누락 의심으로 표시합니다. 음악 흐름만으로 페이지를 재배열하거나 빠진 내용을 새로 넣지 않습니다.

별도로 보관한 지난 단계의 참고자료
점자 악보 점검 회의에서는 음악 흐름을 보고 페이지를 재배열하자는 의견이 제시됐다. 담당자들은 번호와 연결 표시를 우선 확인하기로 합의했다. 임의 재배열은 채택하지 않았고 연결이 불명확한 묶음의 제공일은 정하지 않았다.

점자 악보 열람자는 다음 차수부터 누락 확인이 끝난 묶음부터 자료를 받습니다. 일부 묶음의 확인 지연으로 다른 악보의 예약이 취소되지는 않습니다. 연결 순서가 미확인인 묶음은 확인 후 제공 일정을 안내합니다.
참고자료의 제안과 일정은 위 본문의 적용 사항으로 자동 전환하지 않습니다.",manual,advanced-documents-added-v1-011,team-added-synthetic:advanced-documents-context-v1
adv-add-d-42480cd28dfd,"이전 검토 때 보관한 참고자료
점자 악보 열람자는 다음 차수부터 누락 확인이 끝난 묶음부터 자료를 받습니다. 일부 묶음의 확인 지연으로 다른 악보의 예약이 취소되지는 않습니다. 연결 순서가 미확인인 묶음은 확인 후 제공 일정을 안내합니다.

점자 악보 묶음을 점검할 때에는 페이지 번호와 연결 표시를 먼저 대조합니다. 확인된 순서를 별지에 기록하고 빠진 번호는 누락 의심으로 표시합니다. 음악 흐름만으로 페이지를 재배열하거나 빠진 내용을 새로 넣지 않습니다.
위 내용은 지난 단계의 참고자료이며 현재 전달 내용에 대한 확정 지시로 사용하지 않습니다.

현재 전달하는 본문
점자 악보 점검 회의에서는 음악 흐름을 보고 페이지를 재배열하자는 의견이 제시됐다. 담당자들은 번호와 연결 표시를 우선 확인하기로 합의했다. 임의 재배열은 채택하지 않았고 연결이 불명확한 묶음의 제공일은 정하지 않았다.",minutes,advanced-documents-added-v1-011,team-added-synthetic:advanced-documents-context-v1
adv-add-d-76bc3d60cbf4,"현재 전달하는 본문
점자 악보 점검 회의에서는 음악 흐름을 보고 페이지를 재배열하자는 의견이 제시됐다. 담당자들은 번호와 연결 표시를 우선 확인하기로 합의했다. 임의 재배열은 채택하지 않았고 연결이 불명확한 묶음의 제공일은 정하지 않았다.

별도로 보관한 지난 단계의 참고자료
점자 악보 묶음을 점검할 때에는 페이지 번호와 연결 표시를 먼저 대조합니다. 확인된 순서를 별지에 기록하고 빠진 번호는 누락 의심으로 표시합니다. 음악 흐름만으로 페이지를 재배열하거나 빠진 내용을 새로 넣지 않습니다.

점자 악보 열람자는 다음 차수부터 누락 확인이 끝난 묶음부터 자료를 받습니다. 일부 묶음의 확인 지연으로 다른 악보의 예약이 취소되지는 않습니다. 연결 순서가 미확인인 묶음은 확인 후 제공 일정을 안내합니다.
참고자료의 제안과 일정은 위 본문의 적용 사항으로 자동 전환하지 않습니다.",minutes,advanced-documents-added-v1-011,team-added-synthetic:advanced-documents-context-v1
adv-add-d-dce1611be674,"이전 검토 때 보관한 참고자료
엽서 날짜를 입력하려면 소인과 제작 표기의 위치를 먼저 구분합니다. 소인 날짜는 발송일 항목에 기록하고 제작 표기가 확인된 경우에만 제작일을 입력합니다. 둘 중 하나만 있을 때 다른 날짜를 같다고 가정해 채우지 않습니다.

엽서 등록 회의에서 소인 날짜를 제작일에도 복사하자는 의견이 나왔다. 자료 담당자는 두 날짜의 의미가 다르다고 설명했다. 제작일과 발송일을 따로 기록하기로 했고 제작 근거가 없는 항목은 확인 대기로 남기기로 했다.
위 내용은 지난 단계의 참고자료이며 현재 전달 내용에 대한 확정 지시로 사용하지 않습니다.

현재 전달하는 본문
엽서 검색 화면은 이번 갱신부터 제작일과 발송일을 분리해 표시합니다. 소인만 확인된 자료는 발송일만 표시하며 제작일 항목은 확인 대기로 남습니다. 기존 열람 예약과 자료 공개 범위는 바뀌지 않습니다.",announcement,advanced-documents-added-v1-012,team-added-synthetic:advanced-documents-context-v1
adv-add-d-f12be2cbc53a,"현재 전달하는 본문
엽서 검색 화면은 이번 갱신부터 제작일과 발송일을 분리해 표시합니다. 소인만 확인된 자료는 발송일만 표시하며 제작일 항목은 확인 대기로 남습니다. 기존 열람 예약과 자료 공개 범위는 바뀌지 않습니다.

별도로 보관한 지난 단계의 참고자료
엽서 등록 회의에서 소인 날짜를 제작일에도 복사하자는 의견이 나왔다. 자료 담당자는 두 날짜의 의미가 다르다고 설명했다. 제작일과 발송일을 따로 기록하기로 했고 제작 근거가 없는 항목은 확인 대기로 남기기로 했다.

엽서 날짜를 입력하려면 소인과 제작 표기의 위치를 먼저 구분합니다. 소인 날짜는 발송일 항목에 기록하고 제작 표기가 확인된 경우에만 제작일을 입력합니다. 둘 중 하나만 있을 때 다른 날짜를 같다고 가정해 채우지 않습니다.
참고자료의 제안과 일정은 위 본문의 적용 사항으로 자동 전환하지 않습니다.",announcement,advanced-documents-added-v1-012,team-added-synthetic:advanced-documents-context-v1
adv-add-d-0e553f74eaa0,"이전 검토 때 보관한 참고자료
엽서 검색 화면은 이번 갱신부터 제작일과 발송일을 분리해 표시합니다. 소인만 확인된 자료는 발송일만 표시하며 제작일 항목은 확인 대기로 남습니다. 기존 열람 예약과 자료 공개 범위는 바뀌지 않습니다.

엽서 등록 회의에서 소인 날짜를 제작일에도 복사하자는 의견이 나왔다. 자료 담당자는 두 날짜의 의미가 다르다고 설명했다. 제작일과 발송일을 따로 기록하기로 했고 제작 근거가 없는 항목은 확인 대기로 남기기로 했다.
위 내용은 지난 단계의 참고자료이며 현재 전달 내용에 대한 확정 지시로 사용하지 않습니다.

현재 전달하는 본문
엽서 날짜를 입력하려면 소인과 제작 표기의 위치를 먼저 구분합니다. 소인 날짜는 발송일 항목에 기록하고 제작 표기가 확인된 경우에만 제작일을 입력합니다. 둘 중 하나만 있을 때 다른 날짜를 같다고 가정해 채우지 않습니다.",manual,advanced-documents-added-v1-012,team-added-synthetic:advanced-documents-context-v1
adv-add-d-d2b18a4d4e66,"현재 전달하는 본문
엽서 날짜를 입력하려면 소인과 제작 표기의 위치를 먼저 구분합니다. 소인 날짜는 발송일 항목에 기록하고 제작 표기가 확인된 경우에만 제작일을 입력합니다. 둘 중 하나만 있을 때 다른 날짜를 같다고 가정해 채우지 않습니다.

별도로 보관한 지난 단계의 참고자료
엽서 등록 회의에서 소인 날짜를 제작일에도 복사하자는 의견이 나왔다. 자료 담당자는 두 날짜의 의미가 다르다고 설명했다. 제작일과 발송일을 따로 기록하기로 했고 제작 근거가 없는 항목은 확인 대기로 남기기로 했다.

엽서 검색 화면은 이번 갱신부터 제작일과 발송일을 분리해 표시합니다. 소인만 확인된 자료는 발송일만 표시하며 제작일 항목은 확인 대기로 남습니다. 기존 열람 예약과 자료 공개 범위는 바뀌지 않습니다.
참고자료의 제안과 일정은 위 본문의 적용 사항으로 자동 전환하지 않습니다.",manual,advanced-documents-added-v1-012,team-added-synthetic:advanced-documents-context-v1
adv-add-d-32437b38a40c,"이전 검토 때 보관한 참고자료
엽서 검색 화면은 이번 갱신부터 제작일과 발송일을 분리해 표시합니다. 소인만 확인된 자료는 발송일만 표시하며 제작일 항목은 확인 대기로 남습니다. 기존 열람 예약과 자료 공개 범위는 바뀌지 않습니다.

엽서 날짜를 입력하려면 소인과 제작 표기의 위치를 먼저 구분합니다. 소인 날짜는 발송일 항목에 기록하고 제작 표기가 확인된 경우에만 제작일을 입력합니다. 둘 중 하나만 있을 때 다른 날짜를 같다고 가정해 채우지 않습니다.
위 내용은 지난 단계의 참고자료이며 현재 전달 내용에 대한 확정 지시로 사용하지 않습니다.

현재 전달하는 본문
엽서 등록 회의에서 소인 날짜를 제작일에도 복사하자는 의견이 나왔다. 자료 담당자는 두 날짜의 의미가 다르다고 설명했다. 제작일과 발송일을 따로 기록하기로 했고 제작 근거가 없는 항목은 확인 대기로 남기기로 했다.",minutes,advanced-documents-added-v1-012,team-added-synthetic:advanced-documents-context-v1
adv-add-d-0c9abb4ebae3,"현재 전달하는 본문
엽서 등록 회의에서 소인 날짜를 제작일에도 복사하자는 의견이 나왔다. 자료 담당자는 두 날짜의 의미가 다르다고 설명했다. 제작일과 발송일을 따로 기록하기로 했고 제작 근거가 없는 항목은 확인 대기로 남기기로 했다.

별도로 보관한 지난 단계의 참고자료
엽서 날짜를 입력하려면 소인과 제작 표기의 위치를 먼저 구분합니다. 소인 날짜는 발송일 항목에 기록하고 제작 표기가 확인된 경우에만 제작일을 입력합니다. 둘 중 하나만 있을 때 다른 날짜를 같다고 가정해 채우지 않습니다.

엽서 검색 화면은 이번 갱신부터 제작일과 발송일을 분리해 표시합니다. 소인만 확인된 자료는 발송일만 표시하며 제작일 항목은 확인 대기로 남습니다. 기존 열람 예약과 자료 공개 범위는 바뀌지 않습니다.
참고자료의 제안과 일정은 위 본문의 적용 사항으로 자동 전환하지 않습니다.",minutes,advanced-documents-added-v1-012,team-added-synthetic:advanced-documents-context-v1
adv-add-d-aef6bea2bad0,"이전 검토 때 보관한 참고자료
발굴 상자를 대조할 때는 상자 표시와 현장 기록의 층위 번호를 먼저 확인합니다. 일치하는 번호를 목록에 연결하고 어긋난 상자는 따로 표시합니다. 보관 선반이 같다는 이유로 층위를 통일하거나 번호를 덮어쓰지 않습니다.

발굴 자료 정리에서는 같은 선반의 상자를 한 층위로 묶자는 제안이 있었다. 현장 담당자는 보관 위치와 발굴 층위가 다르다고 설명했다. 현장 기록으로 확인한 번호만 연결하기로 했으며 미확인 상자의 분류 변경은 보류했다.
위 내용은 지난 단계의 참고자료이며 현재 전달 내용에 대한 확정 지시로 사용하지 않습니다.

현재 전달하는 본문
이번 자료 대조 기간에는 층위 번호가 확인된 발굴 상자만 연구 열람에 제공합니다. 보관 위치가 같아도 번호 확인 상태는 다를 수 있으며 미확인 상자를 폐기하지 않습니다. 추가 열람 가능 여부는 확인 후 안내합니다.",announcement,advanced-documents-added-v1-013,team-added-synthetic:advanced-documents-context-v1
adv-add-d-4b750c7472f6,"현재 전달하는 본문
이번 자료 대조 기간에는 층위 번호가 확인된 발굴 상자만 연구 열람에 제공합니다. 보관 위치가 같아도 번호 확인 상태는 다를 수 있으며 미확인 상자를 폐기하지 않습니다. 추가 열람 가능 여부는 확인 후 안내합니다.

별도로 보관한 지난 단계의 참고자료
발굴 자료 정리에서는 같은 선반의 상자를 한 층위로 묶자는 제안이 있었다. 현장 담당자는 보관 위치와 발굴 층위가 다르다고 설명했다. 현장 기록으로 확인한 번호만 연결하기로 했으며 미확인 상자의 분류 변경은 보류했다.

발굴 상자를 대조할 때는 상자 표시와 현장 기록의 층위 번호를 먼저 확인합니다. 일치하는 번호를 목록에 연결하고 어긋난 상자는 따로 표시합니다. 보관 선반이 같다는 이유로 층위를 통일하거나 번호를 덮어쓰지 않습니다.
참고자료의 제안과 일정은 위 본문의 적용 사항으로 자동 전환하지 않습니다.",announcement,advanced-documents-added-v1-013,team-added-synthetic:advanced-documents-context-v1
adv-add-d-412e3cfec121,"이전 검토 때 보관한 참고자료
이번 자료 대조 기간에는 층위 번호가 확인된 발굴 상자만 연구 열람에 제공합니다. 보관 위치가 같아도 번호 확인 상태는 다를 수 있으며 미확인 상자를 폐기하지 않습니다. 추가 열람 가능 여부는 확인 후 안내합니다.

발굴 자료 정리에서는 같은 선반의 상자를 한 층위로 묶자는 제안이 있었다. 현장 담당자는 보관 위치와 발굴 층위가 다르다고 설명했다. 현장 기록으로 확인한 번호만 연결하기로 했으며 미확인 상자의 분류 변경은 보류했다.
위 내용은 지난 단계의 참고자료이며 현재 전달 내용에 대한 확정 지시로 사용하지 않습니다.

현재 전달하는 본문
발굴 상자를 대조할 때는 상자 표시와 현장 기록의 층위 번호를 먼저 확인합니다. 일치하는 번호를 목록에 연결하고 어긋난 상자는 따로 표시합니다. 보관 선반이 같다는 이유로 층위를 통일하거나 번호를 덮어쓰지 않습니다.",manual,advanced-documents-added-v1-013,team-added-synthetic:advanced-documents-context-v1
adv-add-d-261ef07fc6c5,"현재 전달하는 본문
발굴 상자를 대조할 때는 상자 표시와 현장 기록의 층위 번호를 먼저 확인합니다. 일치하는 번호를 목록에 연결하고 어긋난 상자는 따로 표시합니다. 보관 선반이 같다는 이유로 층위를 통일하거나 번호를 덮어쓰지 않습니다.

별도로 보관한 지난 단계의 참고자료
발굴 자료 정리에서는 같은 선반의 상자를 한 층위로 묶자는 제안이 있었다. 현장 담당자는 보관 위치와 발굴 층위가 다르다고 설명했다. 현장 기록으로 확인한 번호만 연결하기로 했으며 미확인 상자의 분류 변경은 보류했다.

이번 자료 대조 기간에는 층위 번호가 확인된 발굴 상자만 연구 열람에 제공합니다. 보관 위치가 같아도 번호 확인 상태는 다를 수 있으며 미확인 상자를 폐기하지 않습니다. 추가 열람 가능 여부는 확인 후 안내합니다.
참고자료의 제안과 일정은 위 본문의 적용 사항으로 자동 전환하지 않습니다.",manual,advanced-documents-added-v1-013,team-added-synthetic:advanced-documents-context-v1
adv-add-d-532ac67c6ec4,"이전 검토 때 보관한 참고자료
이번 자료 대조 기간에는 층위 번호가 확인된 발굴 상자만 연구 열람에 제공합니다. 보관 위치가 같아도 번호 확인 상태는 다를 수 있으며 미확인 상자를 폐기하지 않습니다. 추가 열람 가능 여부는 확인 후 안내합니다.

발굴 상자를 대조할 때는 상자 표시와 현장 기록의 층위 번호를 먼저 확인합니다. 일치하는 번호를 목록에 연결하고 어긋난 상자는 따로 표시합니다. 보관 선반이 같다는 이유로 층위를 통일하거나 번호를 덮어쓰지 않습니다.
위 내용은 지난 단계의 참고자료이며 현재 전달 내용에 대한 확정 지시로 사용하지 않습니다.

현재 전달하는 본문
발굴 자료 정리에서는 같은 선반의 상자를 한 층위로 묶자는 제안이 있었다. 현장 담당자는 보관 위치와 발굴 층위가 다르다고 설명했다. 현장 기록으로 확인한 번호만 연결하기로 했으며 미확인 상자의 분류 변경은 보류했다.",minutes,advanced-documents-added-v1-013,team-added-synthetic:advanced-documents-context-v1
adv-add-d-e871b67e0fd4,"현재 전달하는 본문
발굴 자료 정리에서는 같은 선반의 상자를 한 층위로 묶자는 제안이 있었다. 현장 담당자는 보관 위치와 발굴 층위가 다르다고 설명했다. 현장 기록으로 확인한 번호만 연결하기로 했으며 미확인 상자의 분류 변경은 보류했다.

별도로 보관한 지난 단계의 참고자료
발굴 상자를 대조할 때는 상자 표시와 현장 기록의 층위 번호를 먼저 확인합니다. 일치하는 번호를 목록에 연결하고 어긋난 상자는 따로 표시합니다. 보관 선반이 같다는 이유로 층위를 통일하거나 번호를 덮어쓰지 않습니다.

이번 자료 대조 기간에는 층위 번호가 확인된 발굴 상자만 연구 열람에 제공합니다. 보관 위치가 같아도 번호 확인 상태는 다를 수 있으며 미확인 상자를 폐기하지 않습니다. 추가 열람 가능 여부는 확인 후 안내합니다.
참고자료의 제안과 일정은 위 본문의 적용 사항으로 자동 전환하지 않습니다.",minutes,advanced-documents-added-v1-013,team-added-synthetic:advanced-documents-context-v1
adv-add-d-97108d008d8c,"이전 검토 때 보관한 참고자료
문양 반복 단위를 기록하려면 원도안의 시작 표시와 끝 표시를 먼저 확인합니다. 대응하는 구간을 표시한 뒤 시험 배열에서 연결이 맞는지 점검합니다. 표시가 없으면 보기 좋은 길이로 임의 절단하지 않고 확인 요청을 남깁니다.

문양 자료 회의에서 사진을 보고 반복 구간을 임의로 나누자는 의견이 제시됐다. 제작 담당자는 원도안의 경계 확인이 필요하다고 설명했다. 확인된 반복 단위만 배포하기로 결정했고 미확인 도안의 배포는 보류했다.
위 내용은 지난 단계의 참고자료이며 현재 전달 내용에 대한 확정 지시로 사용하지 않습니다.

현재 전달하는 본문
이번 문양 자료 배포에는 반복 단위가 확인된 도안만 포함됩니다. 기존 작품 사진은 계속 열람할 수 있으며 도안 제외가 작품 공개 취소를 뜻하지 않습니다. 나머지 도안의 배포 여부는 검토 후 따로 안내합니다.",announcement,advanced-documents-added-v1-014,team-added-synthetic:advanced-documents-context-v1
adv-add-d-e0ab7ae22569,"현재 전달하는 본문
이번 문양 자료 배포에는 반복 단위가 확인된 도안만 포함됩니다. 기존 작품 사진은 계속 열람할 수 있으며 도안 제외가 작품 공개 취소를 뜻하지 않습니다. 나머지 도안의 배포 여부는 검토 후 따로 안내합니다.

별도로 보관한 지난 단계의 참고자료
문양 자료 회의에서 사진을 보고 반복 구간을 임의로 나누자는 의견이 제시됐다. 제작 담당자는 원도안의 경계 확인이 필요하다고 설명했다. 확인된 반복 단위만 배포하기로 결정했고 미확인 도안의 배포는 보류했다.

문양 반복 단위를 기록하려면 원도안의 시작 표시와 끝 표시를 먼저 확인합니다. 대응하는 구간을 표시한 뒤 시험 배열에서 연결이 맞는지 점검합니다. 표시가 없으면 보기 좋은 길이로 임의 절단하지 않고 확인 요청을 남깁니다.
참고자료의 제안과 일정은 위 본문의 적용 사항으로 자동 전환하지 않습니다.",announcement,advanced-documents-added-v1-014,team-added-synthetic:advanced-documents-context-v1
adv-add-d-edbc7628818f,"이전 검토 때 보관한 참고자료
이번 문양 자료 배포에는 반복 단위가 확인된 도안만 포함됩니다. 기존 작품 사진은 계속 열람할 수 있으며 도안 제외가 작품 공개 취소를 뜻하지 않습니다. 나머지 도안의 배포 여부는 검토 후 따로 안내합니다.

문양 자료 회의에서 사진을 보고 반복 구간을 임의로 나누자는 의견이 제시됐다. 제작 담당자는 원도안의 경계 확인이 필요하다고 설명했다. 확인된 반복 단위만 배포하기로 결정했고 미확인 도안의 배포는 보류했다.
위 내용은 지난 단계의 참고자료이며 현재 전달 내용에 대한 확정 지시로 사용하지 않습니다.

현재 전달하는 본문
문양 반복 단위를 기록하려면 원도안의 시작 표시와 끝 표시를 먼저 확인합니다. 대응하는 구간을 표시한 뒤 시험 배열에서 연결이 맞는지 점검합니다. 표시가 없으면 보기 좋은 길이로 임의 절단하지 않고 확인 요청을 남깁니다.",manual,advanced-documents-added-v1-014,team-added-synthetic:advanced-documents-context-v1
adv-add-d-b571b88bc434,"현재 전달하는 본문
문양 반복 단위를 기록하려면 원도안의 시작 표시와 끝 표시를 먼저 확인합니다. 대응하는 구간을 표시한 뒤 시험 배열에서 연결이 맞는지 점검합니다. 표시가 없으면 보기 좋은 길이로 임의 절단하지 않고 확인 요청을 남깁니다.

별도로 보관한 지난 단계의 참고자료
문양 자료 회의에서 사진을 보고 반복 구간을 임의로 나누자는 의견이 제시됐다. 제작 담당자는 원도안의 경계 확인이 필요하다고 설명했다. 확인된 반복 단위만 배포하기로 결정했고 미확인 도안의 배포는 보류했다.

이번 문양 자료 배포에는 반복 단위가 확인된 도안만 포함됩니다. 기존 작품 사진은 계속 열람할 수 있으며 도안 제외가 작품 공개 취소를 뜻하지 않습니다. 나머지 도안의 배포 여부는 검토 후 따로 안내합니다.
참고자료의 제안과 일정은 위 본문의 적용 사항으로 자동 전환하지 않습니다.",manual,advanced-documents-added-v1-014,team-added-synthetic:advanced-documents-context-v1
adv-add-d-1f1c47df2367,"이전 검토 때 보관한 참고자료
이번 문양 자료 배포에는 반복 단위가 확인된 도안만 포함됩니다. 기존 작품 사진은 계속 열람할 수 있으며 도안 제외가 작품 공개 취소를 뜻하지 않습니다. 나머지 도안의 배포 여부는 검토 후 따로 안내합니다.

문양 반복 단위를 기록하려면 원도안의 시작 표시와 끝 표시를 먼저 확인합니다. 대응하는 구간을 표시한 뒤 시험 배열에서 연결이 맞는지 점검합니다. 표시가 없으면 보기 좋은 길이로 임의 절단하지 않고 확인 요청을 남깁니다.
위 내용은 지난 단계의 참고자료이며 현재 전달 내용에 대한 확정 지시로 사용하지 않습니다.

현재 전달하는 본문
문양 자료 회의에서 사진을 보고 반복 구간을 임의로 나누자는 의견이 제시됐다. 제작 담당자는 원도안의 경계 확인이 필요하다고 설명했다. 확인된 반복 단위만 배포하기로 결정했고 미확인 도안의 배포는 보류했다.",minutes,advanced-documents-added-v1-014,team-added-synthetic:advanced-documents-context-v1
adv-add-d-09a136db63e7,"현재 전달하는 본문
문양 자료 회의에서 사진을 보고 반복 구간을 임의로 나누자는 의견이 제시됐다. 제작 담당자는 원도안의 경계 확인이 필요하다고 설명했다. 확인된 반복 단위만 배포하기로 결정했고 미확인 도안의 배포는 보류했다.

별도로 보관한 지난 단계의 참고자료
문양 반복 단위를 기록하려면 원도안의 시작 표시와 끝 표시를 먼저 확인합니다. 대응하는 구간을 표시한 뒤 시험 배열에서 연결이 맞는지 점검합니다. 표시가 없으면 보기 좋은 길이로 임의 절단하지 않고 확인 요청을 남깁니다.

이번 문양 자료 배포에는 반복 단위가 확인된 도안만 포함됩니다. 기존 작품 사진은 계속 열람할 수 있으며 도안 제외가 작품 공개 취소를 뜻하지 않습니다. 나머지 도안의 배포 여부는 검토 후 따로 안내합니다.
참고자료의 제안과 일정은 위 본문의 적용 사항으로 자동 전환하지 않습니다.",minutes,advanced-documents-added-v1-014,team-added-synthetic:advanced-documents-context-v1
adv-add-d-f65750d8d7c8,"이전 검토 때 보관한 참고자료
유리 원판을 확인할 때는 지정된 받침 위에서 면 방향 표시부터 살펴봅니다. 확인된 방향을 상태표에 기록하고 이동 전에 받침 번호를 대조합니다. 표시가 없으면 손으로 표면을 문질러 판정하지 않고 보존 담당자에게 확인을 요청합니다.

유리 원판 검토에서 방향을 확인하려면 표면을 직접 만져도 된다는 의견이 있었다. 보존 담당자는 접촉을 피하고 표시와 기록을 대조하자고 제안했다. 지정 받침과 상태표를 사용하기로 했으며 미확인 원판의 실물 열람 재개일은 정하지 않았다.
위 내용은 지난 단계의 참고자료이며 현재 전달 내용에 대한 확정 지시로 사용하지 않습니다.

현재 전달하는 본문
유리 원판 열람 신청자는 이번 주부터 면 방향 확인 상태도 안내받습니다. 확인 중인 원판의 실물 열람은 보류하지만 기존 디지털 이미지 이용은 유지합니다. 실물 열람 재개일은 상태 확인 뒤 알립니다.",announcement,advanced-documents-added-v1-015,team-added-synthetic:advanced-documents-context-v1
adv-add-d-5a85ab1e9997,"현재 전달하는 본문
유리 원판 열람 신청자는 이번 주부터 면 방향 확인 상태도 안내받습니다. 확인 중인 원판의 실물 열람은 보류하지만 기존 디지털 이미지 이용은 유지합니다. 실물 열람 재개일은 상태 확인 뒤 알립니다.

별도로 보관한 지난 단계의 참고자료
유리 원판 검토에서 방향을 확인하려면 표면을 직접 만져도 된다는 의견이 있었다. 보존 담당자는 접촉을 피하고 표시와 기록을 대조하자고 제안했다. 지정 받침과 상태표를 사용하기로 했으며 미확인 원판의 실물 열람 재개일은 정하지 않았다.

유리 원판을 확인할 때는 지정된 받침 위에서 면 방향 표시부터 살펴봅니다. 확인된 방향을 상태표에 기록하고 이동 전에 받침 번호를 대조합니다. 표시가 없으면 손으로 표면을 문질러 판정하지 않고 보존 담당자에게 확인을 요청합니다.
참고자료의 제안과 일정은 위 본문의 적용 사항으로 자동 전환하지 않습니다.",announcement,advanced-documents-added-v1-015,team-added-synthetic:advanced-documents-context-v1
adv-add-d-4855970d21bc,"이전 검토 때 보관한 참고자료
유리 원판 열람 신청자는 이번 주부터 면 방향 확인 상태도 안내받습니다. 확인 중인 원판의 실물 열람은 보류하지만 기존 디지털 이미지 이용은 유지합니다. 실물 열람 재개일은 상태 확인 뒤 알립니다.

유리 원판 검토에서 방향을 확인하려면 표면을 직접 만져도 된다는 의견이 있었다. 보존 담당자는 접촉을 피하고 표시와 기록을 대조하자고 제안했다. 지정 받침과 상태표를 사용하기로 했으며 미확인 원판의 실물 열람 재개일은 정하지 않았다.
위 내용은 지난 단계의 참고자료이며 현재 전달 내용에 대한 확정 지시로 사용하지 않습니다.

현재 전달하는 본문
유리 원판을 확인할 때는 지정된 받침 위에서 면 방향 표시부터 살펴봅니다. 확인된 방향을 상태표에 기록하고 이동 전에 받침 번호를 대조합니다. 표시가 없으면 손으로 표면을 문질러 판정하지 않고 보존 담당자에게 확인을 요청합니다.",manual,advanced-documents-added-v1-015,team-added-synthetic:advanced-documents-context-v1
adv-add-d-d642caa79ef0,"현재 전달하는 본문
유리 원판을 확인할 때는 지정된 받침 위에서 면 방향 표시부터 살펴봅니다. 확인된 방향을 상태표에 기록하고 이동 전에 받침 번호를 대조합니다. 표시가 없으면 손으로 표면을 문질러 판정하지 않고 보존 담당자에게 확인을 요청합니다.

별도로 보관한 지난 단계의 참고자료
유리 원판 검토에서 방향을 확인하려면 표면을 직접 만져도 된다는 의견이 있었다. 보존 담당자는 접촉을 피하고 표시와 기록을 대조하자고 제안했다. 지정 받침과 상태표를 사용하기로 했으며 미확인 원판의 실물 열람 재개일은 정하지 않았다.

유리 원판 열람 신청자는 이번 주부터 면 방향 확인 상태도 안내받습니다. 확인 중인 원판의 실물 열람은 보류하지만 기존 디지털 이미지 이용은 유지합니다. 실물 열람 재개일은 상태 확인 뒤 알립니다.
참고자료의 제안과 일정은 위 본문의 적용 사항으로 자동 전환하지 않습니다.",manual,advanced-documents-added-v1-015,team-added-synthetic:advanced-documents-context-v1
adv-add-d-8a90f8d649ae,"이전 검토 때 보관한 참고자료
유리 원판 열람 신청자는 이번 주부터 면 방향 확인 상태도 안내받습니다. 확인 중인 원판의 실물 열람은 보류하지만 기존 디지털 이미지 이용은 유지합니다. 실물 열람 재개일은 상태 확인 뒤 알립니다.

유리 원판을 확인할 때는 지정된 받침 위에서 면 방향 표시부터 살펴봅니다. 확인된 방향을 상태표에 기록하고 이동 전에 받침 번호를 대조합니다. 표시가 없으면 손으로 표면을 문질러 판정하지 않고 보존 담당자에게 확인을 요청합니다.
위 내용은 지난 단계의 참고자료이며 현재 전달 내용에 대한 확정 지시로 사용하지 않습니다.

현재 전달하는 본문
유리 원판 검토에서 방향을 확인하려면 표면을 직접 만져도 된다는 의견이 있었다. 보존 담당자는 접촉을 피하고 표시와 기록을 대조하자고 제안했다. 지정 받침과 상태표를 사용하기로 했으며 미확인 원판의 실물 열람 재개일은 정하지 않았다.",minutes,advanced-documents-added-v1-015,team-added-synthetic:advanced-documents-context-v1
adv-add-d-65d453964758,"현재 전달하는 본문
유리 원판 검토에서 방향을 확인하려면 표면을 직접 만져도 된다는 의견이 있었다. 보존 담당자는 접촉을 피하고 표시와 기록을 대조하자고 제안했다. 지정 받침과 상태표를 사용하기로 했으며 미확인 원판의 실물 열람 재개일은 정하지 않았다.

별도로 보관한 지난 단계의 참고자료
유리 원판을 확인할 때는 지정된 받침 위에서 면 방향 표시부터 살펴봅니다. 확인된 방향을 상태표에 기록하고 이동 전에 받침 번호를 대조합니다. 표시가 없으면 손으로 표면을 문질러 판정하지 않고 보존 담당자에게 확인을 요청합니다.

유리 원판 열람 신청자는 이번 주부터 면 방향 확인 상태도 안내받습니다. 확인 중인 원판의 실물 열람은 보류하지만 기존 디지털 이미지 이용은 유지합니다. 실물 열람 재개일은 상태 확인 뒤 알립니다.
참고자료의 제안과 일정은 위 본문의 적용 사항으로 자동 전환하지 않습니다.",minutes,advanced-documents-added-v1-015,team-added-synthetic:advanced-documents-context-v1
adv-add-d-a6978e7ae872,"이전 검토 때 보관한 참고자료
전화 인터뷰를 정리할 때에는 연결이 끊긴 시작과 종료 시점을 먼저 기록합니다. 앞뒤 확인된 발언은 각각 원문과 대조해 남깁니다. 문맥이 이어지는 것처럼 보여도 끊긴 구간의 말을 만들어 연결하지 않습니다.

전화 인터뷰 편집 회의에서 중단 구간을 자연스러운 연결 문장으로 채우자는 의견이 나왔다. 검수자는 실제 발언이 아닌 내용이 섞일 수 있다고 설명했다. 중단 시점을 표시하고 확인된 발언만 남기기로 했으며 복구 일정은 보류했다.
위 내용은 지난 단계의 참고자료이며 현재 전달 내용에 대한 확정 지시로 사용하지 않습니다.

현재 전달하는 본문
이번에 공개하는 전화 인터뷰 기록에는 연결 중단 구간이 별도로 표시됩니다. 중단 표시가 있어도 앞뒤 확인된 발언은 열람할 수 있습니다. 중단된 구간의 복구 여부와 추가 공개 시점은 확정되지 않았습니다.",announcement,advanced-documents-added-v1-016,team-added-synthetic:advanced-documents-context-v1
adv-add-d-d08d73f78931,"현재 전달하는 본문
이번에 공개하는 전화 인터뷰 기록에는 연결 중단 구간이 별도로 표시됩니다. 중단 표시가 있어도 앞뒤 확인된 발언은 열람할 수 있습니다. 중단된 구간의 복구 여부와 추가 공개 시점은 확정되지 않았습니다.

별도로 보관한 지난 단계의 참고자료
전화 인터뷰 편집 회의에서 중단 구간을 자연스러운 연결 문장으로 채우자는 의견이 나왔다. 검수자는 실제 발언이 아닌 내용이 섞일 수 있다고 설명했다. 중단 시점을 표시하고 확인된 발언만 남기기로 했으며 복구 일정은 보류했다.

전화 인터뷰를 정리할 때에는 연결이 끊긴 시작과 종료 시점을 먼저 기록합니다. 앞뒤 확인된 발언은 각각 원문과 대조해 남깁니다. 문맥이 이어지는 것처럼 보여도 끊긴 구간의 말을 만들어 연결하지 않습니다.
참고자료의 제안과 일정은 위 본문의 적용 사항으로 자동 전환하지 않습니다.",announcement,advanced-documents-added-v1-016,team-added-synthetic:advanced-documents-context-v1
adv-add-d-a4981546a4f6,"이전 검토 때 보관한 참고자료
이번에 공개하는 전화 인터뷰 기록에는 연결 중단 구간이 별도로 표시됩니다. 중단 표시가 있어도 앞뒤 확인된 발언은 열람할 수 있습니다. 중단된 구간의 복구 여부와 추가 공개 시점은 확정되지 않았습니다.

전화 인터뷰 편집 회의에서 중단 구간을 자연스러운 연결 문장으로 채우자는 의견이 나왔다. 검수자는 실제 발언이 아닌 내용이 섞일 수 있다고 설명했다. 중단 시점을 표시하고 확인된 발언만 남기기로 했으며 복구 일정은 보류했다.
위 내용은 지난 단계의 참고자료이며 현재 전달 내용에 대한 확정 지시로 사용하지 않습니다.

현재 전달하는 본문
전화 인터뷰를 정리할 때에는 연결이 끊긴 시작과 종료 시점을 먼저 기록합니다. 앞뒤 확인된 발언은 각각 원문과 대조해 남깁니다. 문맥이 이어지는 것처럼 보여도 끊긴 구간의 말을 만들어 연결하지 않습니다.",manual,advanced-documents-added-v1-016,team-added-synthetic:advanced-documents-context-v1
adv-add-d-f85fd988fbbf,"현재 전달하는 본문
전화 인터뷰를 정리할 때에는 연결이 끊긴 시작과 종료 시점을 먼저 기록합니다. 앞뒤 확인된 발언은 각각 원문과 대조해 남깁니다. 문맥이 이어지는 것처럼 보여도 끊긴 구간의 말을 만들어 연결하지 않습니다.

별도로 보관한 지난 단계의 참고자료
전화 인터뷰 편집 회의에서 중단 구간을 자연스러운 연결 문장으로 채우자는 의견이 나왔다. 검수자는 실제 발언이 아닌 내용이 섞일 수 있다고 설명했다. 중단 시점을 표시하고 확인된 발언만 남기기로 했으며 복구 일정은 보류했다.

이번에 공개하는 전화 인터뷰 기록에는 연결 중단 구간이 별도로 표시됩니다. 중단 표시가 있어도 앞뒤 확인된 발언은 열람할 수 있습니다. 중단된 구간의 복구 여부와 추가 공개 시점은 확정되지 않았습니다.
참고자료의 제안과 일정은 위 본문의 적용 사항으로 자동 전환하지 않습니다.",manual,advanced-documents-added-v1-016,team-added-synthetic:advanced-documents-context-v1
adv-add-d-85c5941e25c7,"이전 검토 때 보관한 참고자료
이번에 공개하는 전화 인터뷰 기록에는 연결 중단 구간이 별도로 표시됩니다. 중단 표시가 있어도 앞뒤 확인된 발언은 열람할 수 있습니다. 중단된 구간의 복구 여부와 추가 공개 시점은 확정되지 않았습니다.

전화 인터뷰를 정리할 때에는 연결이 끊긴 시작과 종료 시점을 먼저 기록합니다. 앞뒤 확인된 발언은 각각 원문과 대조해 남깁니다. 문맥이 이어지는 것처럼 보여도 끊긴 구간의 말을 만들어 연결하지 않습니다.
위 내용은 지난 단계의 참고자료이며 현재 전달 내용에 대한 확정 지시로 사용하지 않습니다.

현재 전달하는 본문
전화 인터뷰 편집 회의에서 중단 구간을 자연스러운 연결 문장으로 채우자는 의견이 나왔다. 검수자는 실제 발언이 아닌 내용이 섞일 수 있다고 설명했다. 중단 시점을 표시하고 확인된 발언만 남기기로 했으며 복구 일정은 보류했다.",minutes,advanced-documents-added-v1-016,team-added-synthetic:advanced-documents-context-v1
adv-add-d-a384f82b31d2,"현재 전달하는 본문
전화 인터뷰 편집 회의에서 중단 구간을 자연스러운 연결 문장으로 채우자는 의견이 나왔다. 검수자는 실제 발언이 아닌 내용이 섞일 수 있다고 설명했다. 중단 시점을 표시하고 확인된 발언만 남기기로 했으며 복구 일정은 보류했다.

별도로 보관한 지난 단계의 참고자료
전화 인터뷰를 정리할 때에는 연결이 끊긴 시작과 종료 시점을 먼저 기록합니다. 앞뒤 확인된 발언은 각각 원문과 대조해 남깁니다. 문맥이 이어지는 것처럼 보여도 끊긴 구간의 말을 만들어 연결하지 않습니다.

이번에 공개하는 전화 인터뷰 기록에는 연결 중단 구간이 별도로 표시됩니다. 중단 표시가 있어도 앞뒤 확인된 발언은 열람할 수 있습니다. 중단된 구간의 복구 여부와 추가 공개 시점은 확정되지 않았습니다.
참고자료의 제안과 일정은 위 본문의 적용 사항으로 자동 전환하지 않습니다.",minutes,advanced-documents-added-v1-016,team-added-synthetic:advanced-documents-context-v1
adv-add-d-9fc426c634a4,"이전 검토 때 보관한 참고자료
포스터 인쇄 차수를 기록하려면 인쇄 표기와 수집 기록을 먼저 대조합니다. 확인한 차수와 근거를 목록에 남기고 원래 자료 번호는 유지합니다. 색이 진하거나 종이가 새것처럼 보인다는 이유로 재인쇄본이라고 확정하지 않습니다.

포스터 목록 검토에서 색 차이만으로 초판과 재인쇄본을 나누자는 제안이 있었다. 수집 담당자는 인쇄 표기와 수집 근거를 확인하자고 말했다. 확인된 차수만 별도 표시하기로 했고 미확인 자료의 차수 판정은 보류했다.
위 내용은 지난 단계의 참고자료이며 현재 전달 내용에 대한 확정 지시로 사용하지 않습니다.

현재 전달하는 본문
다음 목록 갱신부터 포스터의 초판과 재인쇄본을 별도 항목으로 검색할 수 있습니다. 확인되지 않은 인쇄 차수는 미확인으로 표시하며 전시 신청 자체는 유지됩니다. 어느 차수를 전시할지는 상태 확인 후 개별 안내합니다.",announcement,advanced-documents-added-v1-017,team-added-synthetic:advanced-documents-context-v1
adv-add-d-e735c9686ac1,"현재 전달하는 본문
다음 목록 갱신부터 포스터의 초판과 재인쇄본을 별도 항목으로 검색할 수 있습니다. 확인되지 않은 인쇄 차수는 미확인으로 표시하며 전시 신청 자체는 유지됩니다. 어느 차수를 전시할지는 상태 확인 후 개별 안내합니다.

별도로 보관한 지난 단계의 참고자료
포스터 목록 검토에서 색 차이만으로 초판과 재인쇄본을 나누자는 제안이 있었다. 수집 담당자는 인쇄 표기와 수집 근거를 확인하자고 말했다. 확인된 차수만 별도 표시하기로 했고 미확인 자료의 차수 판정은 보류했다.

포스터 인쇄 차수를 기록하려면 인쇄 표기와 수집 기록을 먼저 대조합니다. 확인한 차수와 근거를 목록에 남기고 원래 자료 번호는 유지합니다. 색이 진하거나 종이가 새것처럼 보인다는 이유로 재인쇄본이라고 확정하지 않습니다.
참고자료의 제안과 일정은 위 본문의 적용 사항으로 자동 전환하지 않습니다.",announcement,advanced-documents-added-v1-017,team-added-synthetic:advanced-documents-context-v1
adv-add-d-e288cf6eba72,"이전 검토 때 보관한 참고자료
다음 목록 갱신부터 포스터의 초판과 재인쇄본을 별도 항목으로 검색할 수 있습니다. 확인되지 않은 인쇄 차수는 미확인으로 표시하며 전시 신청 자체는 유지됩니다. 어느 차수를 전시할지는 상태 확인 후 개별 안내합니다.

포스터 목록 검토에서 색 차이만으로 초판과 재인쇄본을 나누자는 제안이 있었다. 수집 담당자는 인쇄 표기와 수집 근거를 확인하자고 말했다. 확인된 차수만 별도 표시하기로 했고 미확인 자료의 차수 판정은 보류했다.
위 내용은 지난 단계의 참고자료이며 현재 전달 내용에 대한 확정 지시로 사용하지 않습니다.

현재 전달하는 본문
포스터 인쇄 차수를 기록하려면 인쇄 표기와 수집 기록을 먼저 대조합니다. 확인한 차수와 근거를 목록에 남기고 원래 자료 번호는 유지합니다. 색이 진하거나 종이가 새것처럼 보인다는 이유로 재인쇄본이라고 확정하지 않습니다.",manual,advanced-documents-added-v1-017,team-added-synthetic:advanced-documents-context-v1
adv-add-d-89971010d865,"현재 전달하는 본문
포스터 인쇄 차수를 기록하려면 인쇄 표기와 수집 기록을 먼저 대조합니다. 확인한 차수와 근거를 목록에 남기고 원래 자료 번호는 유지합니다. 색이 진하거나 종이가 새것처럼 보인다는 이유로 재인쇄본이라고 확정하지 않습니다.

별도로 보관한 지난 단계의 참고자료
포스터 목록 검토에서 색 차이만으로 초판과 재인쇄본을 나누자는 제안이 있었다. 수집 담당자는 인쇄 표기와 수집 근거를 확인하자고 말했다. 확인된 차수만 별도 표시하기로 했고 미확인 자료의 차수 판정은 보류했다.

다음 목록 갱신부터 포스터의 초판과 재인쇄본을 별도 항목으로 검색할 수 있습니다. 확인되지 않은 인쇄 차수는 미확인으로 표시하며 전시 신청 자체는 유지됩니다. 어느 차수를 전시할지는 상태 확인 후 개별 안내합니다.
참고자료의 제안과 일정은 위 본문의 적용 사항으로 자동 전환하지 않습니다.",manual,advanced-documents-added-v1-017,team-added-synthetic:advanced-documents-context-v1
adv-add-d-3b6cd92de2ed,"이전 검토 때 보관한 참고자료
다음 목록 갱신부터 포스터의 초판과 재인쇄본을 별도 항목으로 검색할 수 있습니다. 확인되지 않은 인쇄 차수는 미확인으로 표시하며 전시 신청 자체는 유지됩니다. 어느 차수를 전시할지는 상태 확인 후 개별 안내합니다.

포스터 인쇄 차수를 기록하려면 인쇄 표기와 수집 기록을 먼저 대조합니다. 확인한 차수와 근거를 목록에 남기고 원래 자료 번호는 유지합니다. 색이 진하거나 종이가 새것처럼 보인다는 이유로 재인쇄본이라고 확정하지 않습니다.
위 내용은 지난 단계의 참고자료이며 현재 전달 내용에 대한 확정 지시로 사용하지 않습니다.

현재 전달하는 본문
포스터 목록 검토에서 색 차이만으로 초판과 재인쇄본을 나누자는 제안이 있었다. 수집 담당자는 인쇄 표기와 수집 근거를 확인하자고 말했다. 확인된 차수만 별도 표시하기로 했고 미확인 자료의 차수 판정은 보류했다.",minutes,advanced-documents-added-v1-017,team-added-synthetic:advanced-documents-context-v1
adv-add-d-4cd5f6202e3e,"현재 전달하는 본문
포스터 목록 검토에서 색 차이만으로 초판과 재인쇄본을 나누자는 제안이 있었다. 수집 담당자는 인쇄 표기와 수집 근거를 확인하자고 말했다. 확인된 차수만 별도 표시하기로 했고 미확인 자료의 차수 판정은 보류했다.

별도로 보관한 지난 단계의 참고자료
포스터 인쇄 차수를 기록하려면 인쇄 표기와 수집 기록을 먼저 대조합니다. 확인한 차수와 근거를 목록에 남기고 원래 자료 번호는 유지합니다. 색이 진하거나 종이가 새것처럼 보인다는 이유로 재인쇄본이라고 확정하지 않습니다.

다음 목록 갱신부터 포스터의 초판과 재인쇄본을 별도 항목으로 검색할 수 있습니다. 확인되지 않은 인쇄 차수는 미확인으로 표시하며 전시 신청 자체는 유지됩니다. 어느 차수를 전시할지는 상태 확인 후 개별 안내합니다.
참고자료의 제안과 일정은 위 본문의 적용 사항으로 자동 전환하지 않습니다.",minutes,advanced-documents-added-v1-017,team-added-synthetic:advanced-documents-context-v1
adv-add-d-415d71088cb8,"이전 검토 때 보관한 참고자료
입체 사진의 짝을 연결하려면 자료 번호와 촬영 기록의 쌍 표기를 먼저 대조합니다. 확인된 두 사진만 연결하고 연결 전후 번호를 기록합니다. 구도가 비슷한 사진을 임의로 짝지어 저장하지 않습니다.

입체 사진 정리 회의에서 비슷한 장면을 찍은 사진을 바로 짝지으려는 의견이 나왔다. 담당자들은 촬영 기록의 쌍 표기를 확인한 경우에만 연결하기로 했다. 단독 사진 삭제는 채택하지 않았고 미확인 연결은 보류했다.
위 내용은 지난 단계의 참고자료이며 현재 전달 내용에 대한 확정 지시로 사용하지 않습니다.

현재 전달하는 본문
입체 사진 자료는 이번 배포부터 짝 연결이 확인된 묶음만 입체 보기 대상으로 제공합니다. 단독 사진의 일반 열람은 계속 가능하며 짝이 없다는 이유로 삭제하지 않습니다. 추가 짝 연결의 제공 일정은 확인 후 안내합니다.",announcement,advanced-documents-added-v1-018,team-added-synthetic:advanced-documents-context-v1
adv-add-d-cf42065eeade,"현재 전달하는 본문
입체 사진 자료는 이번 배포부터 짝 연결이 확인된 묶음만 입체 보기 대상으로 제공합니다. 단독 사진의 일반 열람은 계속 가능하며 짝이 없다는 이유로 삭제하지 않습니다. 추가 짝 연결의 제공 일정은 확인 후 안내합니다.

별도로 보관한 지난 단계의 참고자료
입체 사진 정리 회의에서 비슷한 장면을 찍은 사진을 바로 짝지으려는 의견이 나왔다. 담당자들은 촬영 기록의 쌍 표기를 확인한 경우에만 연결하기로 했다. 단독 사진 삭제는 채택하지 않았고 미확인 연결은 보류했다.

입체 사진의 짝을 연결하려면 자료 번호와 촬영 기록의 쌍 표기를 먼저 대조합니다. 확인된 두 사진만 연결하고 연결 전후 번호를 기록합니다. 구도가 비슷한 사진을 임의로 짝지어 저장하지 않습니다.
참고자료의 제안과 일정은 위 본문의 적용 사항으로 자동 전환하지 않습니다.",announcement,advanced-documents-added-v1-018,team-added-synthetic:advanced-documents-context-v1
adv-add-d-4b519cf3317f,"이전 검토 때 보관한 참고자료
입체 사진 자료는 이번 배포부터 짝 연결이 확인된 묶음만 입체 보기 대상으로 제공합니다. 단독 사진의 일반 열람은 계속 가능하며 짝이 없다는 이유로 삭제하지 않습니다. 추가 짝 연결의 제공 일정은 확인 후 안내합니다.

입체 사진 정리 회의에서 비슷한 장면을 찍은 사진을 바로 짝지으려는 의견이 나왔다. 담당자들은 촬영 기록의 쌍 표기를 확인한 경우에만 연결하기로 했다. 단독 사진 삭제는 채택하지 않았고 미확인 연결은 보류했다.
위 내용은 지난 단계의 참고자료이며 현재 전달 내용에 대한 확정 지시로 사용하지 않습니다.

현재 전달하는 본문
입체 사진의 짝을 연결하려면 자료 번호와 촬영 기록의 쌍 표기를 먼저 대조합니다. 확인된 두 사진만 연결하고 연결 전후 번호를 기록합니다. 구도가 비슷한 사진을 임의로 짝지어 저장하지 않습니다.",manual,advanced-documents-added-v1-018,team-added-synthetic:advanced-documents-context-v1
adv-add-d-45512a2bd382,"현재 전달하는 본문
입체 사진의 짝을 연결하려면 자료 번호와 촬영 기록의 쌍 표기를 먼저 대조합니다. 확인된 두 사진만 연결하고 연결 전후 번호를 기록합니다. 구도가 비슷한 사진을 임의로 짝지어 저장하지 않습니다.

별도로 보관한 지난 단계의 참고자료
입체 사진 정리 회의에서 비슷한 장면을 찍은 사진을 바로 짝지으려는 의견이 나왔다. 담당자들은 촬영 기록의 쌍 표기를 확인한 경우에만 연결하기로 했다. 단독 사진 삭제는 채택하지 않았고 미확인 연결은 보류했다.

입체 사진 자료는 이번 배포부터 짝 연결이 확인된 묶음만 입체 보기 대상으로 제공합니다. 단독 사진의 일반 열람은 계속 가능하며 짝이 없다는 이유로 삭제하지 않습니다. 추가 짝 연결의 제공 일정은 확인 후 안내합니다.
참고자료의 제안과 일정은 위 본문의 적용 사항으로 자동 전환하지 않습니다.",manual,advanced-documents-added-v1-018,team-added-synthetic:advanced-documents-context-v1
adv-add-d-5b7f6d22cd07,"이전 검토 때 보관한 참고자료
입체 사진 자료는 이번 배포부터 짝 연결이 확인된 묶음만 입체 보기 대상으로 제공합니다. 단독 사진의 일반 열람은 계속 가능하며 짝이 없다는 이유로 삭제하지 않습니다. 추가 짝 연결의 제공 일정은 확인 후 안내합니다.

입체 사진의 짝을 연결하려면 자료 번호와 촬영 기록의 쌍 표기를 먼저 대조합니다. 확인된 두 사진만 연결하고 연결 전후 번호를 기록합니다. 구도가 비슷한 사진을 임의로 짝지어 저장하지 않습니다.
위 내용은 지난 단계의 참고자료이며 현재 전달 내용에 대한 확정 지시로 사용하지 않습니다.

현재 전달하는 본문
입체 사진 정리 회의에서 비슷한 장면을 찍은 사진을 바로 짝지으려는 의견이 나왔다. 담당자들은 촬영 기록의 쌍 표기를 확인한 경우에만 연결하기로 했다. 단독 사진 삭제는 채택하지 않았고 미확인 연결은 보류했다.",minutes,advanced-documents-added-v1-018,team-added-synthetic:advanced-documents-context-v1
adv-add-d-a6a4bdd5fac0,"현재 전달하는 본문
입체 사진 정리 회의에서 비슷한 장면을 찍은 사진을 바로 짝지으려는 의견이 나왔다. 담당자들은 촬영 기록의 쌍 표기를 확인한 경우에만 연결하기로 했다. 단독 사진 삭제는 채택하지 않았고 미확인 연결은 보류했다.

별도로 보관한 지난 단계의 참고자료
입체 사진의 짝을 연결하려면 자료 번호와 촬영 기록의 쌍 표기를 먼저 대조합니다. 확인된 두 사진만 연결하고 연결 전후 번호를 기록합니다. 구도가 비슷한 사진을 임의로 짝지어 저장하지 않습니다.

입체 사진 자료는 이번 배포부터 짝 연결이 확인된 묶음만 입체 보기 대상으로 제공합니다. 단독 사진의 일반 열람은 계속 가능하며 짝이 없다는 이유로 삭제하지 않습니다. 추가 짝 연결의 제공 일정은 확인 후 안내합니다.
참고자료의 제안과 일정은 위 본문의 적용 사항으로 자동 전환하지 않습니다.",minutes,advanced-documents-added-v1-018,team-added-synthetic:advanced-documents-context-v1
adv-add-d-1eb476563608,"이전 검토 때 보관한 참고자료
지역 명칭을 연결하려면 제보 지역과 놀이 방식의 기록을 먼저 확인합니다. 같은 놀이로 확인된 명칭만 별칭 항목에 연결하고 근거 번호를 남깁니다. 발음이 비슷하다는 이유만으로 이름을 통합하지 않습니다.

민속 놀이 목록 회의에서 비슷하게 들리는 이름을 하나로 합치자는 의견이 제시됐다. 조사 담당자는 지역과 놀이 방식의 대조가 필요하다고 설명했다. 확인된 별칭만 연결하기로 했으며 미확인 명칭의 통합은 채택하지 않았다.
위 내용은 지난 단계의 참고자료이며 현재 전달 내용에 대한 확정 지시로 사용하지 않습니다.

현재 전달하는 본문
이번 자료 검색 갱신에서는 민속 놀이의 지역별 이름을 함께 표시합니다. 기존 이름도 검색할 수 있으며 이름이 비슷하다고 서로 다른 놀이를 통합하지 않습니다. 관계가 미확인인 명칭은 확인 대기 상태로 안내합니다.",announcement,advanced-documents-added-v1-019,team-added-synthetic:advanced-documents-context-v1
adv-add-d-45e52cd66291,"현재 전달하는 본문
이번 자료 검색 갱신에서는 민속 놀이의 지역별 이름을 함께 표시합니다. 기존 이름도 검색할 수 있으며 이름이 비슷하다고 서로 다른 놀이를 통합하지 않습니다. 관계가 미확인인 명칭은 확인 대기 상태로 안내합니다.

별도로 보관한 지난 단계의 참고자료
민속 놀이 목록 회의에서 비슷하게 들리는 이름을 하나로 합치자는 의견이 제시됐다. 조사 담당자는 지역과 놀이 방식의 대조가 필요하다고 설명했다. 확인된 별칭만 연결하기로 했으며 미확인 명칭의 통합은 채택하지 않았다.

지역 명칭을 연결하려면 제보 지역과 놀이 방식의 기록을 먼저 확인합니다. 같은 놀이로 확인된 명칭만 별칭 항목에 연결하고 근거 번호를 남깁니다. 발음이 비슷하다는 이유만으로 이름을 통합하지 않습니다.
참고자료의 제안과 일정은 위 본문의 적용 사항으로 자동 전환하지 않습니다.",announcement,advanced-documents-added-v1-019,team-added-synthetic:advanced-documents-context-v1
adv-add-d-96642e20a565,"이전 검토 때 보관한 참고자료
이번 자료 검색 갱신에서는 민속 놀이의 지역별 이름을 함께 표시합니다. 기존 이름도 검색할 수 있으며 이름이 비슷하다고 서로 다른 놀이를 통합하지 않습니다. 관계가 미확인인 명칭은 확인 대기 상태로 안내합니다.

민속 놀이 목록 회의에서 비슷하게 들리는 이름을 하나로 합치자는 의견이 제시됐다. 조사 담당자는 지역과 놀이 방식의 대조가 필요하다고 설명했다. 확인된 별칭만 연결하기로 했으며 미확인 명칭의 통합은 채택하지 않았다.
위 내용은 지난 단계의 참고자료이며 현재 전달 내용에 대한 확정 지시로 사용하지 않습니다.

현재 전달하는 본문
지역 명칭을 연결하려면 제보 지역과 놀이 방식의 기록을 먼저 확인합니다. 같은 놀이로 확인된 명칭만 별칭 항목에 연결하고 근거 번호를 남깁니다. 발음이 비슷하다는 이유만으로 이름을 통합하지 않습니다.",manual,advanced-documents-added-v1-019,team-added-synthetic:advanced-documents-context-v1
adv-add-d-692dcf7d0824,"현재 전달하는 본문
지역 명칭을 연결하려면 제보 지역과 놀이 방식의 기록을 먼저 확인합니다. 같은 놀이로 확인된 명칭만 별칭 항목에 연결하고 근거 번호를 남깁니다. 발음이 비슷하다는 이유만으로 이름을 통합하지 않습니다.

별도로 보관한 지난 단계의 참고자료
민속 놀이 목록 회의에서 비슷하게 들리는 이름을 하나로 합치자는 의견이 제시됐다. 조사 담당자는 지역과 놀이 방식의 대조가 필요하다고 설명했다. 확인된 별칭만 연결하기로 했으며 미확인 명칭의 통합은 채택하지 않았다.

이번 자료 검색 갱신에서는 민속 놀이의 지역별 이름을 함께 표시합니다. 기존 이름도 검색할 수 있으며 이름이 비슷하다고 서로 다른 놀이를 통합하지 않습니다. 관계가 미확인인 명칭은 확인 대기 상태로 안내합니다.
참고자료의 제안과 일정은 위 본문의 적용 사항으로 자동 전환하지 않습니다.",manual,advanced-documents-added-v1-019,team-added-synthetic:advanced-documents-context-v1
adv-add-d-14c9e67589b7,"이전 검토 때 보관한 참고자료
이번 자료 검색 갱신에서는 민속 놀이의 지역별 이름을 함께 표시합니다. 기존 이름도 검색할 수 있으며 이름이 비슷하다고 서로 다른 놀이를 통합하지 않습니다. 관계가 미확인인 명칭은 확인 대기 상태로 안내합니다.

지역 명칭을 연결하려면 제보 지역과 놀이 방식의 기록을 먼저 확인합니다. 같은 놀이로 확인된 명칭만 별칭 항목에 연결하고 근거 번호를 남깁니다. 발음이 비슷하다는 이유만으로 이름을 통합하지 않습니다.
위 내용은 지난 단계의 참고자료이며 현재 전달 내용에 대한 확정 지시로 사용하지 않습니다.

현재 전달하는 본문
민속 놀이 목록 회의에서 비슷하게 들리는 이름을 하나로 합치자는 의견이 제시됐다. 조사 담당자는 지역과 놀이 방식의 대조가 필요하다고 설명했다. 확인된 별칭만 연결하기로 했으며 미확인 명칭의 통합은 채택하지 않았다.",minutes,advanced-documents-added-v1-019,team-added-synthetic:advanced-documents-context-v1
adv-add-d-bcf7299d7cb8,"현재 전달하는 본문
민속 놀이 목록 회의에서 비슷하게 들리는 이름을 하나로 합치자는 의견이 제시됐다. 조사 담당자는 지역과 놀이 방식의 대조가 필요하다고 설명했다. 확인된 별칭만 연결하기로 했으며 미확인 명칭의 통합은 채택하지 않았다.

별도로 보관한 지난 단계의 참고자료
지역 명칭을 연결하려면 제보 지역과 놀이 방식의 기록을 먼저 확인합니다. 같은 놀이로 확인된 명칭만 별칭 항목에 연결하고 근거 번호를 남깁니다. 발음이 비슷하다는 이유만으로 이름을 통합하지 않습니다.

이번 자료 검색 갱신에서는 민속 놀이의 지역별 이름을 함께 표시합니다. 기존 이름도 검색할 수 있으며 이름이 비슷하다고 서로 다른 놀이를 통합하지 않습니다. 관계가 미확인인 명칭은 확인 대기 상태로 안내합니다.
참고자료의 제안과 일정은 위 본문의 적용 사항으로 자동 전환하지 않습니다.",minutes,advanced-documents-added-v1-019,team-added-synthetic:advanced-documents-context-v1
adv-add-d-98bbcaf1323e,"이전 검토 때 보관한 참고자료
편지 수신인을 기록할 때는 봉투 표기와 본문 호칭을 먼저 대조합니다. 확인 가능한 근거를 자료 번호와 연결해 남깁니다. 본문에 언급된 사람이 수신인이라는 근거가 없으면 그 이름을 수신인 항목에 넣지 않습니다.

기증 편지 검토에서 본문에 가장 자주 등장하는 이름을 수신인으로 등록하자는 제안이 있었다. 기록 담당자는 언급 대상과 수신인이 다를 수 있다고 설명했다. 봉투와 본문 근거로 확인된 이름만 등록하고 나머지는 미확인으로 남기기로 했다.
위 내용은 지난 단계의 참고자료이며 현재 전달 내용에 대한 확정 지시로 사용하지 않습니다.

현재 전달하는 본문
기증 편지 목록은 이번 갱신부터 수신인이 확인된 자료에만 수신인 검색을 제공합니다. 발신인 정보만 있는 편지의 열람은 기존 조건을 유지합니다. 미확인 수신인은 추정 이름을 표시하지 않으며 추가 확인 일정은 미정입니다.",announcement,advanced-documents-added-v1-020,team-added-synthetic:advanced-documents-context-v1
adv-add-d-ac5b541b19c1,"현재 전달하는 본문
기증 편지 목록은 이번 갱신부터 수신인이 확인된 자료에만 수신인 검색을 제공합니다. 발신인 정보만 있는 편지의 열람은 기존 조건을 유지합니다. 미확인 수신인은 추정 이름을 표시하지 않으며 추가 확인 일정은 미정입니다.

별도로 보관한 지난 단계의 참고자료
기증 편지 검토에서 본문에 가장 자주 등장하는 이름을 수신인으로 등록하자는 제안이 있었다. 기록 담당자는 언급 대상과 수신인이 다를 수 있다고 설명했다. 봉투와 본문 근거로 확인된 이름만 등록하고 나머지는 미확인으로 남기기로 했다.

편지 수신인을 기록할 때는 봉투 표기와 본문 호칭을 먼저 대조합니다. 확인 가능한 근거를 자료 번호와 연결해 남깁니다. 본문에 언급된 사람이 수신인이라는 근거가 없으면 그 이름을 수신인 항목에 넣지 않습니다.
참고자료의 제안과 일정은 위 본문의 적용 사항으로 자동 전환하지 않습니다.",announcement,advanced-documents-added-v1-020,team-added-synthetic:advanced-documents-context-v1
adv-add-d-aa93bd1fe4da,"이전 검토 때 보관한 참고자료
기증 편지 목록은 이번 갱신부터 수신인이 확인된 자료에만 수신인 검색을 제공합니다. 발신인 정보만 있는 편지의 열람은 기존 조건을 유지합니다. 미확인 수신인은 추정 이름을 표시하지 않으며 추가 확인 일정은 미정입니다.

기증 편지 검토에서 본문에 가장 자주 등장하는 이름을 수신인으로 등록하자는 제안이 있었다. 기록 담당자는 언급 대상과 수신인이 다를 수 있다고 설명했다. 봉투와 본문 근거로 확인된 이름만 등록하고 나머지는 미확인으로 남기기로 했다.
위 내용은 지난 단계의 참고자료이며 현재 전달 내용에 대한 확정 지시로 사용하지 않습니다.

현재 전달하는 본문
편지 수신인을 기록할 때는 봉투 표기와 본문 호칭을 먼저 대조합니다. 확인 가능한 근거를 자료 번호와 연결해 남깁니다. 본문에 언급된 사람이 수신인이라는 근거가 없으면 그 이름을 수신인 항목에 넣지 않습니다.",manual,advanced-documents-added-v1-020,team-added-synthetic:advanced-documents-context-v1
adv-add-d-fdcf5b05d97b,"현재 전달하는 본문
편지 수신인을 기록할 때는 봉투 표기와 본문 호칭을 먼저 대조합니다. 확인 가능한 근거를 자료 번호와 연결해 남깁니다. 본문에 언급된 사람이 수신인이라는 근거가 없으면 그 이름을 수신인 항목에 넣지 않습니다.

별도로 보관한 지난 단계의 참고자료
기증 편지 검토에서 본문에 가장 자주 등장하는 이름을 수신인으로 등록하자는 제안이 있었다. 기록 담당자는 언급 대상과 수신인이 다를 수 있다고 설명했다. 봉투와 본문 근거로 확인된 이름만 등록하고 나머지는 미확인으로 남기기로 했다.

기증 편지 목록은 이번 갱신부터 수신인이 확인된 자료에만 수신인 검색을 제공합니다. 발신인 정보만 있는 편지의 열람은 기존 조건을 유지합니다. 미확인 수신인은 추정 이름을 표시하지 않으며 추가 확인 일정은 미정입니다.
참고자료의 제안과 일정은 위 본문의 적용 사항으로 자동 전환하지 않습니다.",manual,advanced-documents-added-v1-020,team-added-synthetic:advanced-documents-context-v1
adv-add-d-b3ab021747f1,"이전 검토 때 보관한 참고자료
기증 편지 목록은 이번 갱신부터 수신인이 확인된 자료에만 수신인 검색을 제공합니다. 발신인 정보만 있는 편지의 열람은 기존 조건을 유지합니다. 미확인 수신인은 추정 이름을 표시하지 않으며 추가 확인 일정은 미정입니다.

편지 수신인을 기록할 때는 봉투 표기와 본문 호칭을 먼저 대조합니다. 확인 가능한 근거를 자료 번호와 연결해 남깁니다. 본문에 언급된 사람이 수신인이라는 근거가 없으면 그 이름을 수신인 항목에 넣지 않습니다.
위 내용은 지난 단계의 참고자료이며 현재 전달 내용에 대한 확정 지시로 사용하지 않습니다.

현재 전달하는 본문
기증 편지 검토에서 본문에 가장 자주 등장하는 이름을 수신인으로 등록하자는 제안이 있었다. 기록 담당자는 언급 대상과 수신인이 다를 수 있다고 설명했다. 봉투와 본문 근거로 확인된 이름만 등록하고 나머지는 미확인으로 남기기로 했다.",minutes,advanced-documents-added-v1-020,team-added-synthetic:advanced-documents-context-v1
adv-add-d-42954d148644,"현재 전달하는 본문
기증 편지 검토에서 본문에 가장 자주 등장하는 이름을 수신인으로 등록하자는 제안이 있었다. 기록 담당자는 언급 대상과 수신인이 다를 수 있다고 설명했다. 봉투와 본문 근거로 확인된 이름만 등록하고 나머지는 미확인으로 남기기로 했다.

별도로 보관한 지난 단계의 참고자료
편지 수신인을 기록할 때는 봉투 표기와 본문 호칭을 먼저 대조합니다. 확인 가능한 근거를 자료 번호와 연결해 남깁니다. 본문에 언급된 사람이 수신인이라는 근거가 없으면 그 이름을 수신인 항목에 넣지 않습니다.

기증 편지 목록은 이번 갱신부터 수신인이 확인된 자료에만 수신인 검색을 제공합니다. 발신인 정보만 있는 편지의 열람은 기존 조건을 유지합니다. 미확인 수신인은 추정 이름을 표시하지 않으며 추가 확인 일정은 미정입니다.
참고자료의 제안과 일정은 위 본문의 적용 사항으로 자동 전환하지 않습니다.",minutes,advanced-documents-added-v1-020,team-added-synthetic:advanced-documents-context-v1
adv-add-d-001be879036d,"이전 검토 때 보관한 참고자료
녹음의 조율 기준을 입력하려면 세션 기록과 녹음 번호를 먼저 대조합니다. 기록에 확인된 기준을 메타정보에 넣고 원본 음원은 유지합니다. 들리는 음높이만으로 기준을 추정하거나 음원을 바꾸어 맞추지 않습니다.

악기 녹음 검토에서 모든 음원을 같은 높이로 바꾸자는 의견이 나왔다. 담당자는 기록마다 조율 기준이 다를 수 있다고 설명했다. 확인된 세션 정보만 표시하고 원본은 유지하기로 했으며 일괄 음높이 변경은 채택하지 않았다.
위 내용은 지난 단계의 참고자료이며 현재 전달 내용에 대한 확정 지시로 사용하지 않습니다.

현재 전달하는 본문
이번 악기 녹음 배포에서는 조율 기준이 확인된 파일에만 기준 정보를 표시합니다. 기준이 없는 녹음도 기존 청취 조건으로 이용할 수 있으며 같은 기준으로 녹음됐다고 안내하지 않습니다. 확인되지 않은 기준은 미확인으로 남습니다.",announcement,advanced-documents-added-v1-021,team-added-synthetic:advanced-documents-context-v1
adv-add-d-db5787224e31,"현재 전달하는 본문
이번 악기 녹음 배포에서는 조율 기준이 확인된 파일에만 기준 정보를 표시합니다. 기준이 없는 녹음도 기존 청취 조건으로 이용할 수 있으며 같은 기준으로 녹음됐다고 안내하지 않습니다. 확인되지 않은 기준은 미확인으로 남습니다.

별도로 보관한 지난 단계의 참고자료
악기 녹음 검토에서 모든 음원을 같은 높이로 바꾸자는 의견이 나왔다. 담당자는 기록마다 조율 기준이 다를 수 있다고 설명했다. 확인된 세션 정보만 표시하고 원본은 유지하기로 했으며 일괄 음높이 변경은 채택하지 않았다.

녹음의 조율 기준을 입력하려면 세션 기록과 녹음 번호를 먼저 대조합니다. 기록에 확인된 기준을 메타정보에 넣고 원본 음원은 유지합니다. 들리는 음높이만으로 기준을 추정하거나 음원을 바꾸어 맞추지 않습니다.
참고자료의 제안과 일정은 위 본문의 적용 사항으로 자동 전환하지 않습니다.",announcement,advanced-documents-added-v1-021,team-added-synthetic:advanced-documents-context-v1
adv-add-d-c7977df5abec,"이전 검토 때 보관한 참고자료
이번 악기 녹음 배포에서는 조율 기준이 확인된 파일에만 기준 정보를 표시합니다. 기준이 없는 녹음도 기존 청취 조건으로 이용할 수 있으며 같은 기준으로 녹음됐다고 안내하지 않습니다. 확인되지 않은 기준은 미확인으로 남습니다.

악기 녹음 검토에서 모든 음원을 같은 높이로 바꾸자는 의견이 나왔다. 담당자는 기록마다 조율 기준이 다를 수 있다고 설명했다. 확인된 세션 정보만 표시하고 원본은 유지하기로 했으며 일괄 음높이 변경은 채택하지 않았다.
위 내용은 지난 단계의 참고자료이며 현재 전달 내용에 대한 확정 지시로 사용하지 않습니다.

현재 전달하는 본문
녹음의 조율 기준을 입력하려면 세션 기록과 녹음 번호를 먼저 대조합니다. 기록에 확인된 기준을 메타정보에 넣고 원본 음원은 유지합니다. 들리는 음높이만으로 기준을 추정하거나 음원을 바꾸어 맞추지 않습니다.",manual,advanced-documents-added-v1-021,team-added-synthetic:advanced-documents-context-v1
adv-add-d-1ffca2e5de5c,"현재 전달하는 본문
녹음의 조율 기준을 입력하려면 세션 기록과 녹음 번호를 먼저 대조합니다. 기록에 확인된 기준을 메타정보에 넣고 원본 음원은 유지합니다. 들리는 음높이만으로 기준을 추정하거나 음원을 바꾸어 맞추지 않습니다.

별도로 보관한 지난 단계의 참고자료
악기 녹음 검토에서 모든 음원을 같은 높이로 바꾸자는 의견이 나왔다. 담당자는 기록마다 조율 기준이 다를 수 있다고 설명했다. 확인된 세션 정보만 표시하고 원본은 유지하기로 했으며 일괄 음높이 변경은 채택하지 않았다.

이번 악기 녹음 배포에서는 조율 기준이 확인된 파일에만 기준 정보를 표시합니다. 기준이 없는 녹음도 기존 청취 조건으로 이용할 수 있으며 같은 기준으로 녹음됐다고 안내하지 않습니다. 확인되지 않은 기준은 미확인으로 남습니다.
참고자료의 제안과 일정은 위 본문의 적용 사항으로 자동 전환하지 않습니다.",manual,advanced-documents-added-v1-021,team-added-synthetic:advanced-documents-context-v1
adv-add-d-20f6fe6a61b4,"이전 검토 때 보관한 참고자료
이번 악기 녹음 배포에서는 조율 기준이 확인된 파일에만 기준 정보를 표시합니다. 기준이 없는 녹음도 기존 청취 조건으로 이용할 수 있으며 같은 기준으로 녹음됐다고 안내하지 않습니다. 확인되지 않은 기준은 미확인으로 남습니다.

녹음의 조율 기준을 입력하려면 세션 기록과 녹음 번호를 먼저 대조합니다. 기록에 확인된 기준을 메타정보에 넣고 원본 음원은 유지합니다. 들리는 음높이만으로 기준을 추정하거나 음원을 바꾸어 맞추지 않습니다.
위 내용은 지난 단계의 참고자료이며 현재 전달 내용에 대한 확정 지시로 사용하지 않습니다.

현재 전달하는 본문
악기 녹음 검토에서 모든 음원을 같은 높이로 바꾸자는 의견이 나왔다. 담당자는 기록마다 조율 기준이 다를 수 있다고 설명했다. 확인된 세션 정보만 표시하고 원본은 유지하기로 했으며 일괄 음높이 변경은 채택하지 않았다.",minutes,advanced-documents-added-v1-021,team-added-synthetic:advanced-documents-context-v1
adv-add-d-ed437d8ab4a3,"현재 전달하는 본문
악기 녹음 검토에서 모든 음원을 같은 높이로 바꾸자는 의견이 나왔다. 담당자는 기록마다 조율 기준이 다를 수 있다고 설명했다. 확인된 세션 정보만 표시하고 원본은 유지하기로 했으며 일괄 음높이 변경은 채택하지 않았다.

별도로 보관한 지난 단계의 참고자료
녹음의 조율 기준을 입력하려면 세션 기록과 녹음 번호를 먼저 대조합니다. 기록에 확인된 기준을 메타정보에 넣고 원본 음원은 유지합니다. 들리는 음높이만으로 기준을 추정하거나 음원을 바꾸어 맞추지 않습니다.

이번 악기 녹음 배포에서는 조율 기준이 확인된 파일에만 기준 정보를 표시합니다. 기준이 없는 녹음도 기존 청취 조건으로 이용할 수 있으며 같은 기준으로 녹음됐다고 안내하지 않습니다. 확인되지 않은 기준은 미확인으로 남습니다.
참고자료의 제안과 일정은 위 본문의 적용 사항으로 자동 전환하지 않습니다.",minutes,advanced-documents-added-v1-021,team-added-synthetic:advanced-documents-context-v1
adv-add-d-1dcb8983a363,"이전 검토 때 보관한 참고자료
스탬프 번호를 대조할 때에는 번호와 방문 지점 기록을 함께 확인합니다. 중복 번호가 발견되면 서로 다른 지점인지 같은 방문의 반복 입력인지 표시합니다. 번호가 같다는 이유로 한 기록을 바로 삭제하지 않고 확인 요청을 남깁니다.

탐방 기록 검토에서 중복 번호가 있는 기록을 모두 삭제하자는 제안이 나왔다. 운영 담당자는 다른 지점에서 같은 번호를 쓴 사례를 설명했다. 지점 기록을 함께 대조하기로 했고 일괄 삭제는 채택하지 않았다.
위 내용은 지난 단계의 참고자료이며 현재 전달 내용에 대한 확정 지시로 사용하지 않습니다.

현재 전달하는 본문
이번 탐방 기록 확인에서는 번호가 중복된 스탬프만 별도 확인 대상으로 안내합니다. 방문 기록 전체가 무효가 되는 것은 아니며 중복이 없는 기록의 확인은 계속 진행됩니다. 중복 번호의 처리 결과는 개별 안내합니다.",announcement,advanced-documents-added-v1-022,team-added-synthetic:advanced-documents-context-v1
adv-add-d-2b70d98fe453,"현재 전달하는 본문
이번 탐방 기록 확인에서는 번호가 중복된 스탬프만 별도 확인 대상으로 안내합니다. 방문 기록 전체가 무효가 되는 것은 아니며 중복이 없는 기록의 확인은 계속 진행됩니다. 중복 번호의 처리 결과는 개별 안내합니다.

별도로 보관한 지난 단계의 참고자료
탐방 기록 검토에서 중복 번호가 있는 기록을 모두 삭제하자는 제안이 나왔다. 운영 담당자는 다른 지점에서 같은 번호를 쓴 사례를 설명했다. 지점 기록을 함께 대조하기로 했고 일괄 삭제는 채택하지 않았다.

스탬프 번호를 대조할 때에는 번호와 방문 지점 기록을 함께 확인합니다. 중복 번호가 발견되면 서로 다른 지점인지 같은 방문의 반복 입력인지 표시합니다. 번호가 같다는 이유로 한 기록을 바로 삭제하지 않고 확인 요청을 남깁니다.
참고자료의 제안과 일정은 위 본문의 적용 사항으로 자동 전환하지 않습니다.",announcement,advanced-documents-added-v1-022,team-added-synthetic:advanced-documents-context-v1
adv-add-d-893954b244a0,"이전 검토 때 보관한 참고자료
이번 탐방 기록 확인에서는 번호가 중복된 스탬프만 별도 확인 대상으로 안내합니다. 방문 기록 전체가 무효가 되는 것은 아니며 중복이 없는 기록의 확인은 계속 진행됩니다. 중복 번호의 처리 결과는 개별 안내합니다.

탐방 기록 검토에서 중복 번호가 있는 기록을 모두 삭제하자는 제안이 나왔다. 운영 담당자는 다른 지점에서 같은 번호를 쓴 사례를 설명했다. 지점 기록을 함께 대조하기로 했고 일괄 삭제는 채택하지 않았다.
위 내용은 지난 단계의 참고자료이며 현재 전달 내용에 대한 확정 지시로 사용하지 않습니다.

현재 전달하는 본문
스탬프 번호를 대조할 때에는 번호와 방문 지점 기록을 함께 확인합니다. 중복 번호가 발견되면 서로 다른 지점인지 같은 방문의 반복 입력인지 표시합니다. 번호가 같다는 이유로 한 기록을 바로 삭제하지 않고 확인 요청을 남깁니다.",manual,advanced-documents-added-v1-022,team-added-synthetic:advanced-documents-context-v1
adv-add-d-597283dcbec6,"현재 전달하는 본문
스탬프 번호를 대조할 때에는 번호와 방문 지점 기록을 함께 확인합니다. 중복 번호가 발견되면 서로 다른 지점인지 같은 방문의 반복 입력인지 표시합니다. 번호가 같다는 이유로 한 기록을 바로 삭제하지 않고 확인 요청을 남깁니다.

별도로 보관한 지난 단계의 참고자료
탐방 기록 검토에서 중복 번호가 있는 기록을 모두 삭제하자는 제안이 나왔다. 운영 담당자는 다른 지점에서 같은 번호를 쓴 사례를 설명했다. 지점 기록을 함께 대조하기로 했고 일괄 삭제는 채택하지 않았다.

이번 탐방 기록 확인에서는 번호가 중복된 스탬프만 별도 확인 대상으로 안내합니다. 방문 기록 전체가 무효가 되는 것은 아니며 중복이 없는 기록의 확인은 계속 진행됩니다. 중복 번호의 처리 결과는 개별 안내합니다.
참고자료의 제안과 일정은 위 본문의 적용 사항으로 자동 전환하지 않습니다.",manual,advanced-documents-added-v1-022,team-added-synthetic:advanced-documents-context-v1
adv-add-d-07499ddbbc69,"이전 검토 때 보관한 참고자료
이번 탐방 기록 확인에서는 번호가 중복된 스탬프만 별도 확인 대상으로 안내합니다. 방문 기록 전체가 무효가 되는 것은 아니며 중복이 없는 기록의 확인은 계속 진행됩니다. 중복 번호의 처리 결과는 개별 안내합니다.

스탬프 번호를 대조할 때에는 번호와 방문 지점 기록을 함께 확인합니다. 중복 번호가 발견되면 서로 다른 지점인지 같은 방문의 반복 입력인지 표시합니다. 번호가 같다는 이유로 한 기록을 바로 삭제하지 않고 확인 요청을 남깁니다.
위 내용은 지난 단계의 참고자료이며 현재 전달 내용에 대한 확정 지시로 사용하지 않습니다.

현재 전달하는 본문
탐방 기록 검토에서 중복 번호가 있는 기록을 모두 삭제하자는 제안이 나왔다. 운영 담당자는 다른 지점에서 같은 번호를 쓴 사례를 설명했다. 지점 기록을 함께 대조하기로 했고 일괄 삭제는 채택하지 않았다.",minutes,advanced-documents-added-v1-022,team-added-synthetic:advanced-documents-context-v1
adv-add-d-598ff507ebd5,"현재 전달하는 본문
탐방 기록 검토에서 중복 번호가 있는 기록을 모두 삭제하자는 제안이 나왔다. 운영 담당자는 다른 지점에서 같은 번호를 쓴 사례를 설명했다. 지점 기록을 함께 대조하기로 했고 일괄 삭제는 채택하지 않았다.

별도로 보관한 지난 단계의 참고자료
스탬프 번호를 대조할 때에는 번호와 방문 지점 기록을 함께 확인합니다. 중복 번호가 발견되면 서로 다른 지점인지 같은 방문의 반복 입력인지 표시합니다. 번호가 같다는 이유로 한 기록을 바로 삭제하지 않고 확인 요청을 남깁니다.

이번 탐방 기록 확인에서는 번호가 중복된 스탬프만 별도 확인 대상으로 안내합니다. 방문 기록 전체가 무효가 되는 것은 아니며 중복이 없는 기록의 확인은 계속 진행됩니다. 중복 번호의 처리 결과는 개별 안내합니다.
참고자료의 제안과 일정은 위 본문의 적용 사항으로 자동 전환하지 않습니다.",minutes,advanced-documents-added-v1-022,team-added-synthetic:advanced-documents-context-v1
adv-add-d-b418a3bb80ba,"이전 검토 때 보관한 참고자료
사진 장소 정보를 입력하려면 촬영 기록과 전시 이력을 먼저 구분합니다. 각각 확인된 장소를 해당 항목에 넣고 근거를 기록합니다. 전시가 열린 장소를 촬영지로 복사하거나 사진 배경만으로 주소를 확정하지 않습니다.

사진 목록 회의에서 전시 장소를 촬영지에도 함께 입력하자는 의견이 있었다. 기록 담당자는 두 장소가 다를 수 있다고 설명했다. 촬영지와 전시지를 분리하기로 결정했고 미확인 촬영지의 추정 입력은 채택하지 않았다.
위 내용은 지난 단계의 참고자료이며 현재 전달 내용에 대한 확정 지시로 사용하지 않습니다.

현재 전달하는 본문
다음 목록 갱신부터 역사 사진의 촬영지와 과거 전시지를 따로 검색할 수 있습니다. 전시 장소만 확인된 사진은 촬영지를 미확인으로 표시합니다. 기존 이미지 열람과 예약 방식은 유지됩니다.",announcement,advanced-documents-added-v1-023,team-added-synthetic:advanced-documents-context-v1
adv-add-d-c5d3818caa05,"현재 전달하는 본문
다음 목록 갱신부터 역사 사진의 촬영지와 과거 전시지를 따로 검색할 수 있습니다. 전시 장소만 확인된 사진은 촬영지를 미확인으로 표시합니다. 기존 이미지 열람과 예약 방식은 유지됩니다.

별도로 보관한 지난 단계의 참고자료
사진 목록 회의에서 전시 장소를 촬영지에도 함께 입력하자는 의견이 있었다. 기록 담당자는 두 장소가 다를 수 있다고 설명했다. 촬영지와 전시지를 분리하기로 결정했고 미확인 촬영지의 추정 입력은 채택하지 않았다.

사진 장소 정보를 입력하려면 촬영 기록과 전시 이력을 먼저 구분합니다. 각각 확인된 장소를 해당 항목에 넣고 근거를 기록합니다. 전시가 열린 장소를 촬영지로 복사하거나 사진 배경만으로 주소를 확정하지 않습니다.
참고자료의 제안과 일정은 위 본문의 적용 사항으로 자동 전환하지 않습니다.",announcement,advanced-documents-added-v1-023,team-added-synthetic:advanced-documents-context-v1
adv-add-d-e2c01d5ff65d,"이전 검토 때 보관한 참고자료
다음 목록 갱신부터 역사 사진의 촬영지와 과거 전시지를 따로 검색할 수 있습니다. 전시 장소만 확인된 사진은 촬영지를 미확인으로 표시합니다. 기존 이미지 열람과 예약 방식은 유지됩니다.

사진 목록 회의에서 전시 장소를 촬영지에도 함께 입력하자는 의견이 있었다. 기록 담당자는 두 장소가 다를 수 있다고 설명했다. 촬영지와 전시지를 분리하기로 결정했고 미확인 촬영지의 추정 입력은 채택하지 않았다.
위 내용은 지난 단계의 참고자료이며 현재 전달 내용에 대한 확정 지시로 사용하지 않습니다.

현재 전달하는 본문
사진 장소 정보를 입력하려면 촬영 기록과 전시 이력을 먼저 구분합니다. 각각 확인된 장소를 해당 항목에 넣고 근거를 기록합니다. 전시가 열린 장소를 촬영지로 복사하거나 사진 배경만으로 주소를 확정하지 않습니다.",manual,advanced-documents-added-v1-023,team-added-synthetic:advanced-documents-context-v1
adv-add-d-1ff25875bc9a,"현재 전달하는 본문
사진 장소 정보를 입력하려면 촬영 기록과 전시 이력을 먼저 구분합니다. 각각 확인된 장소를 해당 항목에 넣고 근거를 기록합니다. 전시가 열린 장소를 촬영지로 복사하거나 사진 배경만으로 주소를 확정하지 않습니다.

별도로 보관한 지난 단계의 참고자료
사진 목록 회의에서 전시 장소를 촬영지에도 함께 입력하자는 의견이 있었다. 기록 담당자는 두 장소가 다를 수 있다고 설명했다. 촬영지와 전시지를 분리하기로 결정했고 미확인 촬영지의 추정 입력은 채택하지 않았다.

다음 목록 갱신부터 역사 사진의 촬영지와 과거 전시지를 따로 검색할 수 있습니다. 전시 장소만 확인된 사진은 촬영지를 미확인으로 표시합니다. 기존 이미지 열람과 예약 방식은 유지됩니다.
참고자료의 제안과 일정은 위 본문의 적용 사항으로 자동 전환하지 않습니다.",manual,advanced-documents-added-v1-023,team-added-synthetic:advanced-documents-context-v1
adv-add-d-fad0e3c8cb73,"이전 검토 때 보관한 참고자료
다음 목록 갱신부터 역사 사진의 촬영지와 과거 전시지를 따로 검색할 수 있습니다. 전시 장소만 확인된 사진은 촬영지를 미확인으로 표시합니다. 기존 이미지 열람과 예약 방식은 유지됩니다.

사진 장소 정보를 입력하려면 촬영 기록과 전시 이력을 먼저 구분합니다. 각각 확인된 장소를 해당 항목에 넣고 근거를 기록합니다. 전시가 열린 장소를 촬영지로 복사하거나 사진 배경만으로 주소를 확정하지 않습니다.
위 내용은 지난 단계의 참고자료이며 현재 전달 내용에 대한 확정 지시로 사용하지 않습니다.

현재 전달하는 본문
사진 목록 회의에서 전시 장소를 촬영지에도 함께 입력하자는 의견이 있었다. 기록 담당자는 두 장소가 다를 수 있다고 설명했다. 촬영지와 전시지를 분리하기로 결정했고 미확인 촬영지의 추정 입력은 채택하지 않았다.",minutes,advanced-documents-added-v1-023,team-added-synthetic:advanced-documents-context-v1
adv-add-d-e6f84670e508,"현재 전달하는 본문
사진 목록 회의에서 전시 장소를 촬영지에도 함께 입력하자는 의견이 있었다. 기록 담당자는 두 장소가 다를 수 있다고 설명했다. 촬영지와 전시지를 분리하기로 결정했고 미확인 촬영지의 추정 입력은 채택하지 않았다.

별도로 보관한 지난 단계의 참고자료
사진 장소 정보를 입력하려면 촬영 기록과 전시 이력을 먼저 구분합니다. 각각 확인된 장소를 해당 항목에 넣고 근거를 기록합니다. 전시가 열린 장소를 촬영지로 복사하거나 사진 배경만으로 주소를 확정하지 않습니다.

다음 목록 갱신부터 역사 사진의 촬영지와 과거 전시지를 따로 검색할 수 있습니다. 전시 장소만 확인된 사진은 촬영지를 미확인으로 표시합니다. 기존 이미지 열람과 예약 방식은 유지됩니다.
참고자료의 제안과 일정은 위 본문의 적용 사항으로 자동 전환하지 않습니다.",minutes,advanced-documents-added-v1-023,team-added-synthetic:advanced-documents-context-v1
adv-add-d-5d7dede98fba,"이전 검토 때 보관한 참고자료
마이크로필름을 점검할 때에는 프레임 번호의 연속성과 촬영 목록을 먼저 대조합니다. 건너뛴 번호를 따로 기록하고 원자료의 해당 부분이 존재하는지 확인 요청을 남깁니다. 번호만 빠졌다고 내용을 추정해 새 프레임을 만들지 않습니다.

마이크로필름 검토에서 번호가 빠진 구간을 주변 프레임으로 대체하자는 제안이 나왔다. 담당자는 번호 오류와 촬영 누락을 구분해야 한다고 설명했다. 원자료를 먼저 대조하기로 했으며 대체 프레임 제작과 추가 촬영 일정은 보류했다.
위 내용은 지난 단계의 참고자료이며 현재 전달 내용에 대한 확정 지시로 사용하지 않습니다.

현재 전달하는 본문
이번 마이크로필름 제공에서는 누락 의심 프레임이 있는 자료에 상태 안내를 덧붙입니다. 확인된 프레임은 기존 방식으로 열람할 수 있으며 전체 자료가 폐기된 것은 아닙니다. 추가 촬영 여부는 원자료 확인 뒤 알립니다.",announcement,advanced-documents-added-v1-024,team-added-synthetic:advanced-documents-context-v1
adv-add-d-a0fba3445003,"현재 전달하는 본문
이번 마이크로필름 제공에서는 누락 의심 프레임이 있는 자료에 상태 안내를 덧붙입니다. 확인된 프레임은 기존 방식으로 열람할 수 있으며 전체 자료가 폐기된 것은 아닙니다. 추가 촬영 여부는 원자료 확인 뒤 알립니다.

별도로 보관한 지난 단계의 참고자료
마이크로필름 검토에서 번호가 빠진 구간을 주변 프레임으로 대체하자는 제안이 나왔다. 담당자는 번호 오류와 촬영 누락을 구분해야 한다고 설명했다. 원자료를 먼저 대조하기로 했으며 대체 프레임 제작과 추가 촬영 일정은 보류했다.

마이크로필름을 점검할 때에는 프레임 번호의 연속성과 촬영 목록을 먼저 대조합니다. 건너뛴 번호를 따로 기록하고 원자료의 해당 부분이 존재하는지 확인 요청을 남깁니다. 번호만 빠졌다고 내용을 추정해 새 프레임을 만들지 않습니다.
참고자료의 제안과 일정은 위 본문의 적용 사항으로 자동 전환하지 않습니다.",announcement,advanced-documents-added-v1-024,team-added-synthetic:advanced-documents-context-v1
adv-add-d-c5aec7d43bf5,"이전 검토 때 보관한 참고자료
이번 마이크로필름 제공에서는 누락 의심 프레임이 있는 자료에 상태 안내를 덧붙입니다. 확인된 프레임은 기존 방식으로 열람할 수 있으며 전체 자료가 폐기된 것은 아닙니다. 추가 촬영 여부는 원자료 확인 뒤 알립니다.

마이크로필름 검토에서 번호가 빠진 구간을 주변 프레임으로 대체하자는 제안이 나왔다. 담당자는 번호 오류와 촬영 누락을 구분해야 한다고 설명했다. 원자료를 먼저 대조하기로 했으며 대체 프레임 제작과 추가 촬영 일정은 보류했다.
위 내용은 지난 단계의 참고자료이며 현재 전달 내용에 대한 확정 지시로 사용하지 않습니다.

현재 전달하는 본문
마이크로필름을 점검할 때에는 프레임 번호의 연속성과 촬영 목록을 먼저 대조합니다. 건너뛴 번호를 따로 기록하고 원자료의 해당 부분이 존재하는지 확인 요청을 남깁니다. 번호만 빠졌다고 내용을 추정해 새 프레임을 만들지 않습니다.",manual,advanced-documents-added-v1-024,team-added-synthetic:advanced-documents-context-v1
adv-add-d-64bb6e4946bf,"현재 전달하는 본문
마이크로필름을 점검할 때에는 프레임 번호의 연속성과 촬영 목록을 먼저 대조합니다. 건너뛴 번호를 따로 기록하고 원자료의 해당 부분이 존재하는지 확인 요청을 남깁니다. 번호만 빠졌다고 내용을 추정해 새 프레임을 만들지 않습니다.

별도로 보관한 지난 단계의 참고자료
마이크로필름 검토에서 번호가 빠진 구간을 주변 프레임으로 대체하자는 제안이 나왔다. 담당자는 번호 오류와 촬영 누락을 구분해야 한다고 설명했다. 원자료를 먼저 대조하기로 했으며 대체 프레임 제작과 추가 촬영 일정은 보류했다.

이번 마이크로필름 제공에서는 누락 의심 프레임이 있는 자료에 상태 안내를 덧붙입니다. 확인된 프레임은 기존 방식으로 열람할 수 있으며 전체 자료가 폐기된 것은 아닙니다. 추가 촬영 여부는 원자료 확인 뒤 알립니다.
참고자료의 제안과 일정은 위 본문의 적용 사항으로 자동 전환하지 않습니다.",manual,advanced-documents-added-v1-024,team-added-synthetic:advanced-documents-context-v1
adv-add-d-f768fa9c9eb4,"이전 검토 때 보관한 참고자료
이번 마이크로필름 제공에서는 누락 의심 프레임이 있는 자료에 상태 안내를 덧붙입니다. 확인된 프레임은 기존 방식으로 열람할 수 있으며 전체 자료가 폐기된 것은 아닙니다. 추가 촬영 여부는 원자료 확인 뒤 알립니다.

마이크로필름을 점검할 때에는 프레임 번호의 연속성과 촬영 목록을 먼저 대조합니다. 건너뛴 번호를 따로 기록하고 원자료의 해당 부분이 존재하는지 확인 요청을 남깁니다. 번호만 빠졌다고 내용을 추정해 새 프레임을 만들지 않습니다.
위 내용은 지난 단계의 참고자료이며 현재 전달 내용에 대한 확정 지시로 사용하지 않습니다.

현재 전달하는 본문
마이크로필름 검토에서 번호가 빠진 구간을 주변 프레임으로 대체하자는 제안이 나왔다. 담당자는 번호 오류와 촬영 누락을 구분해야 한다고 설명했다. 원자료를 먼저 대조하기로 했으며 대체 프레임 제작과 추가 촬영 일정은 보류했다.",minutes,advanced-documents-added-v1-024,team-added-synthetic:advanced-documents-context-v1
adv-add-d-f3b84c4ce48e,"현재 전달하는 본문
마이크로필름 검토에서 번호가 빠진 구간을 주변 프레임으로 대체하자는 제안이 나왔다. 담당자는 번호 오류와 촬영 누락을 구분해야 한다고 설명했다. 원자료를 먼저 대조하기로 했으며 대체 프레임 제작과 추가 촬영 일정은 보류했다.

별도로 보관한 지난 단계의 참고자료
마이크로필름을 점검할 때에는 프레임 번호의 연속성과 촬영 목록을 먼저 대조합니다. 건너뛴 번호를 따로 기록하고 원자료의 해당 부분이 존재하는지 확인 요청을 남깁니다. 번호만 빠졌다고 내용을 추정해 새 프레임을 만들지 않습니다.

이번 마이크로필름 제공에서는 누락 의심 프레임이 있는 자료에 상태 안내를 덧붙입니다. 확인된 프레임은 기존 방식으로 열람할 수 있으며 전체 자료가 폐기된 것은 아닙니다. 추가 촬영 여부는 원자료 확인 뒤 알립니다.
참고자료의 제안과 일정은 위 본문의 적용 사항으로 자동 전환하지 않습니다.",minutes,advanced-documents-added-v1-024,team-added-synthetic:advanced-documents-context-v1
adv-add-d-7ad4fa7bdbdc,"이전 검토 때 보관한 참고자료
표찰의 학명을 갱신하려면 개정 근거와 해당 식물의 등록 번호를 먼저 대조합니다. 확인된 새 이름을 입력하고 이전 이름은 이력에 남깁니다. 비슷한 식물의 최신 이름을 가져와 대신 쓰거나 기존 이력을 삭제하지 않습니다.

표찰 정비 회의에서 이전 학명을 모두 지우자는 의견이 제시됐다. 관리 담당자는 과거 기록 검색을 위해 이력이 필요하다고 설명했다. 확인된 개정 학명만 반영하고 이전 이름은 남기기로 했으며 미확인 표찰의 일괄 변경은 채택하지 않았다.
위 내용은 지난 단계의 참고자료이며 현재 전달 내용에 대한 확정 지시로 사용하지 않습니다.

현재 전달하는 본문
새 원예 표찰은 이번 갱신부터 확인된 개정 학명과 이전 이름을 함께 표시합니다. 이전 이름으로도 자료를 검색할 수 있으며 표찰 갱신이 식물 교체를 뜻하지 않습니다. 개정 근거가 미확인인 표찰은 기존 이름을 유지합니다.",announcement,advanced-documents-added-v1-025,team-added-synthetic:advanced-documents-context-v1
adv-add-d-50708996039b,"현재 전달하는 본문
새 원예 표찰은 이번 갱신부터 확인된 개정 학명과 이전 이름을 함께 표시합니다. 이전 이름으로도 자료를 검색할 수 있으며 표찰 갱신이 식물 교체를 뜻하지 않습니다. 개정 근거가 미확인인 표찰은 기존 이름을 유지합니다.

별도로 보관한 지난 단계의 참고자료
표찰 정비 회의에서 이전 학명을 모두 지우자는 의견이 제시됐다. 관리 담당자는 과거 기록 검색을 위해 이력이 필요하다고 설명했다. 확인된 개정 학명만 반영하고 이전 이름은 남기기로 했으며 미확인 표찰의 일괄 변경은 채택하지 않았다.

표찰의 학명을 갱신하려면 개정 근거와 해당 식물의 등록 번호를 먼저 대조합니다. 확인된 새 이름을 입력하고 이전 이름은 이력에 남깁니다. 비슷한 식물의 최신 이름을 가져와 대신 쓰거나 기존 이력을 삭제하지 않습니다.
참고자료의 제안과 일정은 위 본문의 적용 사항으로 자동 전환하지 않습니다.",announcement,advanced-documents-added-v1-025,team-added-synthetic:advanced-documents-context-v1
adv-add-d-ec99aa71dd48,"이전 검토 때 보관한 참고자료
새 원예 표찰은 이번 갱신부터 확인된 개정 학명과 이전 이름을 함께 표시합니다. 이전 이름으로도 자료를 검색할 수 있으며 표찰 갱신이 식물 교체를 뜻하지 않습니다. 개정 근거가 미확인인 표찰은 기존 이름을 유지합니다.

표찰 정비 회의에서 이전 학명을 모두 지우자는 의견이 제시됐다. 관리 담당자는 과거 기록 검색을 위해 이력이 필요하다고 설명했다. 확인된 개정 학명만 반영하고 이전 이름은 남기기로 했으며 미확인 표찰의 일괄 변경은 채택하지 않았다.
위 내용은 지난 단계의 참고자료이며 현재 전달 내용에 대한 확정 지시로 사용하지 않습니다.

현재 전달하는 본문
표찰의 학명을 갱신하려면 개정 근거와 해당 식물의 등록 번호를 먼저 대조합니다. 확인된 새 이름을 입력하고 이전 이름은 이력에 남깁니다. 비슷한 식물의 최신 이름을 가져와 대신 쓰거나 기존 이력을 삭제하지 않습니다.",manual,advanced-documents-added-v1-025,team-added-synthetic:advanced-documents-context-v1
adv-add-d-bd9a44fff762,"현재 전달하는 본문
표찰의 학명을 갱신하려면 개정 근거와 해당 식물의 등록 번호를 먼저 대조합니다. 확인된 새 이름을 입력하고 이전 이름은 이력에 남깁니다. 비슷한 식물의 최신 이름을 가져와 대신 쓰거나 기존 이력을 삭제하지 않습니다.

별도로 보관한 지난 단계의 참고자료
표찰 정비 회의에서 이전 학명을 모두 지우자는 의견이 제시됐다. 관리 담당자는 과거 기록 검색을 위해 이력이 필요하다고 설명했다. 확인된 개정 학명만 반영하고 이전 이름은 남기기로 했으며 미확인 표찰의 일괄 변경은 채택하지 않았다.

새 원예 표찰은 이번 갱신부터 확인된 개정 학명과 이전 이름을 함께 표시합니다. 이전 이름으로도 자료를 검색할 수 있으며 표찰 갱신이 식물 교체를 뜻하지 않습니다. 개정 근거가 미확인인 표찰은 기존 이름을 유지합니다.
참고자료의 제안과 일정은 위 본문의 적용 사항으로 자동 전환하지 않습니다.",manual,advanced-documents-added-v1-025,team-added-synthetic:advanced-documents-context-v1
adv-add-d-32d589bb7d07,"이전 검토 때 보관한 참고자료
새 원예 표찰은 이번 갱신부터 확인된 개정 학명과 이전 이름을 함께 표시합니다. 이전 이름으로도 자료를 검색할 수 있으며 표찰 갱신이 식물 교체를 뜻하지 않습니다. 개정 근거가 미확인인 표찰은 기존 이름을 유지합니다.

표찰의 학명을 갱신하려면 개정 근거와 해당 식물의 등록 번호를 먼저 대조합니다. 확인된 새 이름을 입력하고 이전 이름은 이력에 남깁니다. 비슷한 식물의 최신 이름을 가져와 대신 쓰거나 기존 이력을 삭제하지 않습니다.
위 내용은 지난 단계의 참고자료이며 현재 전달 내용에 대한 확정 지시로 사용하지 않습니다.

현재 전달하는 본문
표찰 정비 회의에서 이전 학명을 모두 지우자는 의견이 제시됐다. 관리 담당자는 과거 기록 검색을 위해 이력이 필요하다고 설명했다. 확인된 개정 학명만 반영하고 이전 이름은 남기기로 했으며 미확인 표찰의 일괄 변경은 채택하지 않았다.",minutes,advanced-documents-added-v1-025,team-added-synthetic:advanced-documents-context-v1
adv-add-d-50a97d7a90aa,"현재 전달하는 본문
표찰 정비 회의에서 이전 학명을 모두 지우자는 의견이 제시됐다. 관리 담당자는 과거 기록 검색을 위해 이력이 필요하다고 설명했다. 확인된 개정 학명만 반영하고 이전 이름은 남기기로 했으며 미확인 표찰의 일괄 변경은 채택하지 않았다.

별도로 보관한 지난 단계의 참고자료
표찰의 학명을 갱신하려면 개정 근거와 해당 식물의 등록 번호를 먼저 대조합니다. 확인된 새 이름을 입력하고 이전 이름은 이력에 남깁니다. 비슷한 식물의 최신 이름을 가져와 대신 쓰거나 기존 이력을 삭제하지 않습니다.

새 원예 표찰은 이번 갱신부터 확인된 개정 학명과 이전 이름을 함께 표시합니다. 이전 이름으로도 자료를 검색할 수 있으며 표찰 갱신이 식물 교체를 뜻하지 않습니다. 개정 근거가 미확인인 표찰은 기존 이름을 유지합니다.
참고자료의 제안과 일정은 위 본문의 적용 사항으로 자동 전환하지 않습니다.",minutes,advanced-documents-added-v1-025,team-added-synthetic:advanced-documents-context-v1
