id,text,label,group_id,source
documents-v2-announcement-train-009-v1,이번 주 도착한 소형 택배 중 수령인이 확인된 물품만 보관함으로 옮겼다. 대상자에게는 물품 번호를 개별 전달한다. 이름을 확인하지 못한 물품은 안내실에서 따로 보관한다.,announcement,documents-v2-announcement-train-009,original-synthetic:synthetic-ko-v2.0
documents-v2-manual-train-014-v2,"- 전시 받침을 고를 때에는 작품의 바닥 크기와 무게를 먼저 확인한다.
- 받침 위에서 작품이 흔들리지 않는지 점검한다.
- 안정적인 받침을 찾지 못하면 임시 상자로 대신하지 않고 담당자에게 문의한다.",manual,documents-v2-manual-train-014,original-synthetic:synthetic-ko-v2.0
documents-v2-announcement-train-001-v2,"작품 운송 접수
이번 공동 전시의 입체 작품은 11월 3일 오전에만 운송 접수를 받습니다. 평면 작품은 오후 접수를 유지합니다. 파손 방지 포장이 끝나지 않은 작품은 현장에서 접수하지 않습니다.",announcement,documents-v2-announcement-train-001,original-synthetic:synthetic-ko-v2.0
documents-v2-announcement-train-040-v1,"- 교류 주간에 방문하는 외부 손님은 초대한 팀과 함께 이동합니다.
- 팀 대표는 방문 전날까지 만날 장소를 안내실에 알립니다.
- 사전에 협의하지 않은 작업실 방문은 제한합니다.",announcement,documents-v2-announcement-train-040,original-synthetic:synthetic-ko-v2.0
documents-v2-announcement-train-020-v2,장기 자전거 보관 이용자는 11월 15일까지 이용 의사를 갱신한다. 갱신하지 않은 자리의 처리는 소유자에게 연락한 뒤 결정한다. 기한이 지났다고 자전거를 바로 폐기하지 않는다.,announcement,documents-v2-announcement-train-020,original-synthetic:synthetic-ko-v2.0
documents-v2-minutes-train-013-v2,"협력처 로고 배치
협력처 표식의 크기가 서로 다르다는 의견을 살펴봤습니다. 역할이 같은 협력처는 동일한 크기로 표시하기로 했습니다. 대표 협력처를 새로 선정하자는 제안은 논의 대상에서 제외했습니다.",minutes,documents-v2-minutes-train-013,original-synthetic:synthetic-ko-v2.0
documents-v2-manual-train-043-v2,실내 식물의 관찰 사진은 같은 시간대와 위치에서 찍습니다. 창문 빛이 달라졌으면 그 상태를 기록합니다. 밝기 차이를 식물 색의 변화라고 단정하지 않고 원본 사진을 비교합니다.,manual,documents-v2-manual-train-043,original-synthetic:synthetic-ko-v2.0
documents-v2-minutes-train-028-v1,"- 안내서가 많이 남은 원인을 검토했습니다.
- 단순 방문자 수 대신 실제 안내서 수령 비율로 다음 부수를 계산하기로 했습니다.
- 인쇄 담당이 최근 세 행사의 기록을 모으기로 했습니다.",minutes,documents-v2-minutes-train-028,original-synthetic:synthetic-ko-v2.0
documents-v2-manual-train-039-v2,작품 운송 상자를 닫기 전에는 내부에서 물품이 움직이는지 확인합니다. 빈 공간을 지정된 완충재로 채운 뒤 다시 가볍게 기울여 봅니다. 내용물 목록을 덮개 바깥에 붙이고 상자를 닫습니다.,manual,documents-v2-manual-train-039,original-synthetic:synthetic-ko-v2.0
documents-v2-minutes-train-027-v1,"관찰 활동 목표
- 관찰 활동이 정답 맞히기로 흐른다는 진행자의 의견을 들었다.
- 서로 다른 관찰을 비교하는 시간을 늘리기로 했다.
- 관찰 결과가 다르다는 이유만으로 오류로 표시하지 않기로 했다.",minutes,documents-v2-minutes-train-027,original-synthetic:synthetic-ko-v2.0
documents-v2-announcement-train-046-v1,작업 중인 개인 작품의 기록 촬영을 다음 주에 지원합니다. 신청자는 공개 가능한 촬영 범위를 미리 표시합니다. 촬영 지원을 받았다고 작품의 이용 권한이 기관에 넘어가지는 않습니다.,announcement,documents-v2-announcement-train-046,original-synthetic:synthetic-ko-v2.0
documents-v2-minutes-train-026-v2,"- 내부 활동과 외부 대여가 겹치는 경우의 우선순위를 살펴봤다.
- 이미 확정한 예약은 유지하고 새 예약부터 사용 목적을 확인하기로 했다.
- 내부 신청이라는 이유만으로 기존 예약을 취소하지 않기로 했다.",minutes,documents-v2-minutes-train-026,original-synthetic:synthetic-ko-v2.0
documents-v2-manual-train-012-v2,준비물 수량을 계산할 때에는 신청 건수와 실제 동반 인원을 나누어 센다. 준비물이 필요 없는 참관자는 사용 수량에서 뺀다. 계산에 사용한 명단의 확정 시점을 함께 적는다.,manual,documents-v2-manual-train-012,original-synthetic:synthetic-ko-v2.0
documents-v2-announcement-train-003-v2,촬영실에 근접 촬영용 렌즈 두 개가 새로 들어왔습니다. 다음 주부터 기본 촬영 교육을 마친 이용자에게 대여합니다. 기존 카메라와 연결되는 어댑터도 대여 물품에 포함합니다.,announcement,documents-v2-announcement-train-003,original-synthetic:synthetic-ko-v2.0
documents-v2-announcement-train-053-v2,"온라인 전시 공개
올해 온라인 전시는 12월 1일에 공개합니다. 비공개로 제출한 작품은 소개 페이지에도 노출하지 않습니다. 공개 범위를 바꾸려면 다음 주 금요일까지 담당자에게 알려야 합니다.",announcement,documents-v2-announcement-train-053,original-synthetic:synthetic-ko-v2.0
documents-v2-manual-train-056-v2,손으로 적은 준비 수량이 모호하면 이전 수량을 기준으로 추측하지 않는다. 작성자에게 원래 값을 확인한다. 확인할 수 없는 경우에는 미확인 표시를 남겨 집계에서 구분한다.,manual,documents-v2-manual-train-056,original-synthetic:synthetic-ko-v2.0
documents-v2-announcement-train-007-v2,청년 교류 행사에서 혼자 신청한 참가자를 위한 대화 좌석을 마련합니다. 현장 안내표의 열린 좌석만 이용할 수 있습니다. 사전 신청한 소모임 좌석은 기존 배정을 유지합니다.,announcement,documents-v2-announcement-train-007,original-synthetic:synthetic-ko-v2.0
documents-v2-minutes-train-044-v2,행사 날짜만 바뀌어 안내판을 버리는 문제를 살펴봤다. 고정 설명과 날짜 부분을 분리해 제작하기로 했다. 기존 안내판은 사용할 수 있는 상태인지 먼저 살피기로 했다.,minutes,documents-v2-minutes-train-044,original-synthetic:synthetic-ko-v2.0
documents-v2-manual-train-022-v2,"- 물품을 처음 보관할 때에는 실제 높이와 선반의 허용 높이를 비교한다.
- 물품이 들어가도 문이 닫히지 않으면 다른 칸을 찾는다.
- 확정한 선반 번호를 물품 목록에 남긴다.",manual,documents-v2-manual-train-022,original-synthetic:synthetic-ko-v2.0
documents-v2-manual-train-028-v2,한 도구를 여러 사람이 쓸 때에는 준비가 끝난 사람의 번호를 대기판에 올린다. 사용을 마친 사람은 번호를 내리고 다음 사람에게 알린다. 자리를 떠난 사람의 순번은 진행자에게 확인한다.,manual,documents-v2-manual-train-028,original-synthetic:synthetic-ko-v2.0
documents-v2-announcement-train-036-v2,새 자료를 소개하는 짧은 원고를 부서별로 한 편씩 받는다. 분량은 500자 안팎이며 원고 마감은 다음 주 화요일이다. 소개할 자료의 구입 요청까지 자동으로 접수되는 것은 아니다.,announcement,documents-v2-announcement-train-036,original-synthetic:synthetic-ko-v2.0
documents-v2-announcement-train-004-v2,제작 동아리의 남은 재료를 교환하는 장터를 토요일 로비에서 연다. 가공하지 않은 목재와 천만 받으며 전기 부품은 받지 않는다. 교환하지 못한 재료는 참가자가 당일 가져간다.,announcement,documents-v2-announcement-train-004,original-synthetic:synthetic-ko-v2.0
documents-v2-manual-train-049-v1,활동의 참가 인원을 집계할 때에는 실제 방문 확인이 있는 건만 센다. 신청만 하고 방문하지 않은 건은 따로 기록한다. 하루에 두 번 입장한 사람은 방문 횟수와 고유 인원을 구분한다.,manual,documents-v2-manual-train-049,original-synthetic:synthetic-ko-v2.0
documents-v2-manual-train-008-v2,외부에서 빌린 물품을 받을 때에는 운송 목록과 상자 수를 먼저 대조한다. 개봉 전 겉면의 찌그러진 곳을 기록한다. 목록에 없는 상자는 마음대로 사용하지 않고 보낸 곳에 확인한다.,manual,documents-v2-manual-train-008,original-synthetic:synthetic-ko-v2.0
documents-v2-announcement-train-022-v2,"- 새로 신청한 인쇄 자료의 배송이 두 차례로 나뉜다.
- 기본 안내서는 이번 금요일에 도착하고 실습 부록은 다음 주에 도착한다.
- 부록의 도착을 이유로 기본 안내서 수령을 미루지 않는다.",announcement,documents-v2-announcement-train-022,original-synthetic:synthetic-ko-v2.0
documents-v2-manual-train-037-v2,"반입 물품 구역
행사장으로 가져온 물품은 사용할 팀의 구역 표시와 대조해 내려놓습니다. 팀 표시가 없으면 공용 물품 구역에 마음대로 섞지 않습니다. 운영 담당이 지정한 임시 구역에서 배정을 기다립니다.",manual,documents-v2-manual-train-037,original-synthetic:synthetic-ko-v2.0
documents-v2-announcement-train-037-v2,"월간 상영 일정
이달의 짧은 영상 상영은 마지막 금요일 저녁에 진행합니다. 두 작품 사이에 15분 쉬는 시간을 둡니다. 두 번째 작품만 볼 참가자도 같은 신청 양식을 사용합니다.",announcement,documents-v2-announcement-train-037,original-synthetic:synthetic-ko-v2.0
documents-v2-minutes-train-001-v1,참석자들은 한 활동에서 재료를 너무 많이 바꾼다는 의견을 검토했다. 다음 회차에는 기본 재료 두 종류만 사용하고 선택 재료는 마지막에 소개하기로 했다. 효과는 회차가 끝난 뒤 다시 살피기로 했다.,minutes,documents-v2-minutes-train-001,original-synthetic:synthetic-ko-v2.0
documents-v2-minutes-train-045-v1,프로그램 이름만으로 활동 내용을 알기 어렵다는 의견이 나왔다. 이름을 전면 바꾸지 않고 한 줄 활동 설명을 함께 붙이기로 했다. 새 설명은 참가자에게 읽어 보인 뒤 확정하기로 했다.,minutes,documents-v2-minutes-train-045,original-synthetic:synthetic-ko-v2.0
documents-v2-manual-train-037-v1,행사장으로 가져온 물품은 사용할 팀의 구역 표시와 대조해 내려놓는다. 팀 표시가 없으면 공용 물품 구역에 임의로 섞지 않는다. 운영 담당이 지정한 임시 구역에서 배정을 기다린다.,manual,documents-v2-manual-train-037,original-synthetic:synthetic-ko-v2.0
documents-v2-minutes-train-019-v2,오래된 공연 소품의 보관 여부를 살펴봤습니다. 겉모양만으로 버리지 않고 재사용 가능한 기능부터 점검하기로 했습니다. 폐기 목록은 점검 결과를 본 뒤 따로 승인받기로 했습니다.,minutes,documents-v2-minutes-train-019,original-synthetic:synthetic-ko-v2.0
documents-v2-manual-train-008-v1,"- 외부에서 빌린 물품을 받을 때에는 운송 목록과 상자 수를 먼저 대조합니다.
- 개봉 전 겉면의 찌그러진 곳을 기록합니다.
- 목록에 없는 상자는 임의로 사용하지 않고 보낸 곳에 확인합니다.",manual,documents-v2-manual-train-008,original-synthetic:synthetic-ko-v2.0
documents-v2-manual-train-055-v1,"명단 공유 범위
- 진행 보조자에게 명단을 줄 때에는 그 사람이 맡은 시간대의 항목만 골라 준다.
- 연락처가 필요하지 않은 역할에는 이름과 참가 번호만 보여 준다.
- 업무가 끝나면 사본의 보관 여부를 담당자에게 확인한다.",manual,documents-v2-manual-train-055,original-synthetic:synthetic-ko-v2.0
documents-v2-announcement-train-040-v2,교류 주간에 방문하는 외부 손님은 초대한 팀과 함께 이동한다. 팀 대표는 방문 전날까지 만날 장소를 안내실에 알린다. 사전에 협의하지 않은 작업실 방문은 제한한다.,announcement,documents-v2-announcement-train-040,original-synthetic:synthetic-ko-v2.0
documents-v2-minutes-train-052-v1,"- 진행 일지에서 참가자의 행동을 단정하는 표현을 확인했습니다.
- 관찰한 행동과 진행자의 해석을 나누어 적기로 했습니다.
- 기존 일지를 고칠 범위는 담당자와 별도로 협의하기로 했습니다.",minutes,documents-v2-minutes-train-052,original-synthetic:synthetic-ko-v2.0
documents-v2-minutes-train-005-v2,"교구 구매 판단
참석자들은 교육용 자석 교구를 추가 구매할지 살펴봤습니다. 현재 교구의 실제 동시 사용량 기록이 없어 구매 결정을 미뤘습니다. 진행 담당이 두 회차의 최대 사용 수량부터 기록하기로 했습니다.",minutes,documents-v2-minutes-train-005,original-synthetic:synthetic-ko-v2.0
documents-v2-minutes-train-046-v2,"- 행사 뒤 같은 질문이 여러 담당자에게 전달되는 상황을 확인했다.
- 공통 질문의 답변 초안을 한곳에 모으기로 했다.
- 개인 사정이 담긴 답변은 공통 목록에 넣지 않기로 했다.",minutes,documents-v2-minutes-train-046,original-synthetic:synthetic-ko-v2.0
documents-v2-manual-train-046-v1,전시가 끝난 작품을 돌려줄 때에는 수령자의 이름과 작품 번호를 대조합니다. 포장 상태를 함께 확인한 뒤 인수 기록을 남깁니다. 대리 수령 권한이 확인되지 않으면 작품을 넘기지 않습니다.,manual,documents-v2-manual-train-046,original-synthetic:synthetic-ko-v2.0
documents-v2-manual-train-014-v1,전시 받침을 고를 때에는 작품의 바닥 크기와 무게를 먼저 확인합니다. 받침 위에서 작품이 흔들리지 않는지 점검합니다. 안정적인 받침을 찾지 못하면 임시 상자로 대신하지 않고 담당자에게 문의합니다.,manual,documents-v2-manual-train-014,original-synthetic:synthetic-ko-v2.0
documents-v2-manual-train-025-v1,이동 촬영을 시작하기 전에 케이블이 지나는 구역을 정한다. 사람이 지나는 곳의 케이블은 지정된 보호 덮개로 덮는다. 덮개를 고정한 뒤 실제 동선에서 걸리는 곳이 없는지 확인한다.,manual,documents-v2-manual-train-025,original-synthetic:synthetic-ko-v2.0
documents-v2-minutes-train-032-v2,발표가 끝난 직후 질문이 한꺼번에 나오는 상황을 돌아봤다. 확인 질문을 먼저 받고 제안 의견을 나중에 받기로 했다. 질문 수를 일률적으로 제한하는 안은 선택하지 않았다.,minutes,documents-v2-minutes-train-032,original-synthetic:synthetic-ko-v2.0
documents-v2-announcement-train-049-v1,미사용 문구를 모으는 나눔 행사를 다음 주에 진행한다. 잉크가 마른 펜과 이름이 적힌 노트는 받지 않는다. 접수된 문구는 판매하지 않고 지역 활동에 사용한다.,announcement,documents-v2-announcement-train-049,original-synthetic:synthetic-ko-v2.0
documents-v2-minutes-train-022-v1,완성도가 높은 시범 작품이 초보 참가자를 위축시킨다는 의견이 있었습니다. 간단한 예시와 발전된 예시를 함께 보여 주기로 했습니다. 결과물을 예시와 똑같이 만들도록 요구하지 않기로 했습니다.,minutes,documents-v2-minutes-train-022,original-synthetic:synthetic-ko-v2.0
documents-v2-announcement-train-010-v2,"- 동네 소리를 활용한 창작 자료를 이달 말까지 모집한다.
- 제출물에는 녹음 장소와 활용 허락 여부를 적는다.
- 공개 허락이 없는 음성은 심사 자료에 포함하지 않는다.",announcement,documents-v2-announcement-train-010,original-synthetic:synthetic-ko-v2.0
documents-v2-manual-train-022-v1,물품을 처음 보관할 때에는 실제 높이와 선반의 허용 높이를 비교합니다. 물품이 들어가도 문이 닫히지 않으면 다른 칸을 찾습니다. 확정한 선반 번호를 물품 목록에 남깁니다.,manual,documents-v2-manual-train-022,original-synthetic:synthetic-ko-v2.0
documents-v2-minutes-train-010-v1,전시 설명 뒤 방문자가 무엇을 이해했는지 알기 어렵다는 점을 논의했습니다. 퇴장할 때 짧은 질문 하나에 대한 응답을 선택적으로 받기로 했습니다. 응답하지 않은 방문자를 참여 부족으로 평가하지 않기로 했습니다.,minutes,documents-v2-minutes-train-010,original-synthetic:synthetic-ko-v2.0
documents-v2-manual-train-002-v2,"- 책자를 제본하기 전에는 표지와 본문의 방향을 나란히 놓고 확인한다.
- 한 부만 시험 제본해 가운데 쪽이 빠지지 않았는지 펼쳐 본다.
- 순서가 맞을 때 남은 부수를 같은 설정으로 만든다.",manual,documents-v2-manual-train-002,original-synthetic:synthetic-ko-v2.0
documents-v2-announcement-train-051-v2,이번 답사 안내서의 두 번째 방문 장소 이름을 바로잡았습니다. 이동 시각과 모이는 장소는 기존 안내와 같습니다. 이전 파일을 받은 참가자는 수정본의 첫 장만 한 번 더 확인합니다.,announcement,documents-v2-announcement-train-051,original-synthetic:synthetic-ko-v2.0
documents-v2-manual-train-041-v1,공용 재료를 가져갈 때에는 먼저 목록의 현재 수량을 확인한다. 가져간 양과 단위를 함께 적어 잔량을 계산한다. 단위가 맞지 않으면 임의로 환산하지 않고 담당자에게 문의한다.,manual,documents-v2-manual-train-041,original-synthetic:synthetic-ko-v2.0
documents-v2-announcement-train-001-v1,이번 공동 전시의 입체 작품은 11월 3일 오전에만 운송 접수를 받는다. 평면 작품은 오후 접수를 유지한다. 파손 방지 포장이 끝나지 않은 작품은 현장에서 접수하지 않는다.,announcement,documents-v2-announcement-train-001,original-synthetic:synthetic-ko-v2.0
documents-v2-announcement-train-039-v1,"활동 기록 배부
- 지난 계절 활동에 참여한 사람에게 개인 활동 기록을 배부한다.
- 기록의 이름과 참여 날짜가 다르면 이달 안에 정정을 요청한다.
- 기록은 수료 자격을 증명하는 문서로 사용하지 않는다.",announcement,documents-v2-announcement-train-039,original-synthetic:synthetic-ko-v2.0
documents-v2-manual-train-001-v1,교구를 소모임별로 나눌 때에는 참가 인원보다 먼저 활동 카드의 필요 수량을 읽는다. 부품을 한 묶음씩 담고 남은 수량을 따로 적는다. 부족한 부품이 있으면 배부 전에 진행자와 활동 범위를 조정한다.,manual,documents-v2-manual-train-001,original-synthetic:synthetic-ko-v2.0
documents-v2-manual-train-050-v2,"- 작품명을 아직 정하지 못한 출품물은 임시 번호로 먼저 등록한다.
- 번호와 작성자를 함께 보관한다.
- 나중에 제목이 정해지면 새 출품물로 추가하지 않고 기존 번호에 연결한다.",manual,documents-v2-manual-train-050,original-synthetic:synthetic-ko-v2.0
documents-v2-announcement-train-057-v1,다음 주 점심 대화 모임에서는 참가자가 직접 질문 주제를 고른다. 주제 제안은 행사 당일 입구에서 받는다. 개인의 민감한 경험을 공개하도록 요구하는 질문은 진행하지 않는다.,announcement,documents-v2-announcement-train-057,original-synthetic:synthetic-ko-v2.0
documents-v2-manual-train-027-v1,"공동 목록 중복
- 물품 목록의 중복 항목을 찾을 때에는 이름과 자산 번호를 함께 비교한다.
- 이름이 같아도 번호가 다른 물품은 합치지 않는다.
- 같은 물품으로 확인된 항목만 변경 이력과 함께 묶는다.",manual,documents-v2-manual-train-027,original-synthetic:synthetic-ko-v2.0
documents-v2-minutes-train-043-v1,"저녁 행사 길이
- 늦게 끝나는 행사에 대한 참가자의 부담을 논의했다.
- 발표 수를 줄이기 전에 쉬는 시간과 이동 시간을 다시 계산하기로 했다.
- 종료 시각 변경 여부는 다음 검토에서 결정하기로 했다.",minutes,documents-v2-minutes-train-043,original-synthetic:synthetic-ko-v2.0
documents-v2-announcement-train-054-v1,어린이 탐방 활동의 동행 봉사자를 추가 모집합니다. 사전 안전 교육에 참여할 수 있는 사람만 신청할 수 있습니다. 교육 일정은 신청자 수를 확인한 뒤 확정합니다.,announcement,documents-v2-announcement-train-054,original-synthetic:synthetic-ko-v2.0
documents-v2-minutes-train-051-v2,특정 도구 앞에만 대기가 길어진 기록을 살폈습니다. 그 도구가 필요 없는 활동을 대기 중에 진행하도록 순서를 바꾸기로 했습니다. 장비 추가 구입은 순서 변경 효과를 본 뒤 검토하기로 했습니다.,minutes,documents-v2-minutes-train-051,original-synthetic:synthetic-ko-v2.0
documents-v2-minutes-train-012-v1,"- 장시간 행사에서 기록 담당의 피로가 누적된다는 보고가 있었습니다.
- 쉬는 시간마다 담당을 교대하는 데 동의했습니다.
- 기록 양식은 바꾸지 않고 교대 시각만 남기기로 했습니다.",minutes,documents-v2-minutes-train-012,original-synthetic:synthetic-ko-v2.0
documents-v2-announcement-train-046-v2,"- 작업 중인 개인 작품의 기록 촬영을 다음 주에 지원한다.
- 신청자는 공개 가능한 촬영 범위를 미리 표시한다.
- 촬영 지원을 받았다고 작품의 이용 권한이 기관에 넘어가지는 않는다.",announcement,documents-v2-announcement-train-046,original-synthetic:synthetic-ko-v2.0
documents-v2-manual-train-049-v2,"참가 확인 집계
활동의 참가 인원을 집계할 때에는 실제 방문 확인이 있는 건만 셉니다. 신청만 하고 방문하지 않은 건은 따로 기록합니다. 하루에 두 번 입장한 사람은 방문 횟수와 고유 인원을 구분합니다.",manual,documents-v2-manual-train-049,original-synthetic:synthetic-ko-v2.0
documents-v2-minutes-train-030-v1,어린 참가자에게 긴 사용 설명이 어렵다는 의견이 나왔습니다. 먼저 해볼 행동을 그림 두 장으로 보여 주기로 했습니다. 그림만으로 전달되는지는 다음 체험에서 확인하기로 했습니다.,minutes,documents-v2-minutes-train-030,original-synthetic:synthetic-ko-v2.0
documents-v2-minutes-train-035-v1,"공간 정리 시간
- 행사 사이의 짧은 정리 시간 때문에 다음 입장이 늦어진 사례를 확인했다.
- 물품을 많이 쓰는 행사 뒤에만 정리 시간을 더 두기로 했다.
- 모든 예약 간격을 일괄 늘리는 것은 보류했다.",minutes,documents-v2-minutes-train-035,original-synthetic:synthetic-ko-v2.0
documents-v2-manual-train-046-v2,"- 전시가 끝난 작품을 돌려줄 때에는 수령자의 이름과 작품 번호를 대조한다.
- 포장 상태를 같이 확인한 뒤 인수 기록을 남긴다.
- 대리 수령 권한이 확인되지 않으면 작품을 넘기지 않는다.",manual,documents-v2-manual-train-046,original-synthetic:synthetic-ko-v2.0
documents-v2-manual-train-026-v1,현장 이름표의 철자가 다르면 참가자에게 올바른 표기를 먼저 확인합니다. 잘못 인쇄한 이름표는 회수함에 넣고 새 표를 발급합니다. 확인 없이 신청 명단의 이름까지 한꺼번에 바꾸지 않습니다.,manual,documents-v2-manual-train-026,original-synthetic:synthetic-ko-v2.0
documents-v2-manual-train-035-v2,소모임 활동을 등록할 때에는 모임 이름보다 먼저 활동 목적을 적습니다. 필요한 공간과 예상 인원을 별도 항목에 넣습니다. 아직 정하지 못한 일정은 임의의 날짜 대신 미정으로 남깁니다.,manual,documents-v2-manual-train-035,original-synthetic:synthetic-ko-v2.0
documents-v2-manual-train-055-v2,진행 보조자에게 명단을 줄 때에는 그 사람이 맡은 시간대의 항목만 골라 줍니다. 연락처가 필요하지 않은 역할에는 이름과 참가 번호만 보여 줍니다. 업무가 끝나면 사본의 보관 여부를 담당자에게 확인합니다.,manual,documents-v2-manual-train-055,original-synthetic:synthetic-ko-v2.0
documents-v2-manual-train-042-v1,운송 목록에 없는 물품을 발견하면 목록에 즉시 추가 확정하지 않습니다. 물품 사진과 발견 위치를 기록해 발송 담당에게 확인합니다. 소유가 확인될 때까지 다른 팀에 넘기지 않습니다.,manual,documents-v2-manual-train-042,original-synthetic:synthetic-ko-v2.0
documents-v2-minutes-train-052-v2,진행 일지에서 참가자의 행동을 단정하는 표현을 확인했다. 관찰한 행동과 진행자의 해석을 나누어 적기로 했다. 기존 일지를 고칠 범위는 담당자와 따로 협의하기로 했다.,minutes,documents-v2-minutes-train-052,original-synthetic:synthetic-ko-v2.0
documents-v2-minutes-train-014-v2,"- 짝 활동에서 한 사람이 설명을 독점하는 사례를 공유했다.
- 설명하는 역할과 확인하는 역할을 중간에 바꾸기로 했다.
- 활동의 총 길이는 다음 회차의 진행 기록을 보고 조정하기로 했다.",minutes,documents-v2-minutes-train-014,original-synthetic:synthetic-ko-v2.0
documents-v2-minutes-train-007-v2,활동 진행자가 모든 재료를 미리 골라 주는 방식에 대한 의견을 나눴습니다. 기본 도구는 같게 두고 색과 질감은 참가자가 선택하도록 바꾸기로 했습니다. 선택에 필요한 시간을 진행표에 넣기로 했습니다.,minutes,documents-v2-minutes-train-007,original-synthetic:synthetic-ko-v2.0
documents-v2-announcement-train-013-v2,"대형 용지 지원
포스터 제작팀에 대형 용지를 팀당 세 장씩 제공합니다. 배부는 목요일 오후 공작실에서 진행합니다. 추가 용지는 잔여 수량을 확인한 뒤 금요일에 신청받습니다.",announcement,documents-v2-announcement-train-013,original-synthetic:synthetic-ko-v2.0
documents-v2-announcement-train-059-v2,공용 소형 금고를 번호표가 있는 잠금 상자로 교체합니다. 내용물은 담당자가 입회한 상태에서만 옮깁니다. 기존 열쇠는 상자 교체 확인을 받은 뒤 반납합니다.,announcement,documents-v2-announcement-train-059,original-synthetic:synthetic-ko-v2.0
documents-v2-announcement-train-051-v1,"답사 자료 수정
- 이번 답사 안내서의 두 번째 방문 장소 이름을 바로잡았다.
- 이동 시각과 모이는 장소는 기존 안내와 같다.
- 이전 파일을 받은 참가자는 수정본의 첫 장만 다시 확인한다.",announcement,documents-v2-announcement-train-051,original-synthetic:synthetic-ko-v2.0
documents-v2-manual-train-038-v2,"- 작품 설명문을 붙이기 전에 작품 번호와 설명문의 번호를 대조한다.
- 작가 이름이 같아도 번호가 다르면 붙이지 않는다.
- 잘못 연결된 설명문은 작성 담당에게 확인한 뒤 고친다.",manual,documents-v2-manual-train-038,original-synthetic:synthetic-ko-v2.0
documents-v2-announcement-train-052-v1,"- 제작실에서 대여하는 긴 금속 자의 보관 위치가 바뀌었습니다.
- 이제 절단대 아래 전용 걸이에 종류별로 둡니다.
- 개인이 가져온 자에는 이번 보관 기준을 적용하지 않습니다.",announcement,documents-v2-announcement-train-052,original-synthetic:synthetic-ko-v2.0
documents-v2-manual-train-031-v2,공동 연습 악보를 준비할 때에는 실제 연주 순서의 쪽 번호를 확인합니다. 반복 구간의 돌아갈 쪽을 여백에 적습니다. 원곡에 없는 반복을 마음대로 추가하지 않고 지휘자의 확인을 받습니다.,manual,documents-v2-manual-train-031,original-synthetic:synthetic-ko-v2.0
documents-v2-announcement-train-009-v2,"소형 택배 보관
이번 주 도착한 소형 택배 중 수령인이 확인된 물품만 보관함으로 옮겼습니다. 대상자에게는 물품 번호를 개별 전달합니다. 이름을 확인하지 못한 물품은 안내실에서 따로 보관합니다.",announcement,documents-v2-announcement-train-009,original-synthetic:synthetic-ko-v2.0
documents-v2-manual-train-020-v2,도안을 확대해서 출력할 때에는 기준 길이 선을 함께 넣는다. 출력한 선을 자로 재어 요청한 길이와 비교한다. 길이가 다르면 배율을 고친 뒤 한 번 더 확인하고 재료를 자른다.,manual,documents-v2-manual-train-020,original-synthetic:synthetic-ko-v2.0
documents-v2-minutes-train-017-v2,"목록 갱신 주기
물품 목록이 실제 재고와 다르다는 의견을 바탕으로 갱신 주기를 의논했습니다. 사용 빈도가 높은 품목은 매주 확인하기로 했습니다. 모든 품목을 매일 세는 제안은 인력 부담 때문에 선택하지 않았습니다.",minutes,documents-v2-minutes-train-017,original-synthetic:synthetic-ko-v2.0
documents-v2-minutes-train-003-v2,기록집에서 사진이 설명보다 많아 활동 의도가 보이지 않는다는 의견이 나왔습니다. 사진 수를 일괄 줄이지 않고 각 활동의 목적 문장을 추가하기로 했습니다. 편집 담당이 다음 초안에 반영하기로 했습니다.,minutes,documents-v2-minutes-train-003,original-synthetic:synthetic-ko-v2.0
documents-v2-announcement-train-026-v2,"- 지난 교류 행사의 공개 동의가 있는 사진만 참가자 페이지에 올렸다.
- 얼굴 공개를 원하지 않는 참가자는 운영 담당에게 삭제 요청을 보낼 수 있다.
- 사진의 상업적 이용은 허용하지 않는다.",announcement,documents-v2-announcement-train-026,original-synthetic:synthetic-ko-v2.0
documents-v2-manual-train-051-v1,"긴 문장 줄바꿈
- 전시 설명의 긴 문장을 나눌 때에는 의미가 끝나는 곳에서 줄을 바꾼다.
- 조건과 그 조건에 따른 행동이 다른 문단으로 떨어지지 않게 한다.
- 수정한 문장을 원문과 대조해 빠진 말이 없는지 확인한다.",manual,documents-v2-manual-train-051,original-synthetic:synthetic-ko-v2.0
documents-v2-minutes-train-021-v2,"진행자 설명 시간
초반 설명이 길어 실제 활동 시간이 줄어든다는 보고를 확인했습니다. 필수 안전 안내는 유지하고 세부 사용법은 단계별로 나누기로 했습니다. 다음 회차의 활동 시작 시각을 기록하기로 했습니다.",minutes,documents-v2-minutes-train-021,original-synthetic:synthetic-ko-v2.0
documents-v2-minutes-train-040-v1,"- 체험 대기자가 진행 시간을 몰라 줄을 떠나는 상황을 논의했습니다.
- 예상 시작 시각보다 현재 진행 단계부터 안내하기로 했습니다.
- 실제 지연을 측정하기 전에는 일정한 대기 시간을 보장하지 않기로 했습니다.",minutes,documents-v2-minutes-train-040,original-synthetic:synthetic-ko-v2.0
documents-v2-manual-train-005-v2,"바닥 표식 제거
행사 바닥 표식을 떼기 전에 한쪽 모서리가 손으로 분리되는지 확인합니다. 표면이 함께 들리면 작업을 멈추고 시설 담당에게 알립니다. 떨어진 표식 조각은 통행 구역에 남기지 않습니다.",manual,documents-v2-manual-train-005,original-synthetic:synthetic-ko-v2.0
documents-v2-announcement-train-044-v2,기상 상황에 대비해 야외 관찰 활동의 예비일을 11월 22일로 정했다. 실제 연기 여부는 활동 전날 오후에 안내한다. 예비일을 정했다고 원래 일정이 취소된 것은 아니다.,announcement,documents-v2-announcement-train-044,original-synthetic:synthetic-ko-v2.0
documents-v2-manual-train-035-v1,"동아리 모임 신청
- 소모임 활동을 등록할 때에는 모임 이름보다 먼저 활동 목적을 적는다.
- 필요한 공간과 예상 인원을 별도 항목에 넣는다.
- 아직 정하지 못한 일정은 임의의 날짜 대신 미정으로 남긴다.",manual,documents-v2-manual-train-035,original-synthetic:synthetic-ko-v2.0
documents-v2-minutes-train-029-v2,"소모임 연락 방식
소모임별 연락 방식이 달라 일정 변경이 누락된 사례를 공유했습니다. 변경 사항만 모아 전달하는 공통 요약을 만들기로 했습니다. 각 모임의 평소 대화 채널은 변경 없이 유지하기로 했습니다.",minutes,documents-v2-minutes-train-029,original-synthetic:synthetic-ko-v2.0
documents-v2-minutes-train-046-v1,행사 뒤 같은 질문이 여러 담당자에게 전달되는 상황을 확인했습니다. 공통 질문의 답변 초안을 한곳에 모으기로 했습니다. 개인 사정이 담긴 답변은 공통 목록에 넣지 않기로 했습니다.,minutes,documents-v2-minutes-train-046,original-synthetic:synthetic-ko-v2.0
documents-v2-announcement-train-032-v2,이번 행사부터 식수대의 일회용 컵 제공량을 줄인다. 개인 컵이 없는 참가자는 안내실에서 다회용 컵을 빌릴 수 있다. 빌린 컵은 출구의 전용 수거함에 반납한다.,announcement,documents-v2-announcement-train-032,original-synthetic:synthetic-ko-v2.0
documents-v2-minutes-train-059-v2,방문자가 마지막 전시 구역을 지나치는 이유를 의논했습니다. 출구를 옮기기 전에 연결 안내를 추가해 보기로 했습니다. 안내 담당이 다음 운영일에 이동 흐름을 관찰하기로 했습니다.,minutes,documents-v2-minutes-train-059,original-synthetic:synthetic-ko-v2.0
documents-v2-minutes-train-025-v1,배부 자료에서 사진의 출처를 찾기 어렵다는 지적이 나왔다. 사진 아래에 짧은 출처를 쓰고 자세한 정보는 끝에 모으기로 했다. 출처를 확인하지 못한 사진은 다음 배포에서 제외하기로 했다.,minutes,documents-v2-minutes-train-025,original-synthetic:synthetic-ko-v2.0
documents-v2-minutes-train-009-v2,"질문 진행 역할
공개 대화에서 진행자가 질문 수거와 답변 진행을 함께 맡기 어렵다는 의견이 있었습니다. 질문 정리를 별도 보조자가 맡기로 합의했습니다. 다음 행사에서는 두 역할의 인계 지점도 기록하기로 했습니다.",minutes,documents-v2-minutes-train-009,original-synthetic:synthetic-ko-v2.0
documents-v2-minutes-train-007-v1,"재료 선택 권한
- 활동 진행자가 모든 재료를 미리 골라 주는 방식에 대한 의견을 나눴다.
- 기본 도구는 같게 두고 색과 질감은 참가자가 선택하도록 바꾸기로 했다.
- 선택에 필요한 시간을 진행표에 넣기로 했다.",minutes,documents-v2-minutes-train-007,original-synthetic:synthetic-ko-v2.0
documents-v2-announcement-train-025-v1,새로 제작한 동네 산책 지도를 안내실에서 배포한다. 공사 중인 구간은 지도에 별도로 표시했다. 지도에 없는 우회 경로의 이용 가능 여부는 현장 안내를 확인한다.,announcement,documents-v2-announcement-train-025,original-synthetic:synthetic-ko-v2.0
documents-v2-announcement-train-023-v2,이번 공개 대화에서는 종이 질문 카드를 입장할 때 배부합니다. 질문 수거는 첫 발표가 끝날 때까지 진행합니다. 개인 상담이 필요한 내용은 공개 답변 대신 별도 접수 방법을 안내합니다.,announcement,documents-v2-announcement-train-023,original-synthetic:synthetic-ko-v2.0
documents-v2-minutes-train-008-v1,"- 참가자의 결과물을 마지막 날 한꺼번에 돌려주는 방식을 검토했습니다.
- 부피가 큰 결과물만 사전 수령 날짜를 나누기로 했습니다.
- 작은 결과물은 기존의 마지막 회차 반환을 유지하기로 했습니다.",minutes,documents-v2-minutes-train-008,original-synthetic:synthetic-ko-v2.0
documents-v2-announcement-train-031-v1,"실습 준비 모임
- 신규 실습 진행자를 위한 준비 모임을 목요일 오후 4시에 연다.
- 참여자는 직접 다룰 교구 하나를 가져온다.
- 참관만 신청한 사람은 준비물을 가져오지 않아도 된다.",announcement,documents-v2-announcement-train-031,original-synthetic:synthetic-ko-v2.0
documents-v2-manual-train-036-v1,"- 시험 인쇄에서 잉크가 번지면 용지 종류와 현재 인쇄 설정을 확인합니다.
- 권장 설정으로 바꾼 뒤 한 장만 다시 인쇄합니다.
- 번짐이 계속되면 추가 인쇄를 중단하고 장비 담당에게 알립니다.",manual,documents-v2-manual-train-036,original-synthetic:synthetic-ko-v2.0
documents-v2-announcement-train-006-v1,지역 기록 사진의 원본 열람을 이달 둘째 주에 시범 운영합니다. 열람은 예약한 두 명씩 진행하며 사진을 밖으로 가져갈 수 없습니다. 복제본 신청은 열람 예약과 별도로 받습니다.,announcement,documents-v2-announcement-train-006,original-synthetic:synthetic-ko-v2.0
documents-v2-manual-train-032-v2,서로 다른 재료의 시편을 비교하려면 같은 조명 아래에 나란히 놓는다. 재료 이름은 시편 뒷면에서 확인한다. 외관과 촉감을 각각 기록해 한 특징으로 전체 품질을 판단하지 않는다.,manual,documents-v2-manual-train-032,original-synthetic:synthetic-ko-v2.0
documents-v2-manual-train-048-v1,"- 여러 모임의 가능 시간을 모을 때에는 확정 일정과 희망 시간을 다른 칸에 적습니다.
- 겹친 희망 시간은 담당자끼리 조정합니다.
- 합의 전에는 어느 한쪽의 확정 일정으로 표시하지 않습니다.",manual,documents-v2-manual-train-048,original-synthetic:synthetic-ko-v2.0
documents-v2-announcement-train-053-v1,올해 온라인 전시는 12월 1일에 공개한다. 비공개로 제출한 작품은 소개 페이지에도 노출하지 않는다. 공개 범위를 바꾸려면 다음 주 금요일까지 담당자에게 알려야 한다.,announcement,documents-v2-announcement-train-053,original-synthetic:synthetic-ko-v2.0
documents-v2-minutes-train-010-v2,"- 전시 설명 뒤 방문자가 무엇을 이해했는지 알기 어렵다는 점을 의논했다.
- 퇴장할 때 짧은 질문 하나에 대한 응답을 선택적으로 받기로 했다.
- 응답하지 않은 방문자를 참여 부족으로 평가하지 않기로 했다.",minutes,documents-v2-minutes-train-010,original-synthetic:synthetic-ko-v2.0
documents-v2-announcement-train-049-v2,"물품 기부 접수
미사용 문구를 모으는 나눔 행사를 다음 주에 진행합니다. 잉크가 마른 펜과 이름이 적힌 노트는 받지 않습니다. 접수된 문구는 판매하지 않고 지역 활동에 사용합니다.",announcement,documents-v2-announcement-train-049,original-synthetic:synthetic-ko-v2.0
documents-v2-minutes-train-025-v2,"자료 출처 표시
배부 자료에서 사진의 출처를 찾기 어렵다는 지적이 나왔습니다. 사진 아래에 짧은 출처를 쓰고 자세한 정보는 끝에 모으기로 했습니다. 출처를 확인하지 못한 사진은 다음 배포에서 제외하기로 했습니다.",minutes,documents-v2-minutes-train-025,original-synthetic:synthetic-ko-v2.0
documents-v2-minutes-train-034-v1,공동 제작 자료의 보관 담당이 불분명하다는 문제가 제기되었습니다. 결과물 종류별로 담당 부서를 지정하기로 했습니다. 실제 저장 위치는 각 부서가 확인한 뒤 공동 목록에 적기로 했습니다.,minutes,documents-v2-minutes-train-034,original-synthetic:synthetic-ko-v2.0
documents-v2-manual-train-015-v1,"물감 소분 표기
- 물감을 나눠 담을 때에는 원래 용기의 색상 번호를 먼저 적어 둔다.
- 작은 용기에 옮긴 뒤 같은 번호와 소분 날짜를 붙인다.
- 다른 물감이 섞인 용기에는 원래 번호만 단독으로 붙이지 않는다.",manual,documents-v2-manual-train-015,original-synthetic:synthetic-ko-v2.0
documents-v2-announcement-train-016-v1,"- 점심시간 낭독 모임의 진행자를 두 명 모집합니다.
- 경력보다 한 달 동안 같은 시간에 참여할 수 있는지를 확인합니다.
- 지원은 화요일까지 받으며 선발 결과는 금요일에 개별 안내합니다.",announcement,documents-v2-announcement-train-016,original-synthetic:synthetic-ko-v2.0
documents-v2-manual-train-001-v2,"교구 수량 묶음
교구를 소모임별로 나눌 때에는 참가 인원보다 먼저 활동 카드의 필요 수량을 읽습니다. 부품을 한 묶음씩 담고 남은 수량을 따로 적습니다. 부족한 부품이 있으면 배부 전에 진행자와 활동 범위를 조정합니다.",manual,documents-v2-manual-train-001,original-synthetic:synthetic-ko-v2.0
documents-v2-minutes-train-035-v2,행사 사이의 짧은 정리 시간 때문에 다음 입장이 늦어진 사례를 확인했습니다. 물품을 많이 쓰는 행사 뒤에만 정리 시간을 더 두기로 했습니다. 모든 예약 간격을 일괄 늘리는 것은 보류했습니다.,minutes,documents-v2-minutes-train-035,original-synthetic:synthetic-ko-v2.0
documents-v2-minutes-train-024-v1,"- 참가자의 체류 시간이 제각각이라는 운영 기록을 검토했습니다.
- 기본 활동을 마치면 추가 활동을 선택할 수 있게 구성하기로 했습니다.
- 모든 참가자에게 같은 종료 시간을 강제하는 안은 채택하지 않았습니다.",minutes,documents-v2-minutes-train-024,original-synthetic:synthetic-ko-v2.0
documents-v2-minutes-train-056-v2,작은 팀이 혼자 큰 보관함을 쓰는 문제를 살펴봤다. 희망 팀에 한해 구획을 나눠 공동 이용을 시험하기로 했다. 강제 재배정은 하지 않고 분실 책임 기준을 먼저 정하기로 했다.,minutes,documents-v2-minutes-train-056,original-synthetic:synthetic-ko-v2.0
documents-v2-minutes-train-041-v2,"보조자 사전 연습
당일 처음 만난 보조자에게 역할 설명이 부족했다는 의견을 들었습니다. 다음 행사 전에는 짧은 역할 연습을 따로 진행하기로 했습니다. 참석이 어려운 사람의 대체 안내 방식은 추가로 정하기로 했습니다.",minutes,documents-v2-minutes-train-041,original-synthetic:synthetic-ko-v2.0
documents-v2-manual-train-026-v2,"- 현장 이름표의 철자가 다르면 참가자에게 올바른 표기를 먼저 확인한다.
- 잘못 인쇄한 이름표는 회수함에 넣고 새 표를 발급한다.
- 확인 없이 신청 명단의 이름까지 한꺼번에 바꾸지 않는다.",manual,documents-v2-manual-train-026,original-synthetic:synthetic-ko-v2.0
documents-v2-announcement-train-031-v2,신규 실습 진행자를 위한 준비 모임을 목요일 오후 4시에 엽니다. 참여자는 직접 다룰 교구 하나를 가져옵니다. 참관만 신청한 사람은 준비물을 가져오지 않아도 됩니다.,announcement,documents-v2-announcement-train-031,original-synthetic:synthetic-ko-v2.0
documents-v2-manual-train-041-v2,"지급 재료 차감
공용 재료를 가져갈 때에는 먼저 목록의 현재 수량을 확인합니다. 가져간 양과 단위를 함께 적어 잔량을 계산합니다. 단위가 맞지 않으면 마음대로 환산하지 않고 담당자에게 문의합니다.",manual,documents-v2-manual-train-041,original-synthetic:synthetic-ko-v2.0
documents-v2-manual-train-018-v1,낯선 도구를 찾을 때에는 사진보다 먼저 목록의 용도 설명을 읽습니다. 비슷한 모양의 도구가 여러 개면 번호를 대조합니다. 용도를 알 수 없는 도구는 직접 작동해 보지 않고 관리 담당에게 확인합니다.,manual,documents-v2-manual-train-018,original-synthetic:synthetic-ko-v2.0
documents-v2-minutes-train-060-v1,"- 전시에서 결과물만 보여 주면 배운 과정이 드러나지 않는다는 의견에 동의했습니다.
- 작품마다 제작 중 바뀐 점 한 가지를 함께 소개하기로 했습니다.
- 실패했던 모든 시도를 공개할 의무는 두지 않기로 했습니다.",minutes,documents-v2-minutes-train-060,original-synthetic:synthetic-ko-v2.0
documents-v2-manual-train-023-v2,사진을 인화할 때에는 화면의 잘림 영역을 먼저 확인합니다. 얼굴이나 표지가 경계에 걸리면 여백을 남기는 옵션을 선택합니다. 시험 인화 한 장을 보고 같은 설정을 나머지 사진에 적용합니다.,manual,documents-v2-manual-train-023,original-synthetic:synthetic-ko-v2.0
documents-v2-minutes-train-056-v1,"- 작은 팀이 혼자 큰 보관함을 쓰는 문제를 검토했습니다.
- 희망 팀에 한해 구획을 나눠 공동 이용을 시험하기로 했습니다.
- 강제 재배정은 하지 않고 분실 책임 기준을 먼저 정하기로 했습니다.",minutes,documents-v2-minutes-train-056,original-synthetic:synthetic-ko-v2.0
documents-v2-minutes-train-005-v1,참석자들은 교육용 자석 교구를 추가 구매할지 검토했다. 현재 교구의 실제 동시 사용량 기록이 없어 구매 결정을 미뤘다. 진행 담당이 두 회차의 최대 사용 수량부터 기록하기로 했다.,minutes,documents-v2-minutes-train-005,original-synthetic:synthetic-ko-v2.0
documents-v2-minutes-train-057-v2,"발표 진행 표식
발표 종료를 알리는 신호를 발표자가 잘 보지 못한다는 의견이 있었습니다. 진행석과 무대 양쪽에서 보이는 위치를 시험하기로 했습니다. 신호 방식은 리허설에서 확인한 뒤 하나로 정하기로 했습니다.",minutes,documents-v2-minutes-train-057,original-synthetic:synthetic-ko-v2.0
documents-v2-manual-train-039-v1,"운송 상자 닫기
- 작품 운송 상자를 닫기 전에는 내부에서 물품이 움직이는지 확인한다.
- 빈 공간을 지정된 완충재로 채운 뒤 다시 가볍게 기울여 본다.
- 내용물 목록을 덮개 바깥에 붙이고 상자를 닫는다.",manual,documents-v2-manual-train-039,original-synthetic:synthetic-ko-v2.0
documents-v2-minutes-train-011-v1,"새 재료 도입
- 제작팀은 잘 휘어지는 새 판재의 도입을 검토했다.
- 완성품을 모두 바꾸기 전에 작은 시편으로 접합 강도를 확인하기로 했다.
- 재료 구입 수량은 시편 결과가 나온 뒤 정하기로 했다.",minutes,documents-v2-minutes-train-011,original-synthetic:synthetic-ko-v2.0
documents-v2-announcement-train-002-v1,분갈이를 마친 실내 식물 열두 화분을 희망 부서에 나눕니다. 금요일까지 관리 담당자를 정해 신청하면 추첨으로 배정합니다. 화분 수보다 신청이 적으면 남은 수량을 다시 안내합니다.,announcement,documents-v2-announcement-train-002,original-synthetic:synthetic-ko-v2.0
documents-v2-announcement-train-033-v2,"공동 차량 탑승
현장 답사 차량의 첫 탑승 장소를 동문 정류장으로 정했습니다. 출발 10분 전까지 탑승 확인을 마칩니다. 중간 합류 신청자는 기존에 안내받은 정류장을 이용합니다.",announcement,documents-v2-announcement-train-033,original-synthetic:synthetic-ko-v2.0
documents-v2-announcement-train-050-v2,"- 가족 참여 활동의 신청 단위를 개인에서 가족 묶음으로 바꾼다.
- 이미 개인으로 신청한 경우 운영 담당이 동반 관계를 확인한다.
- 확인 전에는 중복 신청하지 않아도 된다.",announcement,documents-v2-announcement-train-050,original-synthetic:synthetic-ko-v2.0
documents-v2-minutes-train-028-v2,안내서가 많이 남은 원인을 살펴봤다. 단순 방문자 수 대신 실제 안내서 수령 비율로 다음 부수를 계산하기로 했다. 인쇄 담당이 최근 세 행사의 기록을 모으기로 했다.,minutes,documents-v2-minutes-train-028,original-synthetic:synthetic-ko-v2.0
documents-v2-minutes-train-018-v1,발표를 어려워하는 참가자의 참여 방식을 검토했습니다. 말하기 외에 카드로 의견을 제출하는 방식도 인정하기로 했습니다. 카드 작성 시간을 활동 종료 전에 확보하기로 했습니다.,minutes,documents-v2-minutes-train-018,original-synthetic:synthetic-ko-v2.0
documents-v2-minutes-train-015-v1,"보관 사진 해상도
- 기록 사진의 원본을 모두 공개할 필요가 있는지 논의했다.
- 공개본은 화면 열람용으로 만들고 원본은 지정된 보관 장소에 두기로 했다.
- 원본 요청을 받을 담당자는 아직 정하지 않았다.",minutes,documents-v2-minutes-train-015,original-synthetic:synthetic-ko-v2.0
documents-v2-announcement-train-030-v2,"- 대관 상담 담당자의 외부 일정으로 금요일 방문 상담을 쉰다.
- 이미 접수한 서류의 검토는 예정대로 진행한다.
- 신규 방문 상담은 다음 주 월요일부터 다시 예약할 수 있다.",announcement,documents-v2-announcement-train-030,original-synthetic:synthetic-ko-v2.0
documents-v2-manual-train-025-v2,"촬영 동선 확보
이동 촬영을 시작하기 전에 케이블이 지나는 구역을 정합니다. 사람이 지나는 곳의 케이블은 지정된 보호 덮개로 덮습니다. 덮개를 고정한 뒤 실제 동선에서 걸리는 곳이 없는지 확인합니다.",manual,documents-v2-manual-train-025,original-synthetic:synthetic-ko-v2.0
documents-v2-announcement-train-008-v2,다음 달 실습 간식은 교실 배부 대신 식당 옆 수령대에서 제공한다. 수령 시간은 오후 3시부터 30분이며 남은 간식은 다음 날로 넘기지 않는다. 수업에 늦게 합류하는 경우 운영실에 먼저 알린다.,announcement,documents-v2-announcement-train-008,original-synthetic:synthetic-ko-v2.0
documents-v2-manual-train-036-v2,시험 인쇄에서 잉크가 번지면 용지 종류와 현재 인쇄 설정을 확인한다. 권장 설정으로 바꾼 뒤 한 장만 다시 인쇄한다. 번짐이 계속되면 추가 인쇄를 중단하고 장비 담당에게 알린다.,manual,documents-v2-manual-train-036,original-synthetic:synthetic-ko-v2.0
documents-v2-announcement-train-011-v2,시험 운영을 마친 창가의 단기 작업 좌석 여섯 개를 오늘부터 개방합니다. 한 번에 40분까지 이용하며 자리를 비우면 이용을 마칩니다. 장시간 팀 작업은 별도 협업 공간에서 진행합니다.,announcement,documents-v2-announcement-train-011,original-synthetic:synthetic-ko-v2.0
documents-v2-announcement-train-016-v2,점심시간 낭독 모임의 진행자를 두 명 모집한다. 경력보다 한 달 동안 같은 시간에 참여할 수 있는지를 확인한다. 지원은 화요일까지 받으며 선발 결과는 금요일에 개별 안내한다.,announcement,documents-v2-announcement-train-016,original-synthetic:synthetic-ko-v2.0
documents-v2-minutes-train-034-v2,"- 공동 제작 자료의 보관 담당이 불분명하다는 문제가 제기되었다.
- 결과물 종류별로 담당 부서를 지정하기로 했다.
- 실제 저장 위치는 각 부서가 확인한 뒤 공동 목록에 적기로 했다.",minutes,documents-v2-minutes-train-034,original-synthetic:synthetic-ko-v2.0
documents-v2-announcement-train-006-v2,"- 지역 기록 사진의 원본 열람을 이달 둘째 주에 시범 운영한다.
- 열람은 예약한 두 명씩 진행하며 사진을 밖으로 가져갈 수 없다.
- 복제본 신청은 열람 예약과 따로 받는다.",announcement,documents-v2-announcement-train-006,original-synthetic:synthetic-ko-v2.0
documents-v2-minutes-train-020-v1,"- 협력 기관에 보낼 행사 결과의 범위를 논의했습니다.
- 참가 인원과 주요 활동은 공유하되 개인의 상담 내용은 제외하기로 했습니다.
- 공유 문안은 각 담당이 자신의 부분을 확인하기로 했습니다.",minutes,documents-v2-minutes-train-020,original-synthetic:synthetic-ko-v2.0
documents-v2-minutes-train-016-v2,외부 진행자의 준비 공간이 접수 동선과 겹친다는 점을 확인했다. 다음 행사에서는 작은 작업실을 대기 공간으로 쓰기로 했다. 상시 전용 공간으로 바꾸는 것은 이번 결정에 포함하지 않았다.,minutes,documents-v2-minutes-train-016,original-synthetic:synthetic-ko-v2.0
documents-v2-announcement-train-022-v1,새로 신청한 인쇄 자료의 배송이 두 차례로 나뉩니다. 기본 안내서는 이번 금요일에 도착하고 실습 부록은 다음 주에 도착합니다. 부록의 도착을 이유로 기본 안내서 수령을 미루지 않습니다.,announcement,documents-v2-announcement-train-022,original-synthetic:synthetic-ko-v2.0
documents-v2-minutes-train-013-v1,협력처 표식의 크기가 서로 다르다는 의견을 검토했다. 역할이 같은 협력처는 동일한 크기로 표시하기로 했다. 대표 협력처를 새로 선정하자는 제안은 논의 대상에서 제외했다.,minutes,documents-v2-minutes-train-013,original-synthetic:synthetic-ko-v2.0
documents-v2-announcement-train-024-v1,"- 자료동 복도에서 내일 오전에 생활 소음을 측정합니다.
- 측정 중에도 통행할 수 있으나 측정 기기 주변에 물건을 놓지 않습니다.
- 개인 대화 내용은 녹음하지 않습니다.",announcement,documents-v2-announcement-train-024,original-synthetic:synthetic-ko-v2.0
documents-v2-minutes-train-024-v2,참가자의 체류 시간이 제각각이라는 운영 기록을 살펴봤다. 기본 활동을 마치면 추가 활동을 선택할 수 있게 구성하기로 했다. 모든 참가자에게 같은 종료 시간을 강제하는 안은 선택하지 않았다.,minutes,documents-v2-minutes-train-024,original-synthetic:synthetic-ko-v2.0
documents-v2-announcement-train-056-v1,"- 진행자에게 빌려준 활동 카드 세트를 이번 달에 회수합니다.
- 카드가 일부 빠진 경우 빠진 번호를 적어 함께 반납합니다.
- 카드의 분실을 이유로 전체 세트의 반납을 미루지 않습니다.",announcement,documents-v2-announcement-train-056,original-synthetic:synthetic-ko-v2.0
documents-v2-manual-train-043-v1,"실내 관찰 조도
- 실내 식물의 관찰 사진은 같은 시간대와 위치에서 찍는다.
- 창문 빛이 달라졌으면 그 상태를 기록한다.
- 밝기 차이를 식물 색의 변화라고 단정하지 않고 원본 사진을 비교한다.",manual,documents-v2-manual-train-043,original-synthetic:synthetic-ko-v2.0
documents-v2-minutes-train-023-v2,공동 결과물의 외관만으로 활동을 평가하는 문제를 의논했습니다. 역할 조정과 도움 요청의 과정도 기록하기로 했습니다. 점수 비중은 정하지 않고 우선 기록 항목을 시험하기로 했습니다.,minutes,documents-v2-minutes-train-023,original-synthetic:synthetic-ko-v2.0
documents-v2-minutes-train-049-v2,"공개 설명 난도
외부 방문자에게 전문 용어가 어렵다는 의견을 확인했습니다. 설명 첫 부분에서는 용어 정의보다 실제 예를 먼저 제시하기로 했습니다. 상세 설명은 원하는 방문자에게 추가로 제공하기로 했습니다.",minutes,documents-v2-minutes-train-049,original-synthetic:synthetic-ko-v2.0
documents-v2-manual-train-021-v1,관찰 표본을 다른 상자로 옮길 때에는 원래 상자와 새 상자의 번호를 적는다. 표본의 이름표를 먼저 확인한 뒤 하나씩 옮긴다. 이동을 마치면 비어 있는 옛 상자에도 이동 완료를 표시한다.,manual,documents-v2-manual-train-021,original-synthetic:synthetic-ko-v2.0
documents-v2-minutes-train-059-v1,"관람 흐름 점검
- 방문자가 마지막 전시 구역을 지나치는 이유를 논의했다.
- 출구를 옮기기 전에 연결 안내를 추가해 보기로 했다.
- 안내 담당이 다음 운영일에 이동 흐름을 관찰하기로 했다.",minutes,documents-v2-minutes-train-059,original-synthetic:synthetic-ko-v2.0
documents-v2-minutes-train-014-v1,짝 활동에서 한 사람이 설명을 독점하는 사례를 공유했습니다. 설명하는 역할과 확인하는 역할을 중간에 바꾸기로 했습니다. 활동의 총 길이는 다음 회차의 진행 기록을 보고 조정하기로 했습니다.,minutes,documents-v2-minutes-train-014,original-synthetic:synthetic-ko-v2.0
documents-v2-announcement-train-026-v1,지난 교류 행사의 공개 동의가 있는 사진만 참가자 페이지에 올렸습니다. 얼굴 공개를 원하지 않는 참가자는 운영 담당에게 삭제 요청을 보낼 수 있습니다. 사진의 상업적 이용은 허용하지 않습니다.,announcement,documents-v2-announcement-train-026,original-synthetic:synthetic-ko-v2.0
documents-v2-announcement-train-019-v1,"창고 선반 구분
- 물품 창고의 아래 두 칸을 반출 대기 물품 전용으로 지정한다.
- 새로 입고되는 물품은 위쪽 입고 구역에 둔다.
- 통로 바닥에 보관한 물품은 오늘 퇴실 전에 선반으로 옮긴다.",announcement,documents-v2-announcement-train-019,original-synthetic:synthetic-ko-v2.0
documents-v2-manual-train-029-v1,임시 안내 표지를 만들 때에는 전달할 행동을 한 문장으로 적는다. 화살표는 실제 이동 방향과 대조해 붙인다. 표지 설치 뒤 반대 방향에서 보아도 뜻이 달라지지 않는지 확인한다.,manual,documents-v2-manual-train-029,original-synthetic:synthetic-ko-v2.0
documents-v2-announcement-train-052-v2,제작실에서 대여하는 긴 금속 자의 보관 위치가 바뀌었다. 이제 절단대 아래 전용 걸이에 종류별로 둔다. 개인이 가져온 자에는 이번 보관 기준을 적용하지 않는다.,announcement,documents-v2-announcement-train-052,original-synthetic:synthetic-ko-v2.0
documents-v2-manual-train-020-v1,"- 도안을 확대해서 출력할 때에는 기준 길이 선을 함께 넣습니다.
- 출력한 선을 자로 재어 요청한 길이와 비교합니다.
- 길이가 다르면 배율을 고친 뒤 다시 확인하고 재료를 자릅니다.",manual,documents-v2-manual-train-020,original-synthetic:synthetic-ko-v2.0
documents-v2-minutes-train-043-v2,늦게 끝나는 행사에 대한 참가자의 부담을 의논했습니다. 발표 수를 줄이기 전에 쉬는 시간과 이동 시간을 다시 계산하기로 했습니다. 종료 시각 변경 여부는 다음 검토에서 결정하기로 했습니다.,minutes,documents-v2-minutes-train-043,original-synthetic:synthetic-ko-v2.0
documents-v2-minutes-train-047-v2,진행자 연습 영상을 어디까지 보관할지 의논했습니다. 사용법을 보여 주는 짧은 구간만 내부 참고로 남기기로 했습니다. 참가자의 얼굴이 나온 구간은 별도 동의 없이는 사용하지 않기로 했습니다.,minutes,documents-v2-minutes-train-047,original-synthetic:synthetic-ko-v2.0
documents-v2-manual-train-052-v2,활동 재료가 부족하면 같은 모양인지보다 필요한 기능이 같은지 확인한다. 대체 재료는 소량으로 먼저 시험한다. 진행자가 사용 가능하다고 확인한 뒤에만 참가자에게 배부한다.,manual,documents-v2-manual-train-052,original-synthetic:synthetic-ko-v2.0
documents-v2-manual-train-044-v1,"- 행사 전 불참 통보를 받으면 신청자 번호로 해당 건을 찾습니다.
- 동반인도 함께 불참하는지 확인한 뒤 준비 수량을 고칩니다.
- 대표 한 명의 불참만으로 동반인 전원을 취소하지 않습니다.",manual,documents-v2-manual-train-044,original-synthetic:synthetic-ko-v2.0
documents-v2-minutes-train-057-v1,발표 종료를 알리는 신호를 발표자가 잘 보지 못한다는 의견이 있었다. 진행석과 무대 양쪽에서 보이는 위치를 시험하기로 했다. 신호 방식은 리허설에서 확인한 뒤 하나로 정하기로 했다.,minutes,documents-v2-minutes-train-057,original-synthetic:synthetic-ko-v2.0
documents-v2-manual-train-051-v2,전시 설명의 긴 문장을 나눌 때에는 의미가 끝나는 곳에서 줄을 바꿉니다. 조건과 그 조건에 따른 행동이 다른 문단으로 떨어지지 않게 합니다. 수정한 문장을 원문과 대조해 빠진 말이 없는지 확인합니다.,manual,documents-v2-manual-train-051,original-synthetic:synthetic-ko-v2.0
documents-v2-announcement-train-039-v2,지난 계절 활동에 참여한 사람에게 개인 활동 기록을 배부합니다. 기록의 이름과 참여 날짜가 다르면 이달 안에 정정을 요청합니다. 기록은 수료 자격을 증명하는 문서로 사용하지 않습니다.,announcement,documents-v2-announcement-train-039,original-synthetic:synthetic-ko-v2.0
documents-v2-manual-train-033-v1,안내 책자를 배부할 때에는 가져간 부수를 묶음별로 기록한다. 단순히 펼쳐 본 책자는 배부 수량에 넣지 않는다. 운영이 끝나면 남은 부수와 기록을 대조한다.,manual,documents-v2-manual-train-033,original-synthetic:synthetic-ko-v2.0
documents-v2-minutes-train-004-v2,새 소모임을 경험 수준으로 나눌지 관심 주제로 나눌지 의견이 갈렸다. 먼저 관심 주제로 모인 뒤 필요한 기초 도움을 제공하기로 했다. 경험별 분반은 추가 신청을 본 뒤 다시 검토하기로 했다.,minutes,documents-v2-minutes-train-004,original-synthetic:synthetic-ko-v2.0
documents-v2-announcement-train-005-v1,자료동의 재활용품 수거 시각을 이번 주부터 오후 8시로 앞당긴다. 수거 뒤 나온 상자는 다음 날까지 각 작업실 안에 보관한다. 유리류 수거 요일은 바꾸지 않는다.,announcement,documents-v2-announcement-train-005,original-synthetic:synthetic-ko-v2.0
documents-v2-manual-train-004-v2,관찰 상자의 온도를 적을 때에는 센서를 넣고 표시값이 안정될 때까지 기다린다. 시각과 온도를 같은 줄에 적는다. 값이 갑자기 바뀌면 원래 값을 지우지 않고 재측정 결과를 옆에 남긴다.,manual,documents-v2-manual-train-004,original-synthetic:synthetic-ko-v2.0
documents-v2-manual-train-059-v2,수정 안내문을 배부하기 전에는 이전 판과 바뀐 부분을 표시합니다. 날짜와 행동 조건을 우선 대조합니다. 단순 서식 변경인지 내용 변경인지 구분해 이용자에게 알립니다.,manual,documents-v2-manual-train-059,original-synthetic:synthetic-ko-v2.0
documents-v2-announcement-train-032-v1,"- 이번 행사부터 식수대의 일회용 컵 제공량을 줄입니다.
- 개인 컵이 없는 참가자는 안내실에서 다회용 컵을 빌릴 수 있습니다.
- 빌린 컵은 출구의 전용 수거함에 반납합니다.",announcement,documents-v2-announcement-train-032,original-synthetic:synthetic-ko-v2.0
documents-v2-minutes-train-026-v1,내부 활동과 외부 대여가 겹치는 경우의 우선순위를 검토했습니다. 이미 확정한 예약은 유지하고 새 예약부터 사용 목적을 확인하기로 했습니다. 내부 신청이라는 이유만으로 기존 예약을 취소하지 않기로 했습니다.,minutes,documents-v2-minutes-train-026,original-synthetic:synthetic-ko-v2.0
documents-v2-announcement-train-060-v2,지역 협력처를 소개하는 자리를 다음 달 첫 토요일에 연다. 참가자는 현장 상담과 설명 청취 중 원하는 방식으로 신청한다. 설명을 들었다고 협력 신청이 자동 제출되지는 않는다.,announcement,documents-v2-announcement-train-060,original-synthetic:synthetic-ko-v2.0
documents-v2-manual-train-016-v1,"- 식물 성장 길이를 잴 때에는 줄기의 같은 기준점에서 시작합니다.
- 잎이 휜 정도에 따라 길이가 달라지지 않게 줄기 길이를 기록합니다.
- 기준점을 바꾸었다면 그날의 기록에 변경 이유를 적습니다.",manual,documents-v2-manual-train-016,original-synthetic:synthetic-ko-v2.0
documents-v2-minutes-train-053-v2,"협업 결과 이름
공동 제작물에 대표 한 명의 이름만 표시된 문제를 살펴봤습니다. 참여자가 원하는 표기 방식을 확인한 뒤 공동 명단을 넣기로 했습니다. 공개를 원하지 않는 이름은 제외하기로 했습니다.",minutes,documents-v2-minutes-train-053,original-synthetic:synthetic-ko-v2.0
documents-v2-minutes-train-008-v2,참가자의 결과물을 마지막 날 한꺼번에 돌려주는 방식을 살펴봤다. 부피가 큰 결과물만 사전 수령 날짜를 나누기로 했다. 작은 결과물은 기존의 마지막 회차 반환을 유지하기로 했다.,minutes,documents-v2-minutes-train-008,original-synthetic:synthetic-ko-v2.0
documents-v2-announcement-train-054-v2,"- 어린이 탐방 활동의 동행 봉사자를 추가 모집한다.
- 사전 안전 교육에 참여할 수 있는 사람만 신청할 수 있다.
- 교육 일정은 신청자 수를 확인한 뒤 확정한다.",announcement,documents-v2-announcement-train-054,original-synthetic:synthetic-ko-v2.0
documents-v2-announcement-train-030-v1,대관 상담 담당자의 외부 일정으로 금요일 방문 상담을 쉽니다. 이미 접수한 서류의 검토는 예정대로 진행합니다. 신규 방문 상담은 다음 주 월요일부터 다시 예약할 수 있습니다.,announcement,documents-v2-announcement-train-030,original-synthetic:synthetic-ko-v2.0
documents-v2-announcement-train-047-v1,"공유 수납함 배정
- 새 기수 참가자를 위한 수납함 배정 결과를 오늘 안내한다.
- 배정 번호는 개인 메시지에서 확인할 수 있다.
- 수납함 위치를 서로 바꿀 때는 두 이용자가 함께 운영실에 알려야 한다.",announcement,documents-v2-announcement-train-047,original-synthetic:synthetic-ko-v2.0
documents-v2-minutes-train-047-v1,"연습 영상 범위
- 진행자 연습 영상을 어디까지 보관할지 논의했다.
- 사용법을 보여 주는 짧은 구간만 내부 참고로 남기기로 했다.
- 참가자의 얼굴이 나온 구간은 별도 동의 없이는 사용하지 않기로 했다.",minutes,documents-v2-minutes-train-047,original-synthetic:synthetic-ko-v2.0
documents-v2-minutes-train-044-v1,"- 행사 날짜만 바뀌어 안내판을 버리는 문제를 검토했습니다.
- 고정 설명과 날짜 부분을 분리해 제작하기로 했습니다.
- 기존 안내판은 사용할 수 있는 상태인지 먼저 살피기로 했습니다.",minutes,documents-v2-minutes-train-044,original-synthetic:synthetic-ko-v2.0
documents-v2-announcement-train-042-v2,"- 공작실의 개인 재료 보관 기간을 다음 기수부터 네 주로 정한다.
- 현재 보관 중인 재료에는 기존 기간을 적용한다.
- 연장이 필요한 경우 만료 전에 보관 가능 여부를 확인한다.",announcement,documents-v2-announcement-train-042,original-synthetic:synthetic-ko-v2.0
documents-v2-announcement-train-017-v1,이번 달부터 점검이 끝난 공용 장비에 초록색 점검표를 붙인다. 표가 없는 장비는 확인이 끝날 때까지 대여하지 않는다. 기존 예약자에게는 대체 장비 가능 여부를 따로 안내한다.,announcement,documents-v2-announcement-train-017,original-synthetic:synthetic-ko-v2.0
documents-v2-announcement-train-036-v1,"- 새 자료를 소개하는 짧은 원고를 부서별로 한 편씩 받습니다.
- 분량은 500자 안팎이며 원고 마감은 다음 주 화요일입니다.
- 소개할 자료의 구입 요청까지 자동으로 접수되는 것은 아닙니다.",announcement,documents-v2-announcement-train-036,original-synthetic:synthetic-ko-v2.0
documents-v2-manual-train-038-v1,작품 설명문을 붙이기 전에 작품 번호와 설명문의 번호를 대조합니다. 작가 이름이 같아도 번호가 다르면 붙이지 않습니다. 잘못 연결된 설명문은 작성 담당에게 확인한 뒤 고칩니다.,manual,documents-v2-manual-train-038,original-synthetic:synthetic-ko-v2.0
documents-v2-manual-train-003-v1,"녹음 잡음 구분
- 새 녹음 장소를 정할 때에는 사람이 말하지 않는 상태로 10초를 녹음한다.
- 환풍기 소리가 크게 들리면 위치를 바꾼 뒤 같은 길이로 다시 녹음해 듣는다.
- 소리가 덜한 위치를 정한 뒤 본 녹음을 시작한다.",manual,documents-v2-manual-train-003,original-synthetic:synthetic-ko-v2.0
documents-v2-manual-train-032-v1,"- 서로 다른 재료의 시편을 비교하려면 같은 조명 아래에 나란히 놓습니다.
- 재료 이름은 시편 뒷면에서 확인합니다.
- 외관과 촉감을 각각 기록해 한 특징으로 전체 품질을 판단하지 않습니다.",manual,documents-v2-manual-train-032,original-synthetic:synthetic-ko-v2.0
documents-v2-minutes-train-048-v1,"- 참가팀마다 준비물 구입 부담이 다르다는 의견을 나눴습니다.
- 기본 재료는 공동으로 제공하고 선택 장식은 각 팀이 정하기로 했습니다.
- 선택 장식을 쓰지 않았다고 평가에서 불리하게 보지 않기로 했습니다.",minutes,documents-v2-minutes-train-048,original-synthetic:synthetic-ko-v2.0
documents-v2-manual-train-013-v2,"원고 교정 기호
공동 원고를 교정할 때에는 수정할 구절 옆에 이유를 적습니다. 날짜나 이름은 근거 자료와 대조한 뒤 바꿉니다. 뜻이 달라질 수 있는 문장은 작성자의 확인 전까지 확정하지 않습니다.",manual,documents-v2-manual-train-013,original-synthetic:synthetic-ko-v2.0
documents-v2-manual-train-030-v2,"- 여러 쪽의 설명 카드를 배열할 때에는 활동 시작에 필요한 카드를 먼저 둔다.
- 선택 활동은 공통 활동과 다른 묶음으로 표시한다.
- 참가자가 한 묶음만 읽어도 다음 행동을 알 수 있는지 점검한다.",manual,documents-v2-manual-train-030,original-synthetic:synthetic-ko-v2.0
documents-v2-announcement-train-002-v2,"- 분갈이를 마친 실내 식물 열두 화분을 희망 부서에 나눈다.
- 금요일까지 관리 담당자를 정해 신청하면 추첨으로 배정한다.
- 화분 수보다 신청이 적으면 남은 수량을 다시 안내한다.",announcement,documents-v2-announcement-train-002,original-synthetic:synthetic-ko-v2.0
documents-v2-manual-train-056-v1,"- 손으로 적은 준비 수량이 모호하면 이전 수량을 기준으로 추측하지 않습니다.
- 작성자에게 원래 값을 확인합니다.
- 확인할 수 없는 경우에는 미확인 표시를 남겨 집계에서 구분합니다.",manual,documents-v2-manual-train-056,original-synthetic:synthetic-ko-v2.0
documents-v2-manual-train-045-v1,행사용 음원을 점검할 때에는 시작 부분뿐 아니라 마지막 부분도 재생한다. 갑자기 끊기는 지점이 있으면 원본과 대조한다. 길이를 임의로 늘리거나 반복하지 않고 진행 담당과 수정 범위를 정한다.,manual,documents-v2-manual-train-045,original-synthetic:synthetic-ko-v2.0
documents-v2-manual-train-009-v1,방문 동선을 점검하려면 시작 지점에서 실제 방문자가 보는 방향으로 걸어간다. 다음 표식이 보이지 않는 갈림길을 표시한다. 표식을 추가한 뒤 같은 경로를 다시 걸어 확인한다.,manual,documents-v2-manual-train-009,original-synthetic:synthetic-ko-v2.0
documents-v2-manual-train-040-v1,"- 교구 활동을 진행하면서 참가자가 스스로 마친 단계와 도움받은 단계를 구분해 적습니다.
- 참가자의 이름 대신 활동 번호를 씁니다.
- 중도 종료한 활동은 실패로 바꾸지 않고 종료 지점을 남깁니다.",manual,documents-v2-manual-train-040,original-synthetic:synthetic-ko-v2.0
documents-v2-announcement-train-059-v1,"잠금 상자 교체
- 공용 소형 금고를 번호표가 있는 잠금 상자로 교체한다.
- 내용물은 담당자가 입회한 상태에서만 옮긴다.
- 기존 열쇠는 상자 교체 확인을 받은 뒤 반납한다.",announcement,documents-v2-announcement-train-059,original-synthetic:synthetic-ko-v2.0
documents-v2-announcement-train-015-v1,"체험 참가 명단
- 주말 실험 체험의 참가 명단을 오늘 확정했다.
- 대기 신청자에게는 취소 자리가 생길 때 신청 순서대로 연락한다.
- 명단에 없는 동반인은 당일 추가로 입장할 수 없다.",announcement,documents-v2-announcement-train-015,original-synthetic:synthetic-ko-v2.0
documents-v2-manual-train-007-v2,행사 질문을 묶을 때에는 요청하는 답이 같은 질문끼리 먼저 모읍니다. 표현이 비슷해도 서로 다른 사례를 묻는 질문은 합치지 않습니다. 묶은 질문에는 원래 질문 번호를 남깁니다.,manual,documents-v2-manual-train-007,original-synthetic:synthetic-ko-v2.0
documents-v2-announcement-train-048-v1,"- 새 측정 장비 설명회는 장비 관리 담당자를 우선 대상으로 합니다.
- 남는 자리는 일반 이용자에게 개방합니다.
- 설명회 참여만으로 위험 작업의 이용 자격이 부여되지는 않습니다.",announcement,documents-v2-announcement-train-048,original-synthetic:synthetic-ko-v2.0
documents-v2-announcement-train-024-v2,자료동 복도에서 내일 오전에 생활 소음을 측정한다. 측정 중에도 통행할 수 있으나 측정 기기 주변에 물건을 놓지 않는다. 개인 대화 내용은 녹음하지 않는다.,announcement,documents-v2-announcement-train-024,original-synthetic:synthetic-ko-v2.0
documents-v2-manual-train-030-v1,여러 쪽의 설명 카드를 배열할 때에는 활동 시작에 필요한 카드를 먼저 둡니다. 선택 활동은 공통 활동과 다른 묶음으로 표시합니다. 참가자가 한 묶음만 읽어도 다음 행동을 알 수 있는지 점검합니다.,manual,documents-v2-manual-train-030,original-synthetic:synthetic-ko-v2.0
documents-v2-announcement-train-038-v2,"- 공작실 주말 강좌에서 취소된 세 자리를 대기자에게 배정한다.
- 연락을 받은 뒤 하루 안에 참여 여부를 알려야 자리가 확정된다.
- 응답이 없으면 다음 대기자에게 순서가 넘어간다.",announcement,documents-v2-announcement-train-038,original-synthetic:synthetic-ko-v2.0
documents-v2-announcement-train-034-v2,"- 로비 게시판에서 지난달 종료된 행사 포스터를 이번 주에 정리한다.
- 진행 중인 행사와 기간이 없는 상시 안내는 그대로 둔다.
- 보관이 필요한 포스터는 수요일까지 운영실에 알린다.",announcement,documents-v2-announcement-train-034,original-synthetic:synthetic-ko-v2.0
documents-v2-manual-train-034-v1,행사 준비가 끝나면 참가자 역할을 맡은 한 명이 접수부터 퇴장까지 이동합니다. 진행자는 길을 먼저 알려 주지 않고 막힌 지점을 기록합니다. 점검이 끝난 뒤 그 지점의 안내만 수정합니다.,manual,documents-v2-manual-train-034,original-synthetic:synthetic-ko-v2.0
documents-v2-announcement-train-011-v1,"단기 좌석 개방
- 시험 운영을 마친 창가의 단기 작업 좌석 여섯 개를 오늘부터 개방한다.
- 한 번에 40분까지 이용하며 자리를 비우면 이용을 마친다.
- 장시간 팀 작업은 별도 협업 공간에서 진행한다.",announcement,documents-v2-announcement-train-011,original-synthetic:synthetic-ko-v2.0
documents-v2-minutes-train-045-v2,"프로그램 이름 검토
프로그램 이름만으로 활동 내용을 알기 어렵다는 의견이 나왔습니다. 이름을 전면 바꾸지 않고 한 줄 활동 설명을 함께 붙이기로 했습니다. 새 설명은 참가자에게 읽어 보인 뒤 확정하기로 했습니다.",minutes,documents-v2-minutes-train-045,original-synthetic:synthetic-ko-v2.0
documents-v2-minutes-train-060-v2,전시에서 결과물만 보여 주면 배운 과정이 드러나지 않는다는 의견에 동의했다. 작품마다 제작 중 바뀐 점 한 가지를 함께 소개하기로 했다. 실패했던 모든 시도를 공개할 의무는 두지 않기로 했다.,minutes,documents-v2-minutes-train-060,original-synthetic:synthetic-ko-v2.0
documents-v2-manual-train-016-v2,식물 성장 길이를 잴 때에는 줄기의 같은 기준점에서 시작한다. 잎이 휜 정도에 따라 길이가 달라지지 않게 줄기 길이를 기록한다. 기준점을 바꾸었다면 그날의 기록에 변경 이유를 적는다.,manual,documents-v2-manual-train-016,original-synthetic:synthetic-ko-v2.0
documents-v2-manual-train-010-v1,관찰 결과를 촬영할 때에는 표본 번호가 보이는 표지를 옆에 둡니다. 전체 모양을 먼저 찍고 필요한 부분을 가까이 찍습니다. 두 사진의 파일명에는 같은 표본 번호를 남깁니다.,manual,documents-v2-manual-train-010,original-synthetic:synthetic-ko-v2.0
documents-v2-announcement-train-003-v1,"공용 렌즈 입고
- 촬영실에 근접 촬영용 렌즈 두 개가 새로 들어왔다.
- 다음 주부터 기본 촬영 교육을 마친 이용자에게 대여한다.
- 기존 카메라와 연결되는 어댑터도 대여 물품에 포함한다.",announcement,documents-v2-announcement-train-003,original-synthetic:synthetic-ko-v2.0
documents-v2-announcement-train-038-v1,공작실 주말 강좌에서 취소된 세 자리를 대기자에게 배정합니다. 연락을 받은 뒤 하루 안에 참여 여부를 알려야 자리가 확정됩니다. 응답이 없으면 다음 대기자에게 순서가 넘어갑니다.,announcement,documents-v2-announcement-train-038,original-synthetic:synthetic-ko-v2.0
documents-v2-announcement-train-029-v2,"임시 수령 창구
외부에서 보내온 수상 증서의 수령 창구를 이번 주에 한해 운영합니다. 대리 수령은 사전에 등록된 사람에게만 허용합니다. 창구 운영 이후의 보관 장소는 아직 정하지 않았습니다.",announcement,documents-v2-announcement-train-029,original-synthetic:synthetic-ko-v2.0
documents-v2-manual-train-004-v1,"- 관찰 상자의 온도를 적을 때에는 센서를 넣고 표시값이 안정될 때까지 기다립니다.
- 시각과 온도를 같은 줄에 적습니다.
- 값이 갑자기 바뀌면 원래 값을 지우지 않고 재측정 결과를 옆에 남깁니다.",manual,documents-v2-manual-train-004,original-synthetic:synthetic-ko-v2.0
documents-v2-minutes-train-058-v2,"- 배경음이 안내 방송을 가린다는 지적을 살펴봤다.
- 안내가 진행되는 동안에는 배경음 재생을 멈추기로 했다.
- 음원 종류를 전부 바꾸는 제안은 이번에는 선택하지 않았다.",minutes,documents-v2-minutes-train-058,original-synthetic:synthetic-ko-v2.0
documents-v2-minutes-train-058-v1,배경음이 안내 방송을 가린다는 지적을 검토했습니다. 안내가 진행되는 동안에는 배경음 재생을 멈추기로 했습니다. 음원 종류를 전부 바꾸는 제안은 이번에는 채택하지 않았습니다.,minutes,documents-v2-minutes-train-058,original-synthetic:synthetic-ko-v2.0
documents-v2-manual-train-042-v2,"- 운송 목록에 없는 물품을 발견하면 목록에 즉시 추가 확정하지 않는다.
- 물품 사진과 발견 위치를 기록해 발송 담당에게 확인한다.
- 소유가 확인될 때까지 다른 팀에 넘기지 않는다.",manual,documents-v2-manual-train-042,original-synthetic:synthetic-ko-v2.0
documents-v2-announcement-train-035-v2,외부 대여 중인 관찰 키트의 상태 조사를 위해 일부 키트를 회수합니다. 회수 대상 번호는 각 대여자에게 개별 전달합니다. 안내받지 않은 키트는 예정된 반납일까지 계속 사용할 수 있습니다.,announcement,documents-v2-announcement-train-035,original-synthetic:synthetic-ko-v2.0
documents-v2-manual-train-027-v2,물품 목록의 중복 항목을 찾을 때에는 이름과 자산 번호를 함께 비교합니다. 이름이 같아도 번호가 다른 물품은 합치지 않습니다. 같은 물품으로 확인된 항목만 변경 이력과 함께 묶습니다.,manual,documents-v2-manual-train-027,original-synthetic:synthetic-ko-v2.0
documents-v2-announcement-train-027-v2,기초 실험 교구에서 빠진 연결 부품을 오늘부터 보충 배부합니다. 전체 교구를 가져올 필요 없이 교구 번호만 확인받습니다. 고장 난 본체의 교환은 별도 점검을 거칩니다.,announcement,documents-v2-announcement-train-027,original-synthetic:synthetic-ko-v2.0
documents-v2-announcement-train-008-v1,"- 다음 달 실습 간식은 교실 배부 대신 식당 옆 수령대에서 제공합니다.
- 수령 시간은 오후 3시부터 30분이며 남은 간식은 다음 날로 넘기지 않습니다.
- 수업에 늦게 합류하는 경우 운영실에 먼저 알립니다.",announcement,documents-v2-announcement-train-008,original-synthetic:synthetic-ko-v2.0
documents-v2-manual-train-047-v2,설명 카드를 읽고 질문이 반복되면 질문이 생긴 문장을 표시합니다. 참가자가 이해한 뜻을 먼저 듣고 표현을 고칩니다. 수정한 카드로 다시 활동해 같은 질문이 생기는지 확인합니다.,manual,documents-v2-manual-train-047,original-synthetic:synthetic-ko-v2.0
documents-v2-minutes-train-055-v1,"자료 묶음 구성
- 초보 진행자에게 모든 참고 자료를 한꺼번에 주는 방식을 돌아봤다.
- 첫 회차 준비에 필요한 자료와 심화 자료를 나누기로 했다.
- 자료를 나누더라도 원래 출처 목록은 유지하기로 했다.",minutes,documents-v2-minutes-train-055,original-synthetic:synthetic-ko-v2.0
documents-v2-manual-train-050-v1,작품명을 아직 정하지 못한 출품물은 임시 번호로 먼저 등록합니다. 번호와 작성자를 함께 보관합니다. 나중에 제목이 정해지면 새 출품물로 추가하지 않고 기존 번호에 연결합니다.,manual,documents-v2-manual-train-050,original-synthetic:synthetic-ko-v2.0
documents-v2-announcement-train-021-v2,"공용 악기 체험
전자 악기 체험 시간을 수요일 점심에 새로 운영합니다. 헤드폰을 사용하는 개인 체험만 가능하며 합주 예약은 받지 않습니다. 별도 악기 사용 경험이 없어도 참여할 수 있습니다.",announcement,documents-v2-announcement-train-021,original-synthetic:synthetic-ko-v2.0
documents-v2-manual-train-019-v2,원격 대화에서 자기 소리가 되돌아오면 같은 방에서 연결한 다른 기기를 확인합니다. 한 기기의 스피커만 남기고 나머지는 소리를 끕니다. 짧게 말해 되울림이 줄었는지 확인한 뒤 대화를 이어갑니다.,manual,documents-v2-manual-train-019,original-synthetic:synthetic-ko-v2.0
documents-v2-manual-train-019-v1,"화상 발언 점검
- 원격 대화에서 자기 소리가 되돌아오면 같은 방에서 연결한 다른 기기를 확인한다.
- 한 기기의 스피커만 남기고 나머지는 소리를 끈다.
- 짧게 말해 되울림이 줄었는지 확인한 뒤 대화를 이어간다.",manual,documents-v2-manual-train-019,original-synthetic:synthetic-ko-v2.0
documents-v2-manual-train-003-v2,새 녹음 장소를 정할 때에는 사람이 말하지 않는 상태로 10초를 녹음합니다. 환풍기 소리가 크게 들리면 위치를 바꾼 뒤 같은 길이로 다시 녹음해 듣습니다. 소리가 덜한 위치를 정한 뒤 본 녹음을 시작합니다.,manual,documents-v2-manual-train-003,original-synthetic:synthetic-ko-v2.0
documents-v2-announcement-train-005-v2,"야간 수거 시간
자료동의 재활용품 수거 시각을 이번 주부터 오후 8시로 앞당깁니다. 수거 뒤 나온 상자는 다음 날까지 각 작업실 안에 보관합니다. 유리류 수거 요일은 바꾸지 않습니다.",announcement,documents-v2-announcement-train-005,original-synthetic:synthetic-ko-v2.0
documents-v2-minutes-train-051-v1,"도구 대기 개선
- 특정 도구 앞에만 대기가 길어진 기록을 살폈다.
- 그 도구가 필요 없는 활동을 대기 중에 진행하도록 순서를 바꾸기로 했다.
- 장비 추가 구입은 순서 변경 효과를 본 뒤 검토하기로 했다.",minutes,documents-v2-minutes-train-051,original-synthetic:synthetic-ko-v2.0
documents-v2-manual-train-040-v2,교구 활동을 진행하면서 참가자가 스스로 마친 단계와 도움받은 단계를 구분해 적는다. 참가자의 이름 대신 활동 번호를 쓴다. 중도 종료한 활동은 실패로 바꾸지 않고 종료 지점을 남긴다.,manual,documents-v2-manual-train-040,original-synthetic:synthetic-ko-v2.0
documents-v2-manual-train-006-v1,작품 배치를 정리할 때에는 실제 전시 순서대로 작품 번호를 적습니다. 이름이 같은 작품은 번호로 구분합니다. 목록을 완성한 뒤 빈 전시대가 있는지 현장에서 한 번 더 확인합니다.,manual,documents-v2-manual-train-006,original-synthetic:synthetic-ko-v2.0
documents-v2-minutes-train-033-v1,협력처가 보낸 방문 명단의 공개 범위를 검토했다. 안내 담당에게 필요한 이름과 도착 시간만 전달하기로 했다. 개인 연락처는 전체 진행자 목록에 넣지 않기로 했다.,minutes,documents-v2-minutes-train-033,original-synthetic:synthetic-ko-v2.0
documents-v2-minutes-train-029-v1,소모임별 연락 방식이 달라 일정 변경이 누락된 사례를 공유했다. 변경 사항만 모아 전달하는 공통 요약을 만들기로 했다. 각 모임의 평소 대화 채널은 그대로 유지하기로 했다.,minutes,documents-v2-minutes-train-029,original-synthetic:synthetic-ko-v2.0
documents-v2-announcement-train-041-v1,토론실의 공용 타이머를 진동 기능이 있는 제품으로 교체했다. 사용법 카드는 각 기기 옆에 비치했다. 교체한 제품은 건물 밖으로 대여하지 않는다.,announcement,documents-v2-announcement-train-041,original-synthetic:synthetic-ko-v2.0
documents-v2-announcement-train-027-v1,"교구 보충 배부
- 기초 실험 교구에서 빠진 연결 부품을 오늘부터 보충 배부한다.
- 전체 교구를 가져올 필요 없이 교구 번호만 확인받는다.
- 고장 난 본체의 교환은 별도 점검을 거친다.",announcement,documents-v2-announcement-train-027,original-synthetic:synthetic-ko-v2.0
documents-v2-manual-train-053-v1,날이 있는 공예 도구를 넣을 때에는 보호 덮개가 있는지 먼저 확인한다. 날이 통로 쪽을 향하지 않게 지정된 칸에 둔다. 덮개가 없으면 일반 도구와 섞지 않고 담당자에게 알린다.,manual,documents-v2-manual-train-053,original-synthetic:synthetic-ko-v2.0
documents-v2-announcement-train-058-v2,"- 식물 관찰 활동의 결과물을 복도 전시대에 일주일 동안 전시한다.
- 이름 공개를 원하지 않는 참가자는 별칭으로 표시할 수 있다.
- 전시가 끝난 결과물은 본인에게 돌려준다.",announcement,documents-v2-announcement-train-058,original-synthetic:synthetic-ko-v2.0
documents-v2-manual-train-052-v1,"- 활동 재료가 부족하면 같은 모양인지보다 필요한 기능이 같은지 확인합니다.
- 대체 재료는 소량으로 먼저 시험합니다.
- 진행자가 사용 가능하다고 확인한 뒤에만 참가자에게 배부합니다.",manual,documents-v2-manual-train-052,original-synthetic:synthetic-ko-v2.0
documents-v2-manual-train-006-v2,"- 작품 배치를 정리할 때에는 실제 전시 순서대로 작품 번호를 적는다.
- 이름이 같은 작품은 번호로 구분한다.
- 목록을 완성한 뒤 빈 전시대가 있는지 현장에서 한 번 더 확인한다.",manual,documents-v2-manual-train-006,original-synthetic:synthetic-ko-v2.0
documents-v2-announcement-train-018-v2,"- 가을 행사에 사용할 배경음 제안을 이번 주 동안 받는다.
- 사용 허락을 확인할 수 있는 음원만 제출할 수 있다.
- 선정 여부와 재생 순서는 다음 주에 안내한다.",announcement,documents-v2-announcement-train-018,original-synthetic:synthetic-ko-v2.0
documents-v2-manual-train-058-v1,여러 파일로 나뉜 녹음을 잇기 전에는 파일의 녹음 시각과 끝부분을 비교합니다. 겹치는 구간이 있으면 한 사본에서만 정리합니다. 결합한 파일에서 이어지는 말이 끊기지 않는지 듣습니다.,manual,documents-v2-manual-train-058,original-synthetic:synthetic-ko-v2.0
documents-v2-manual-train-057-v1,재료 무게를 재기 전에 빈 용기를 저울에 올리고 영점 표시를 확인한다. 용기를 바꾸면 영점을 다시 맞춘다. 측정값과 사용한 단위를 기록한 뒤 다음 재료를 올린다.,manual,documents-v2-manual-train-057,original-synthetic:synthetic-ko-v2.0
documents-v2-manual-train-057-v2,"공용 저울 영점
재료 무게를 재기 전에 빈 용기를 저울에 올리고 영점 표시를 확인합니다. 용기를 바꾸면 영점을 다시 맞춥니다. 측정값과 사용한 단위를 기록한 뒤 다음 재료를 올립니다.",manual,documents-v2-manual-train-057,original-synthetic:synthetic-ko-v2.0
documents-v2-manual-train-028-v1,"- 한 도구를 여러 사람이 쓸 때에는 준비가 끝난 사람의 번호를 대기판에 올립니다.
- 사용을 마친 사람은 번호를 내리고 다음 사람에게 알립니다.
- 자리를 떠난 사람의 순번은 진행자에게 확인합니다.",manual,documents-v2-manual-train-028,original-synthetic:synthetic-ko-v2.0
documents-v2-minutes-train-039-v1,"공동 원고 검토
- 서로 다른 담당자의 원고가 같은 내용을 반복한다는 점을 확인했다.
- 공통 설명은 첫 부분에 모으고 사례만 각 장에 남기기로 했다.
- 작성자의 핵심 주장은 편집 전에 다시 확인하기로 했다.",minutes,documents-v2-minutes-train-039,original-synthetic:synthetic-ko-v2.0
documents-v2-minutes-train-022-v2,"- 완성도가 높은 시범 작품이 초보 참가자를 위축시킨다는 의견이 있었다.
- 간단한 예시와 발전된 예시를 함께 보여 주기로 했다.
- 결과물을 예시와 똑같이 만들도록 요구하지 않기로 했다.",minutes,documents-v2-minutes-train-022,original-synthetic:synthetic-ko-v2.0
documents-v2-announcement-train-047-v2,새 기수 참가자를 위한 수납함 배정 결과를 오늘 안내합니다. 배정 번호는 개인 메시지에서 확인할 수 있습니다. 수납함 위치를 서로 바꿀 때는 두 이용자가 함께 운영실에 알려야 합니다.,announcement,documents-v2-announcement-train-047,original-synthetic:synthetic-ko-v2.0
documents-v2-announcement-train-035-v1,"체험 키트 회수
- 외부 대여 중인 관찰 키트의 상태 조사를 위해 일부 키트를 회수한다.
- 회수 대상 번호는 각 대여자에게 개별 전달한다.
- 안내받지 않은 키트는 예정된 반납일까지 계속 사용할 수 있다.",announcement,documents-v2-announcement-train-035,original-synthetic:synthetic-ko-v2.0
documents-v2-manual-train-010-v2,"- 관찰 결과를 촬영할 때에는 표본 번호가 보이는 표지를 옆에 둔다.
- 전체 모양을 먼저 찍고 필요한 부분을 가까이 찍는다.
- 두 사진의 파일명에는 같은 표본 번호를 남긴다.",manual,documents-v2-manual-train-010,original-synthetic:synthetic-ko-v2.0
documents-v2-minutes-train-037-v1,이동 행사 준비에서 작은 어댑터가 자주 빠진다는 보고를 확인했다. 본체와 연결 부품을 한 묶음으로 목록화하기로 했다. 운영 담당이 다음 출발 전에 묶음별 확인표를 시험하기로 했다.,minutes,documents-v2-minutes-train-037,original-synthetic:synthetic-ko-v2.0
documents-v2-manual-train-048-v2,여러 모임의 가능 시간을 모을 때에는 확정 일정과 희망 시간을 다른 칸에 적는다. 겹친 희망 시간은 담당자끼리 조정한다. 합의 전에는 어느 한쪽의 확정 일정으로 표시하지 않는다.,manual,documents-v2-manual-train-048,original-synthetic:synthetic-ko-v2.0
documents-v2-minutes-train-031-v2,공용 도구가 한 작업대에 쌓이는 문제를 살펴봤습니다. 자주 쓰는 도구의 기본 수량을 작업대마다 나누기로 했습니다. 추가 구입은 분산 배치 뒤 부족한 수량을 보고 결정하기로 했습니다.,minutes,documents-v2-minutes-train-031,original-synthetic:synthetic-ko-v2.0
documents-v2-announcement-train-015-v2,주말 실험 체험의 참가 명단을 오늘 확정했습니다. 대기 신청자에게는 취소 자리가 생길 때 신청 순서대로 연락합니다. 명단에 없는 동반인은 당일 추가로 입장할 수 없습니다.,announcement,documents-v2-announcement-train-015,original-synthetic:synthetic-ko-v2.0
documents-v2-manual-train-054-v2,"- 빌린 전시 자료의 포장을 열 때에는 상자 번호가 보이게 사진을 찍는다.
- 안쪽 포장과 내용물을 하나씩 꺼내 목록과 대조한다.
- 포장 상태가 이상하면 확인이 끝날 때까지 포장재를 버리지 않는다.",manual,documents-v2-manual-train-054,original-synthetic:synthetic-ko-v2.0
documents-v2-minutes-train-002-v1,현장 안내 인력이 입구에 몰려 안쪽 질문 대응이 늦었다는 보고가 있었습니다. 입구 인원 한 명을 전시장 안쪽으로 옮기는 데 합의했습니다. 전체 인원을 늘리는 안은 이번에 결정하지 않았습니다.,minutes,documents-v2-minutes-train-002,original-synthetic:synthetic-ko-v2.0
documents-v2-manual-train-013-v1,공동 원고를 교정할 때에는 수정할 구절 옆에 이유를 적는다. 날짜나 이름은 근거 자료와 대조한 뒤 바꾼다. 뜻이 달라질 수 있는 문장은 작성자의 확인 전까지 확정하지 않는다.,manual,documents-v2-manual-train-013,original-synthetic:synthetic-ko-v2.0
documents-v2-manual-train-017-v2,"품목 교환 기록
나눔 물품을 교환할 때에는 받은 물품과 내놓은 물품을 서로 다른 칸에 적습니다. 교환이 이루어진 뒤에만 완료 표시를 합니다. 가져가기만 한 물품은 교환 건수와 구분해 기록합니다.",manual,documents-v2-manual-train-017,original-synthetic:synthetic-ko-v2.0
documents-v2-minutes-train-036-v2,연간 소식지에 소개할 활동을 선정하는 기준을 의논했다. 참여 인원이 많았던 활동뿐 아니라 새 방식의 시도도 포함하기로 했다. 추천 건수는 부서별로 같게 제한하지 않기로 했다.,minutes,documents-v2-minutes-train-036,original-synthetic:synthetic-ko-v2.0
documents-v2-announcement-train-037-v1,이달의 짧은 영상 상영은 마지막 금요일 저녁에 진행한다. 두 작품 사이에 15분 쉬는 시간을 둔다. 두 번째 작품만 볼 참가자도 같은 신청 양식을 사용한다.,announcement,documents-v2-announcement-train-037,original-synthetic:synthetic-ko-v2.0
documents-v2-manual-train-031-v1,"악보 넘김 표시
- 공동 연습 악보를 준비할 때에는 실제 연주 순서의 쪽 번호를 확인한다.
- 반복 구간의 돌아갈 쪽을 여백에 적는다.
- 원곡에 없는 반복을 임의로 추가하지 않고 지휘자의 확인을 받는다.",manual,documents-v2-manual-train-031,original-synthetic:synthetic-ko-v2.0
documents-v2-minutes-train-037-v2,"이동 장비 목록
이동 행사 준비에서 작은 어댑터가 자주 빠진다는 보고를 확인했습니다. 본체와 연결 부품을 한 묶음으로 목록화하기로 했습니다. 운영 담당이 다음 출발 전에 묶음별 확인표를 시험하기로 했습니다.",minutes,documents-v2-minutes-train-037,original-synthetic:synthetic-ko-v2.0
documents-v2-announcement-train-028-v1,"- 11월 생활 체육 프로그램은 운동장 대신 별관 체육관에서 진행합니다.
- 실내 운동화를 준비하며 집합 시각은 신청 안내와 같습니다.
- 실외 도구는 이번 회차에서 사용하지 않습니다.",announcement,documents-v2-announcement-train-028,original-synthetic:synthetic-ko-v2.0
documents-v2-manual-train-059-v1,"새 안내문 비교
- 수정 안내문을 배부하기 전에는 이전 판과 바뀐 부분을 표시한다.
- 날짜와 행동 조건을 우선 대조한다.
- 단순 서식 변경인지 내용 변경인지 구분해 이용자에게 알린다.",manual,documents-v2-manual-train-059,original-synthetic:synthetic-ko-v2.0
documents-v2-manual-train-011-v2,공동 행사 연락 업무를 넘길 때에는 아직 답하지 않은 요청부터 표시합니다. 새 담당자에게 답변 기한과 관련 문서를 함께 전달합니다. 이미 종료된 건을 다시 요청하지 않도록 완료 상태도 남깁니다.,manual,documents-v2-manual-train-011,original-synthetic:synthetic-ko-v2.0
documents-v2-manual-train-053-v2,"도구 보관 방향
날이 있는 공예 도구를 넣을 때에는 보호 덮개가 있는지 먼저 확인합니다. 날이 통로 쪽을 향하지 않게 지정된 칸에 둡니다. 덮개가 없으면 일반 도구와 섞지 않고 담당자에게 알립니다.",manual,documents-v2-manual-train-053,original-synthetic:synthetic-ko-v2.0
documents-v2-minutes-train-041-v1,당일 처음 만난 보조자에게 역할 설명이 부족했다는 의견을 들었다. 다음 행사 전에는 짧은 역할 연습을 별도로 진행하기로 했다. 참석이 어려운 사람의 대체 안내 방식은 추가로 정하기로 했다.,minutes,documents-v2-minutes-train-041,original-synthetic:synthetic-ko-v2.0
documents-v2-announcement-train-029-v1,외부에서 보내온 수상 증서의 수령 창구를 이번 주에 한해 운영한다. 대리 수령은 사전에 등록된 사람에게만 허용한다. 창구 운영 이후의 보관 장소는 아직 정하지 않았다.,announcement,documents-v2-announcement-train-029,original-synthetic:synthetic-ko-v2.0
documents-v2-announcement-train-020-v1,"- 장기 자전거 보관 이용자는 11월 15일까지 이용 의사를 갱신합니다.
- 갱신하지 않은 자리의 처리는 소유자에게 연락한 뒤 결정합니다.
- 기한이 지났다고 자전거를 바로 폐기하지 않습니다.",announcement,documents-v2-announcement-train-020,original-synthetic:synthetic-ko-v2.0
documents-v2-announcement-train-028-v2,11월 생활 체육 프로그램은 운동장 대신 별관 체육관에서 진행한다. 실내 운동화를 준비하며 집합 시각은 신청 안내와 같다. 실외 도구는 이번 회차에서 사용하지 않는다.,announcement,documents-v2-announcement-train-028,original-synthetic:synthetic-ko-v2.0
documents-v2-manual-train-009-v2,"경로 안내 점검
방문 동선을 점검하려면 시작 지점에서 실제 방문자가 보는 방향으로 걸어갑니다. 다음 표식이 보이지 않는 갈림길을 표시합니다. 표식을 추가한 뒤 같은 경로를 다시 걸어 확인합니다.",manual,documents-v2-manual-train-009,original-synthetic:synthetic-ko-v2.0
documents-v2-minutes-train-027-v2,관찰 활동이 정답 맞히기로 흐른다는 진행자의 의견을 들었습니다. 서로 다른 관찰을 비교하는 시간을 늘리기로 했습니다. 관찰 결과가 다르다는 이유만으로 오류로 표시하지 않기로 했습니다.,minutes,documents-v2-minutes-train-027,original-synthetic:synthetic-ko-v2.0
documents-v2-announcement-train-045-v2,"배터리 반납함
충전식 교구 배터리를 반납할 작은 함을 각 층 안내대에 설치합니다. 물이 묻거나 부푼 배터리는 함에 넣지 않고 담당자에게 직접 알립니다. 일반 건전지 수거함은 기존 위치를 유지합니다.",announcement,documents-v2-announcement-train-045,original-synthetic:synthetic-ko-v2.0
documents-v2-minutes-train-055-v2,초보 진행자에게 모든 참고 자료를 한꺼번에 주는 방식을 돌아봤습니다. 첫 회차 준비에 필요한 자료와 심화 자료를 나누기로 했습니다. 자료를 나누더라도 원래 출처 목록은 유지하기로 했습니다.,minutes,documents-v2-minutes-train-055,original-synthetic:synthetic-ko-v2.0
documents-v2-manual-train-047-v1,"설명 카드 보완
- 설명 카드를 읽고 질문이 반복되면 질문이 생긴 문장을 표시한다.
- 참가자가 이해한 뜻을 먼저 듣고 표현을 고친다.
- 수정한 카드로 다시 활동해 같은 질문이 생기는지 확인한다.",manual,documents-v2-manual-train-047,original-synthetic:synthetic-ko-v2.0
documents-v2-minutes-train-050-v1,야외 관찰의 진행 여부를 담당자마다 다르게 안내한 사례를 검토했습니다. 최종 판단 담당 한 명과 공지 시점을 정하기로 했습니다. 구체적인 중단 기준은 시설 담당의 의견을 더 듣기로 했습니다.,minutes,documents-v2-minutes-train-050,original-synthetic:synthetic-ko-v2.0
documents-v2-manual-train-058-v2,"- 여러 파일로 나뉜 녹음을 잇기 전에는 파일의 녹음 시각과 끝부분을 비교한다.
- 겹치는 구간이 있으면 한 사본에서만 정리한다.
- 결합한 파일에서 이어지는 말이 끊기지 않는지 듣는다.",manual,documents-v2-manual-train-058,original-synthetic:synthetic-ko-v2.0
documents-v2-minutes-train-016-v1,"- 외부 진행자의 준비 공간이 접수 동선과 겹친다는 점을 확인했습니다.
- 다음 행사에서는 작은 작업실을 대기 공간으로 쓰기로 했습니다.
- 상시 전용 공간으로 바꾸는 것은 이번 결정에 포함하지 않았습니다.",minutes,documents-v2-minutes-train-016,original-synthetic:synthetic-ko-v2.0
documents-v2-minutes-train-006-v2,"- 행사 안내 문자가 길어 준비물 부분을 놓친다는 보고를 확인했다.
- 준비물과 집합 장소를 앞부분에 두는 안을 채택했다.
- 안내 내용 자체를 삭제하는 방안은 선택하지 않았다.",minutes,documents-v2-minutes-train-006,original-synthetic:synthetic-ko-v2.0
documents-v2-manual-train-060-v1,"- 활동을 마칠 때에는 참가자가 만든 물품과 공용 도구를 먼저 구분합니다.
- 개인 물품의 주인이 확인된 뒤 작업대를 정리합니다.
- 주인을 모르는 결과물은 일반 폐기물에 섞지 않습니다.",manual,documents-v2-manual-train-060,original-synthetic:synthetic-ko-v2.0
documents-v2-announcement-train-033-v1,현장 답사 차량의 첫 탑승 장소를 동문 정류장으로 정했다. 출발 10분 전까지 탑승 확인을 마친다. 중간 합류 신청자는 기존에 안내받은 정류장을 이용한다.,announcement,documents-v2-announcement-train-033,original-synthetic:synthetic-ko-v2.0
documents-v2-minutes-train-036-v1,"- 연간 소식지에 소개할 활동을 선정하는 기준을 논의했습니다.
- 참여 인원이 많았던 활동뿐 아니라 새 방식의 시도도 포함하기로 했습니다.
- 추천 건수는 부서별로 같게 제한하지 않기로 했습니다.",minutes,documents-v2-minutes-train-036,original-synthetic:synthetic-ko-v2.0
documents-v2-minutes-train-048-v2,참가팀마다 준비물 구입 부담이 다르다는 의견을 나눴다. 기본 재료는 공동으로 제공하고 선택 장식은 각 팀이 정하기로 했다. 선택 장식을 쓰지 않았다고 평가에서 불리하게 보지 않기로 했다.,minutes,documents-v2-minutes-train-048,original-synthetic:synthetic-ko-v2.0
documents-v2-minutes-train-012-v2,장시간 행사에서 기록 담당의 피로가 누적된다는 보고를 받았다. 쉬는 시간마다 담당을 교대하는 데 동의했다. 기록 양식은 바꾸지 않고 교대 시각만 남기기로 했다.,minutes,documents-v2-minutes-train-012,original-synthetic:synthetic-ko-v2.0
documents-v2-manual-train-023-v1,"사진 인화 여백
- 사진을 인화할 때에는 화면의 잘림 영역을 먼저 확인한다.
- 얼굴이나 표지가 경계에 걸리면 여백을 남기는 옵션을 선택한다.
- 시험 인화 한 장을 보고 같은 설정을 나머지 사진에 적용한다.",manual,documents-v2-manual-train-023,original-synthetic:synthetic-ko-v2.0
documents-v2-minutes-train-015-v2,기록 사진의 원본을 모두 공개할 필요가 있는지 의논했습니다. 공개본은 화면 열람용으로 만들고 원본은 지정된 보관 장소에 두기로 했습니다. 원본 요청을 받을 담당자는 아직 정하지 않았습니다.,minutes,documents-v2-minutes-train-015,original-synthetic:synthetic-ko-v2.0
documents-v2-minutes-train-033-v2,"초대 손님 명단
협력처가 보낸 방문 명단의 공개 범위를 살펴봤습니다. 안내 담당에게 필요한 이름과 도착 시간만 전달하기로 했습니다. 개인 연락처는 전체 진행자 목록에 넣지 않기로 했습니다.",minutes,documents-v2-minutes-train-033,original-synthetic:synthetic-ko-v2.0
documents-v2-manual-train-024-v2,행사용 식수 물통을 넘길 때에는 남은 양과 사용 시작 시각을 인계표에 적는다. 새 담당자가 기록을 읽은 뒤 인수를 표시한다. 내용물을 확인하지 못한 물통은 새 물통과 섞지 않는다.,manual,documents-v2-manual-train-024,original-synthetic:synthetic-ko-v2.0
documents-v2-announcement-train-018-v1,가을 행사에 사용할 배경음 제안을 이번 주 동안 받습니다. 사용 허락을 확인할 수 있는 음원만 제출할 수 있습니다. 선정 여부와 재생 순서는 다음 주에 안내합니다.,announcement,documents-v2-announcement-train-018,original-synthetic:synthetic-ko-v2.0
documents-v2-announcement-train-019-v2,물품 창고의 아래 두 칸을 반출 대기 물품 전용으로 지정합니다. 새로 입고되는 물품은 위쪽 입고 구역에 둡니다. 통로 바닥에 보관한 물품은 오늘 퇴실 전에 선반으로 옮깁니다.,announcement,documents-v2-announcement-train-019,original-synthetic:synthetic-ko-v2.0
documents-v2-manual-train-033-v2,"배부 부수 확인
안내 책자를 배부할 때에는 가져간 부수를 묶음별로 기록합니다. 단순히 펼쳐 본 책자는 배부 수량에 넣지 않습니다. 운영이 끝나면 남은 부수와 기록을 대조합니다.",manual,documents-v2-manual-train-033,original-synthetic:synthetic-ko-v2.0
documents-v2-manual-train-005-v1,행사 바닥 표식을 떼기 전에 한쪽 모서리가 손으로 분리되는지 확인한다. 표면이 함께 들리면 작업을 멈추고 시설 담당에게 알린다. 떨어진 표식 조각은 통행 구역에 남기지 않는다.,manual,documents-v2-manual-train-005,original-synthetic:synthetic-ko-v2.0
documents-v2-announcement-train-055-v2,공용 발표 리모컨의 분실을 줄이기 위해 이번 주부터 대여표를 사용합니다. 리모컨은 강의실 밖으로 가져가지 않습니다. 기존에 개인이 구입한 장비에는 적용하지 않습니다.,announcement,documents-v2-announcement-train-055,original-synthetic:synthetic-ko-v2.0
documents-v2-announcement-train-048-v2,새 측정 장비 설명회는 장비 관리 담당자를 우선 대상으로 한다. 남는 자리는 일반 이용자에게 개방한다. 설명회 참여만으로 위험 작업의 이용 자격이 부여되지는 않는다.,announcement,documents-v2-announcement-train-048,original-synthetic:synthetic-ko-v2.0
documents-v2-minutes-train-042-v2,"- 반복 참여자가 초보자의 작업을 대신하는 사례를 살펴봤다.
- 경험자는 답을 대신 만들기보다 질문을 받아 주도록 안내하기로 했다.
- 보조 역할의 참여는 본인이 원할 때만 맡기기로 했다.",minutes,documents-v2-minutes-train-042,original-synthetic:synthetic-ko-v2.0
documents-v2-minutes-train-018-v2,"- 발표를 어려워하는 참가자의 참여 방식을 살펴봤다.
- 말하기 외에 카드로 의견을 제출하는 방식도 인정하기로 했다.
- 카드 작성 시간을 활동 종료 전에 확보하기로 했다.",minutes,documents-v2-minutes-train-018,original-synthetic:synthetic-ko-v2.0
documents-v2-announcement-train-025-v2,"지역 지도 배포
새로 제작한 동네 산책 지도를 안내실에서 배포합니다. 공사 중인 구간은 지도에 따로 표시했습니다. 지도에 없는 우회 경로의 이용 가능 여부는 현장 안내를 확인합니다.",announcement,documents-v2-announcement-train-025,original-synthetic:synthetic-ko-v2.0
documents-v2-minutes-train-038-v2,"- 활동 중 도움을 요청하는 목소리가 겹친다는 의견이 있었다.
- 질문이 있는 작업대가 표식을 세우는 방식에 합의했다.
- 표식 색상과 형태는 작은 시험 뒤 정하기로 했다.",minutes,documents-v2-minutes-train-038,original-synthetic:synthetic-ko-v2.0
documents-v2-minutes-train-019-v1,"소품 폐기 기준
- 오래된 공연 소품의 보관 여부를 검토했다.
- 겉모양만으로 버리지 않고 재사용 가능한 기능부터 점검하기로 했다.
- 폐기 목록은 점검 결과를 본 뒤 별도로 승인받기로 했다.",minutes,documents-v2-minutes-train-019,original-synthetic:synthetic-ko-v2.0
documents-v2-announcement-train-055-v1,"무선 리모컨 사용
- 공용 발표 리모컨의 분실을 줄이기 위해 이번 주부터 대여표를 사용한다.
- 리모컨은 강의실 밖으로 가져가지 않는다.
- 기존에 개인이 구입한 장비에는 적용하지 않는다.",announcement,documents-v2-announcement-train-055,original-synthetic:synthetic-ko-v2.0
documents-v2-manual-train-011-v1,"연락 담당 인계
- 공동 행사 연락 업무를 넘길 때에는 아직 답하지 않은 요청부터 표시한다.
- 새 담당자에게 답변 기한과 관련 문서를 함께 전달한다.
- 이미 종료된 건을 다시 요청하지 않도록 완료 상태도 남긴다.",manual,documents-v2-manual-train-011,original-synthetic:synthetic-ko-v2.0
documents-v2-announcement-train-043-v2,지역 교류 활동의 안내문을 세 언어로 추가 제공합니다. 번역본은 내일부터 참가자 자료함에서 받을 수 있습니다. 신청 내용의 변경은 안내문을 받는 것과 따로 접수합니다.,announcement,documents-v2-announcement-train-043,original-synthetic:synthetic-ko-v2.0
documents-v2-manual-train-029-v2,"임시 표지 제작
임시 안내 표지를 만들 때에는 전달할 행동을 한 문장으로 적습니다. 화살표는 실제 이동 방향과 대조해 붙입니다. 표지 설치 뒤 반대 방향에서 보아도 뜻이 달라지지 않는지 확인합니다.",manual,documents-v2-manual-train-029,original-synthetic:synthetic-ko-v2.0
documents-v2-minutes-train-002-v2,"- 현장 안내 인력이 입구에 몰려 안쪽 질문 대응이 늦었다는 보고를 받았다.
- 입구 인원 한 명을 전시장 안쪽으로 옮기는 데 합의했다.
- 전체 인원을 늘리는 안은 이번에 결정하지 않았다.",minutes,documents-v2-minutes-train-002,original-synthetic:synthetic-ko-v2.0
documents-v2-minutes-train-040-v2,체험 대기자가 진행 시간을 몰라 줄을 떠나는 상황을 의논했다. 예상 시작 시각보다 현재 진행 단계부터 안내하기로 했다. 실제 지연을 측정하기 전에는 일정한 대기 시간을 보장하지 않기로 했다.,minutes,documents-v2-minutes-train-040,original-synthetic:synthetic-ko-v2.0
documents-v2-announcement-train-045-v1,충전식 교구 배터리를 반납할 작은 함을 각 층 안내대에 설치한다. 물이 묻거나 부푼 배터리는 함에 넣지 않고 담당자에게 직접 알린다. 일반 건전지 수거함은 기존 위치를 유지한다.,announcement,documents-v2-announcement-train-045,original-synthetic:synthetic-ko-v2.0
documents-v2-announcement-train-004-v1,"- 제작 동아리의 남은 재료를 교환하는 장터를 토요일 로비에서 엽니다.
- 가공하지 않은 목재와 천만 받으며 전기 부품은 받지 않습니다.
- 교환하지 못한 재료는 참가자가 당일 가져갑니다.",announcement,documents-v2-announcement-train-004,original-synthetic:synthetic-ko-v2.0
documents-v2-announcement-train-023-v1,"질문 카드 수거
- 이번 공개 대화에서는 종이 질문 카드를 입장할 때 배부한다.
- 질문 수거는 첫 발표가 끝날 때까지 진행한다.
- 개인 상담이 필요한 내용은 공개 답변 대신 별도 접수 방법을 안내한다.",announcement,documents-v2-announcement-train-023,original-synthetic:synthetic-ko-v2.0
documents-v2-manual-train-012-v1,"- 준비물 수량을 계산할 때에는 신청 건수와 실제 동반 인원을 나누어 셉니다.
- 준비물이 필요 없는 참관자는 사용 수량에서 뺍니다.
- 계산에 사용한 명단의 확정 시점을 함께 적습니다.",manual,documents-v2-manual-train-012,original-synthetic:synthetic-ko-v2.0
documents-v2-minutes-train-032-v1,"- 발표가 끝난 직후 질문이 한꺼번에 나오는 상황을 돌아봤습니다.
- 확인 질문을 먼저 받고 제안 의견을 나중에 받기로 했습니다.
- 질문 수를 일률적으로 제한하는 안은 채택하지 않았습니다.",minutes,documents-v2-minutes-train-032,original-synthetic:synthetic-ko-v2.0
documents-v2-manual-train-054-v1,빌린 전시 자료의 포장을 열 때에는 상자 번호가 보이게 사진을 찍습니다. 안쪽 포장과 내용물을 하나씩 꺼내 목록과 대조합니다. 포장 상태가 이상하면 확인이 끝날 때까지 포장재를 버리지 않습니다.,manual,documents-v2-manual-train-054,original-synthetic:synthetic-ko-v2.0
documents-v2-minutes-train-021-v1,초반 설명이 길어 실제 활동 시간이 줄어든다는 보고를 확인했다. 필수 안전 안내는 유지하고 세부 사용법은 단계별로 나누기로 했다. 다음 회차의 활동 시작 시각을 기록하기로 했다.,minutes,documents-v2-minutes-train-021,original-synthetic:synthetic-ko-v2.0
documents-v2-announcement-train-057-v2,"점심 대화 모임
다음 주 점심 대화 모임에서는 참가자가 직접 질문 주제를 고릅니다. 주제 제안은 행사 당일 입구에서 받습니다. 개인의 민감한 경험을 공개하도록 요구하는 질문은 진행하지 않습니다.",announcement,documents-v2-announcement-train-057,original-synthetic:synthetic-ko-v2.0
documents-v2-minutes-train-030-v2,"- 어린 참가자에게 긴 사용 설명이 어렵다는 의견이 나왔다.
- 먼저 해볼 행동을 그림 두 장으로 보여 주기로 했다.
- 그림만으로 전달되는지는 다음 체험에서 확인하기로 했다.",minutes,documents-v2-minutes-train-030,original-synthetic:synthetic-ko-v2.0
documents-v2-manual-train-034-v2,"- 행사 준비가 끝나면 참가자 역할을 맡은 한 명이 접수부터 퇴장까지 이동한다.
- 진행자는 길을 먼저 알려 주지 않고 막힌 지점을 기록한다.
- 점검이 끝난 뒤 그 지점의 안내만 수정한다.",manual,documents-v2-manual-train-034,original-synthetic:synthetic-ko-v2.0
documents-v2-manual-train-045-v2,"음원 끝 확인
행사용 음원을 점검할 때에는 시작 부분뿐 아니라 마지막 부분도 재생합니다. 갑자기 끊기는 지점이 있으면 원본과 대조합니다. 길이를 마음대로 늘리거나 반복하지 않고 진행 담당과 수정 범위를 정합니다.",manual,documents-v2-manual-train-045,original-synthetic:synthetic-ko-v2.0
documents-v2-manual-train-007-v1,"사전 질문 묶기
- 행사 질문을 묶을 때에는 요청하는 답이 같은 질문끼리 먼저 모은다.
- 표현이 비슷해도 서로 다른 사례를 묻는 질문은 합치지 않는다.
- 묶은 질문에는 원래 질문 번호를 남긴다.",manual,documents-v2-manual-train-007,original-synthetic:synthetic-ko-v2.0
documents-v2-manual-train-024-v1,"- 행사용 식수 물통을 넘길 때에는 남은 양과 사용 시작 시각을 인계표에 적습니다.
- 새 담당자가 기록을 읽은 뒤 인수를 표시합니다.
- 내용물을 확인하지 못한 물통은 새 물통과 섞지 않습니다.",manual,documents-v2-manual-train-024,original-synthetic:synthetic-ko-v2.0
documents-v2-minutes-train-039-v2,서로 다른 담당자의 원고가 같은 내용을 반복한다는 점을 확인했습니다. 공통 설명은 첫 부분에 모으고 사례만 각 장에 남기기로 했습니다. 작성자의 핵심 주장은 편집 전에 한 번 더 확인하기로 했습니다.,minutes,documents-v2-minutes-train-039,original-synthetic:synthetic-ko-v2.0
documents-v2-minutes-train-017-v1,물품 목록이 실제 재고와 다르다는 의견을 바탕으로 갱신 주기를 논의했다. 사용 빈도가 높은 품목은 매주 확인하기로 했다. 모든 품목을 매일 세는 제안은 인력 부담 때문에 채택하지 않았다.,minutes,documents-v2-minutes-train-017,original-synthetic:synthetic-ko-v2.0
documents-v2-announcement-train-056-v2,진행자에게 빌려준 활동 카드 세트를 이번 달에 회수한다. 카드가 일부 빠진 경우 빠진 번호를 적어 함께 반납한다. 카드의 분실을 이유로 전체 세트의 반납을 미루지 않는다.,announcement,documents-v2-announcement-train-056,original-synthetic:synthetic-ko-v2.0
documents-v2-minutes-train-049-v1,외부 방문자에게 전문 용어가 어렵다는 의견을 확인했다. 설명 첫 부분에서는 용어 정의보다 실제 예를 먼저 제시하기로 했다. 상세 설명은 원하는 방문자에게 추가로 제공하기로 했다.,minutes,documents-v2-minutes-train-049,original-synthetic:synthetic-ko-v2.0
documents-v2-announcement-train-050-v1,가족 참여 활동의 신청 단위를 개인에서 가족 묶음으로 바꿉니다. 이미 개인으로 신청한 경우 운영 담당이 동반 관계를 확인합니다. 확인 전에는 중복 신청하지 않아도 됩니다.,announcement,documents-v2-announcement-train-050,original-synthetic:synthetic-ko-v2.0
documents-v2-minutes-train-038-v1,활동 중 도움을 요청하는 목소리가 겹친다는 의견이 있었습니다. 질문이 있는 작업대가 표식을 세우는 방식에 합의했습니다. 표식 색상과 형태는 작은 시험 뒤 정하기로 했습니다.,minutes,documents-v2-minutes-train-038,original-synthetic:synthetic-ko-v2.0
documents-v2-announcement-train-058-v1,식물 관찰 활동의 결과물을 복도 전시대에 일주일 동안 전시합니다. 이름 공개를 원하지 않는 참가자는 별칭으로 표시할 수 있습니다. 전시가 끝난 결과물은 본인에게 돌려줍니다.,announcement,documents-v2-announcement-train-058,original-synthetic:synthetic-ko-v2.0
documents-v2-announcement-train-010-v1,동네 소리를 활용한 창작 자료를 이달 말까지 모집합니다. 제출물에는 녹음 장소와 활용 허락 여부를 적습니다. 공개 허락이 없는 음성은 심사 자료에 포함하지 않습니다.,announcement,documents-v2-announcement-train-010,original-synthetic:synthetic-ko-v2.0
documents-v2-announcement-train-007-v1,"청년 교류 좌석
- 청년 교류 행사에서 혼자 신청한 참가자를 위한 대화 좌석을 마련한다.
- 현장 안내표의 열린 좌석만 이용할 수 있다.
- 사전 신청한 소모임 좌석은 기존 배정을 유지한다.",announcement,documents-v2-announcement-train-007,original-synthetic:synthetic-ko-v2.0
documents-v2-manual-train-060-v2,활동을 마칠 때에는 참가자가 만든 물품과 공용 도구를 먼저 구분한다. 개인 물품의 주인이 확인된 뒤 작업대를 정리한다. 주인을 모르는 결과물은 일반 폐기물에 섞지 않는다.,manual,documents-v2-manual-train-060,original-synthetic:synthetic-ko-v2.0
documents-v2-minutes-train-053-v1,공동 제작물에 대표 한 명의 이름만 표시된 문제를 검토했다. 참여자가 원하는 표기 방식을 확인한 뒤 공동 명단을 넣기로 했다. 공개를 원하지 않는 이름은 제외하기로 했다.,minutes,documents-v2-minutes-train-053,original-synthetic:synthetic-ko-v2.0
documents-v2-announcement-train-014-v1,이동식 칠판 네 대를 복도에서 각 층 회의 구역으로 옮깁니다. 이용 후에는 칠판의 위치 표시에 맞춰 돌려놓습니다. 다른 층으로 이동하려면 관리 담당에게 먼저 알립니다.,announcement,documents-v2-announcement-train-014,original-synthetic:synthetic-ko-v2.0
documents-v2-manual-train-044-v2,행사 전 불참 통보를 받으면 신청자 번호로 해당 건을 찾는다. 동반인도 함께 불참하는지 확인한 뒤 준비 수량을 고친다. 대표 한 명의 불참만으로 동반인 전원을 취소하지 않는다.,manual,documents-v2-manual-train-044,original-synthetic:synthetic-ko-v2.0
documents-v2-announcement-train-041-v2,"공용 타이머 교체
토론실의 공용 타이머를 진동 기능이 있는 제품으로 교체했습니다. 사용법 카드는 각 기기 옆에 비치했습니다. 교체한 제품은 건물 밖으로 대여하지 않습니다.",announcement,documents-v2-announcement-train-041,original-synthetic:synthetic-ko-v2.0
documents-v2-minutes-train-054-v2,"- 새 협력 공간을 사용할 수 있는지 검토하며 실내 이동 폭을 확인할 필요가 제기되었다.
- 운영 담당이 실제 준비물을 들고 답사하기로 했다.
- 답사 전에는 장소 계약을 확정하지 않기로 했다.",minutes,documents-v2-minutes-train-054,original-synthetic:synthetic-ko-v2.0
documents-v2-minutes-train-031-v1,"작업대 공용 도구
- 공용 도구가 한 작업대에 쌓이는 문제를 검토했다.
- 자주 쓰는 도구의 기본 수량을 작업대마다 나누기로 했다.
- 추가 구입은 분산 배치 뒤 부족한 수량을 보고 결정하기로 했다.",minutes,documents-v2-minutes-train-031,original-synthetic:synthetic-ko-v2.0
documents-v2-manual-train-021-v2,"표본 이동 기록
관찰 표본을 다른 상자로 옮길 때에는 원래 상자와 새 상자의 번호를 적습니다. 표본의 이름표를 먼저 확인한 뒤 하나씩 옮깁니다. 이동을 마치면 비어 있는 옛 상자에도 이동 완료를 표시합니다.",manual,documents-v2-manual-train-021,original-synthetic:synthetic-ko-v2.0
documents-v2-minutes-train-001-v2,"여러 재료 체험
참석자들은 한 활동에서 재료를 너무 많이 바꾼다는 의견을 살펴봤습니다. 다음 회차에는 기본 재료 두 종류만 사용하고 선택 재료는 마지막에 소개하기로 했습니다. 효과는 회차가 끝난 뒤 다시 살피기로 했습니다.",minutes,documents-v2-minutes-train-001,original-synthetic:synthetic-ko-v2.0
documents-v2-minutes-train-054-v1,새 협력 공간을 사용할 수 있는지 검토하며 실내 이동 폭을 확인할 필요가 제기되었습니다. 운영 담당이 실제 준비물을 들고 답사하기로 했습니다. 답사 전에는 장소 계약을 확정하지 않기로 했습니다.,minutes,documents-v2-minutes-train-054,original-synthetic:synthetic-ko-v2.0
documents-v2-announcement-train-012-v2,이번 달 로봇 체험에 보호자 동반 회차를 한 번 추가한다. 새 회차는 11월 9일 오전이며 기존 신청자는 다시 신청하지 않아도 된다. 대상 연령과 정원은 종전 기준을 유지한다.,announcement,documents-v2-announcement-train-012,original-synthetic:synthetic-ko-v2.0
documents-v2-announcement-train-034-v1,로비 게시판에서 지난달 종료된 행사 포스터를 이번 주에 정리합니다. 진행 중인 행사와 기간이 없는 상시 안내는 그대로 둡니다. 보관이 필요한 포스터는 수요일까지 운영실에 알립니다.,announcement,documents-v2-announcement-train-034,original-synthetic:synthetic-ko-v2.0
documents-v2-announcement-train-017-v2,"장비 점검 표식
이번 달부터 점검이 끝난 공용 장비에 초록색 점검표를 붙입니다. 표가 없는 장비는 확인이 끝날 때까지 대여하지 않습니다. 기존 예약자에게는 대체 장비 가능 여부를 따로 안내합니다.",announcement,documents-v2-announcement-train-017,original-synthetic:synthetic-ko-v2.0
documents-v2-announcement-train-042-v1,공작실의 개인 재료 보관 기간을 다음 기수부터 네 주로 정합니다. 현재 보관 중인 재료에는 기존 기간을 적용합니다. 연장이 필요한 경우 만료 전에 보관 가능 여부를 확인합니다.,announcement,documents-v2-announcement-train-042,original-synthetic:synthetic-ko-v2.0
documents-v2-announcement-train-021-v1,전자 악기 체험 시간을 수요일 점심에 새로 운영한다. 헤드폰을 사용하는 개인 체험만 가능하며 합주 예약은 받지 않는다. 별도 악기 사용 경험이 없어도 참여할 수 있다.,announcement,documents-v2-announcement-train-021,original-synthetic:synthetic-ko-v2.0
documents-v2-minutes-train-020-v2,협력 기관에 보낼 행사 결과의 범위를 의논했다. 참가 인원과 주요 활동은 공유하되 개인의 상담 내용은 제외하기로 했다. 공유 문안은 각 담당이 자신의 부분을 확인하기로 했다.,minutes,documents-v2-minutes-train-020,original-synthetic:synthetic-ko-v2.0
documents-v2-minutes-train-042-v1,반복 참여자가 초보자의 작업을 대신하는 사례를 검토했습니다. 경험자는 답을 대신 만들기보다 질문을 받아 주도록 안내하기로 했습니다. 보조 역할의 참여는 본인이 원할 때만 맡기기로 했습니다.,minutes,documents-v2-minutes-train-042,original-synthetic:synthetic-ko-v2.0
documents-v2-manual-train-002-v1,책자를 제본하기 전에는 표지와 본문의 방향을 나란히 놓고 확인합니다. 한 부만 시험 제본해 가운데 쪽이 빠지지 않았는지 펼쳐 봅니다. 순서가 맞을 때 남은 부수를 같은 설정으로 만듭니다.,manual,documents-v2-manual-train-002,original-synthetic:synthetic-ko-v2.0
documents-v2-announcement-train-012-v1,"- 이번 달 로봇 체험에 보호자 동반 회차를 한 번 추가합니다.
- 새 회차는 11월 9일 오전이며 기존 신청자는 다시 신청하지 않아도 됩니다.
- 대상 연령과 정원은 종전 기준을 유지합니다.",announcement,documents-v2-announcement-train-012,original-synthetic:synthetic-ko-v2.0
documents-v2-manual-train-018-v2,"- 낯선 도구를 찾을 때에는 사진보다 먼저 목록의 용도 설명을 읽는다.
- 비슷한 모양의 도구가 여러 개면 번호를 대조한다.
- 용도를 알 수 없는 도구는 직접 작동해 보지 않고 관리 담당에게 확인한다.",manual,documents-v2-manual-train-018,original-synthetic:synthetic-ko-v2.0
documents-v2-minutes-train-050-v2,"- 야외 관찰의 진행 여부를 담당자마다 다르게 안내한 사례를 살펴봤다.
- 최종 판단 담당 한 명과 공지 시점을 정하기로 했다.
- 구체적인 중단 기준은 시설 담당의 의견을 더 듣기로 했다.",minutes,documents-v2-minutes-train-050,original-synthetic:synthetic-ko-v2.0
documents-v2-announcement-train-013-v1,포스터 제작팀에 대형 용지를 팀당 세 장씩 제공한다. 배부는 목요일 오후 공작실에서 진행한다. 추가 용지는 잔여 수량을 확인한 뒤 금요일에 신청받는다.,announcement,documents-v2-announcement-train-013,original-synthetic:synthetic-ko-v2.0
documents-v2-minutes-train-004-v1,"- 새 소모임을 경험 수준으로 나눌지 관심 주제로 나눌지 의견이 갈렸습니다.
- 먼저 관심 주제로 모인 뒤 필요한 기초 도움을 제공하기로 했습니다.
- 경험별 분반은 추가 신청을 본 뒤 다시 검토하기로 했습니다.",minutes,documents-v2-minutes-train-004,original-synthetic:synthetic-ko-v2.0
documents-v2-announcement-train-060-v1,"- 지역 협력처를 소개하는 자리를 다음 달 첫 토요일에 엽니다.
- 참가자는 현장 상담과 설명 청취 중 원하는 방식으로 신청합니다.
- 설명을 들었다고 협력 신청이 자동 제출되지는 않습니다.",announcement,documents-v2-announcement-train-060,original-synthetic:synthetic-ko-v2.0
documents-v2-minutes-train-009-v1,공개 대화에서 진행자가 질문 수거와 답변 진행을 함께 맡기 어렵다는 의견이 있었다. 질문 정리를 별도 보조자가 맡기로 합의했다. 다음 행사에서는 두 역할의 인계 지점도 기록하기로 했다.,minutes,documents-v2-minutes-train-009,original-synthetic:synthetic-ko-v2.0
documents-v2-minutes-train-011-v2,제작팀은 잘 휘어지는 새 판재의 도입을 살펴봤습니다. 완성품을 모두 바꾸기 전에 작은 시편으로 접합 강도를 확인하기로 했습니다. 재료 구입 수량은 시편 결과가 나온 뒤 정하기로 했습니다.,minutes,documents-v2-minutes-train-011,original-synthetic:synthetic-ko-v2.0
documents-v2-minutes-train-006-v1,행사 안내 문자가 길어 준비물 부분을 놓친다는 보고를 확인했습니다. 준비물과 집합 장소를 앞부분에 두는 안을 채택했습니다. 안내 내용 자체를 삭제하는 방안은 채택하지 않았습니다.,minutes,documents-v2-minutes-train-006,original-synthetic:synthetic-ko-v2.0
documents-v2-announcement-train-014-v2,"- 이동식 칠판 네 대를 복도에서 각 층 회의 구역으로 옮긴다.
- 이용 후에는 칠판의 위치 표시에 맞춰 돌려놓는다.
- 다른 층으로 이동하려면 관리 담당에게 먼저 알린다.",announcement,documents-v2-announcement-train-014,original-synthetic:synthetic-ko-v2.0
documents-v2-minutes-train-003-v1,"기록집 사진 비중
- 기록집에서 사진이 설명보다 많아 활동 의도가 보이지 않는다는 의견이 나왔다.
- 사진 수를 일괄 줄이지 않고 각 활동의 목적 문장을 추가하기로 했다.
- 편집 담당이 다음 초안에 반영하기로 했다.",minutes,documents-v2-minutes-train-003,original-synthetic:synthetic-ko-v2.0
documents-v2-minutes-train-023-v1,"공동 작업 평가
- 공동 결과물의 외관만으로 활동을 평가하는 문제를 논의했다.
- 역할 조정과 도움 요청의 과정도 기록하기로 했다.
- 점수 비중은 정하지 않고 우선 기록 항목을 시험하기로 했다.",minutes,documents-v2-minutes-train-023,original-synthetic:synthetic-ko-v2.0
documents-v2-announcement-train-043-v1,"활동 안내 번역
- 지역 교류 활동의 안내문을 세 언어로 추가 제공한다.
- 번역본은 내일부터 참가자 자료함에서 받을 수 있다.
- 신청 내용의 변경은 안내문을 받는 것과 별도로 접수한다.",announcement,documents-v2-announcement-train-043,original-synthetic:synthetic-ko-v2.0
documents-v2-manual-train-015-v2,물감을 나눠 담을 때에는 원래 용기의 색상 번호를 먼저 적어 둡니다. 작은 용기에 옮긴 뒤 같은 번호와 소분 날짜를 붙입니다. 다른 물감이 섞인 용기에는 원래 번호만 단독으로 붙이지 않습니다.,manual,documents-v2-manual-train-015,original-synthetic:synthetic-ko-v2.0
documents-v2-announcement-train-044-v1,"- 기상 상황에 대비해 야외 관찰 활동의 예비일을 11월 22일로 정했습니다.
- 실제 연기 여부는 활동 전날 오후에 안내합니다.
- 예비일을 정했다고 원래 일정이 취소된 것은 아닙니다.",announcement,documents-v2-announcement-train-044,original-synthetic:synthetic-ko-v2.0
documents-v2-manual-train-017-v1,나눔 물품을 교환할 때에는 받은 물품과 내놓은 물품을 서로 다른 칸에 적는다. 교환이 이루어진 뒤에만 완료 표시를 한다. 가져가기만 한 물품은 교환 건수와 구분해 기록한다.,manual,documents-v2-manual-train-017,original-synthetic:synthetic-ko-v2.0
basic-6871b1997607b4ba1b35,어린이 체험관에 낮은 높이의 접수대를 마련했습니다. 보호자 없이도 직원에게 이용 안내를 받을 수 있습니다.,announcement,basic-case-6871b1997607b4ba1b35,team-added-synthetic:basic-independent-v2
basic-6ac157bc7f82a7201c54,복지관 점심 배식 장소를 지하 식당으로 변경합니다. 이동이 어려운 분은 직원에게 도움을 요청해 주세요.,announcement,basic-case-6ac157bc7f82a7201c54,team-added-synthetic:basic-independent-v2
basic-7cd80b01bf7edb1881e4,문화 행사팀은 홍보물의 날짜 오류를 확인했다. 배포 전 최종 검수 담당자를 지정했다.,minutes,basic-case-7cd80b01bf7edb1881e4,team-added-synthetic:basic-independent-v2
basic-ee87459029678eb2845d,봉사팀은 담당자가 바뀌면 미완료 업무를 문서로 전달하기로 했다. 공통 인계 양식을 만든다.,minutes,basic-case-ee87459029678eb2845d,team-added-synthetic:basic-independent-v2
basic-647adfb4909c7ce61ba8,연극 모임은 소품 정리 위치를 장면별로 나누기로 했다. 무대 담당이 배치도를 만든다.,minutes,basic-case-647adfb4909c7ce61ba8,team-added-synthetic:basic-independent-v2
basic-97df8d05ffb40d0a6b15,야외 전시의 일부 작품은 일몰 전에 관람을 마쳐야 합니다. 관람 가능한 구역을 현장 지도에서 확인해 주세요.,announcement,basic-case-97df8d05ffb40d0a6b15,team-added-synthetic:basic-independent-v2
basic-4b36e547747d5eda8bf9,빔 화면을 내릴 때 아래 공간을 비웁니다. 걸림이 느껴지면 당기지 말고 장치를 점검합니다.,manual,basic-case-4b36e547747d5eda8bf9,team-added-synthetic:basic-independent-v2
basic-3381ebe6f2bc0433827b,동네 공방의 가족 체험반은 이번 달 신청이 마감됐습니다. 추가 회차가 생기면 다시 안내합니다.,announcement,basic-case-3381ebe6f2bc0433827b,team-added-synthetic:basic-independent-v2
basic-1225ae4f931243fe1066,문화관 로비의 유실물은 금요일까지 안내실에서 확인할 수 있습니다. 본인 물건을 구별할 정보를 준비해 주세요.,announcement,basic-case-1225ae4f931243fe1066,team-added-synthetic:basic-independent-v2
basic-2d50f530c3fa38fcaa3f,체육관 출입 확인 방식이 카드 인식으로 바뀝니다. 기존 이용자는 안내 데스크에서 카드를 받을 수 있습니다.,announcement,basic-case-2d50f530c3fa38fcaa3f,team-added-synthetic:basic-independent-v2
basic-298376d3daba628cd483,문화센터 운영자는 이용자 의견함을 잘 보이는 곳으로 옮기기로 했다. 제출된 의견은 매주 모은다.,minutes,basic-case-298376d3daba628cd483,team-added-synthetic:basic-independent-v2
basic-97a4aaf9df88c8444887,야외 장기 두기 행사는 폭염으로 실내 강당에서 열립니다. 시작 시간은 변동 없습니다.,announcement,basic-case-97a4aaf9df88c8444887,team-added-synthetic:basic-independent-v2
basic-42edfda09b06f60144fe,학습 모임은 진행자를 매달 바꿔 맡기로 했다. 다음 진행자가 활동안을 준비한다.,minutes,basic-case-42edfda09b06f60144fe,team-added-synthetic:basic-independent-v2
basic-9061a34bcb467d78505f,시립 합창 공연의 관람권 배부는 금요일 오후에 시작합니다. 수령 장소는 문화관 안내실입니다.,announcement,basic-case-9061a34bcb467d78505f,team-added-synthetic:basic-independent-v2
basic-7b01c3365505888bade9,주민회관에서 전동 보조기 충전 공간을 제공합니다. 이용 전에 직원에게 연결 가능 여부를 확인해 주세요.,announcement,basic-case-7b01c3365505888bade9,team-added-synthetic:basic-independent-v2
basic-25a0034ad1ee59becc91,공용 충전기를 대여할 때 연결 규격을 확인합니다. 맞지 않는 단자를 억지로 끼우지 않습니다.,manual,basic-case-25a0034ad1ee59becc91,team-added-synthetic:basic-independent-v2
basic-c754d9ad97b16c9685b1,조별 활동 번호표는 서로 다른 색상으로 나눕니다. 색을 구별하기 어려우면 숫자도 함께 표시합니다.,manual,basic-case-c754d9ad97b16c9685b1,team-added-synthetic:basic-independent-v2
basic-8fde90a110bbee7e6876,공동 사무실의 개인 사물함 신규 신청을 받습니다. 기존 사용자의 연장 신청과 구분해 제출해 주세요.,announcement,basic-case-8fde90a110bbee7e6876,team-added-synthetic:basic-independent-v2
basic-0c557d0bd005087894fe,동아리 발표 순서를 안내 페이지에 올렸습니다. 대표자는 집결 시각을 확인해 주세요.,announcement,basic-case-0c557d0bd005087894fe,team-added-synthetic:basic-independent-v2
basic-b7edd02e978f101c8065,독서 교육팀은 어린이의 관심 분야를 조사하기로 했다. 결과를 다음 도서 선정에 참고한다.,minutes,basic-case-b7edd02e978f101c8065,team-added-synthetic:basic-independent-v2
basic-4e2284fc00c75d476de9,방문 예정 명단을 만들 때 날짜별로 정리합니다. 취소 연락이 온 신청에는 상태를 표시합니다.,manual,basic-case-4e2284fc00c75d476de9,team-added-synthetic:basic-independent-v2
basic-1fc1922039a5a0ce956f,청년 행사팀은 현장 안내의 표현을 통일하기로 했다. 참가 유형별 안내 문장을 정리한다.,minutes,basic-case-1fc1922039a5a0ce956f,team-added-synthetic:basic-independent-v2
basic-670a8585badf8e271745,공방 모임은 남은 재료를 다른 활동에 쓰기로 했다. 재료 담당이 종류와 양을 기록한다.,minutes,basic-case-670a8585badf8e271745,team-added-synthetic:basic-independent-v2
basic-7bbd5254f2069404cbb0,강연 준비팀은 질문지를 미리 받기로 했다. 사회자가 비슷한 질문을 정리한다.,minutes,basic-case-7bbd5254f2069404cbb0,team-added-synthetic:basic-independent-v2
basic-7e5ca43627b62e922bc6,자료 배부팀은 어린이 안내지를 성인 자료와 분리하기로 했다. 신청할 때 연령대별 필요 수량을 받는다.,minutes,basic-case-7e5ca43627b62e922bc6,team-added-synthetic:basic-independent-v2
basic-98a7706dba9c7f7cd259,잔여 예산을 계산할 때 이미 확정된 지출도 확인합니다. 미집행액을 사용 가능한 돈으로 바로 계산하지 않습니다.,manual,basic-case-98a7706dba9c7f7cd259,team-added-synthetic:basic-independent-v2
basic-286f908326f913565772,활동 일지를 작성할 때 진행 시간과 참여 인원을 구분합니다. 취소된 활동은 별도 표시합니다.,manual,basic-case-286f908326f913565772,team-added-synthetic:basic-independent-v2
basic-50f8050a62e92997ec61,주민 동아리실의 연장 사용 신청을 다음 주까지 접수합니다. 이전 신청 내용도 다시 확인해 주세요.,announcement,basic-case-50f8050a62e92997ec61,team-added-synthetic:basic-independent-v2
basic-1a5c305b2791d411f0be,출력용 종이는 안내된 방향으로 넣습니다. 서로 다른 크기의 종이를 같은 칸에 섞지 않습니다.,manual,basic-case-1a5c305b2791d411f0be,team-added-synthetic:basic-independent-v2
basic-7cc8bf9dfb6478450d1b,재료 구매 목록은 필요한 양과 보유량을 비교합니다. 이미 있는 재료를 중복 주문하지 않습니다.,manual,basic-case-7cc8bf9dfb6478450d1b,team-added-synthetic:basic-independent-v2
basic-dd8f10a63586fb049925,관찰 결과를 기록할 때 본 시간과 장소를 적습니다. 나중에 들은 설명은 별도 칸에 적습니다.,manual,basic-case-dd8f10a63586fb049925,team-added-synthetic:basic-independent-v2
basic-7f9bea60e57ea6618890,탐방 준비팀은 이동 시간 계산이 부족했다고 보고했다. 답사 결과로 다음 일정을 조정한다.,minutes,basic-case-7f9bea60e57ea6618890,team-added-synthetic:basic-independent-v2
basic-658f8b9656be9f7c59fc,기록팀은 인터뷰 녹음 파일이 일부 누락됐다고 보고했다. 제출 목록과 보관 파일을 대조하기로 했다.,minutes,basic-case-658f8b9656be9f7c59fc,team-added-synthetic:basic-independent-v2
basic-54bfa79f5ead0aafd580,색연필을 반납받으면 수량을 셉니다. 부족한 색은 다음 대여 전에 기록합니다.,manual,basic-case-54bfa79f5ead0aafd580,team-added-synthetic:basic-independent-v2
basic-e164827e6a69408aea76,지역 박람회 참가 안내서를 배부합니다. 신청서와 안내서는 다른 자료이므로 각각 확인해 주세요.,announcement,basic-case-e164827e6a69408aea76,team-added-synthetic:basic-independent-v2
basic-c7730f9b23a4edb662a8,전시팀은 관람 동선이 겹치는 지점을 확인했다. 입구 안내 위치를 옮겨 보기로 했다.,minutes,basic-case-c7730f9b23a4edb662a8,team-added-synthetic:basic-independent-v2
basic-c23ac8cd7cd16b9d91b1,참가자 명찰은 이름과 소속을 대조해 배부합니다. 정보가 틀렸으면 수정한 명찰을 사용합니다.,manual,basic-case-c23ac8cd7cd16b9d91b1,team-added-synthetic:basic-independent-v2
basic-858333b1f89478dd92a0,공예 실습에 필요한 안전 안경은 현장에서 제공합니다. 개인 안경을 사용하려면 강사에게 확인해 주세요.,announcement,basic-case-858333b1f89478dd92a0,team-added-synthetic:basic-independent-v2
basic-da29778f6a6120249c8f,활동 신청 안내를 보낼 때 대상 명단을 확인합니다. 이미 취소한 참가자는 따로 구분합니다.,manual,basic-case-da29778f6a6120249c8f,team-added-synthetic:basic-independent-v2
basic-6ed1a43d6a4cb4813b8c,생태 교육관의 실내 관람은 이번 주 무료입니다. 유료 체험 활동은 별도 신청이 필요합니다.,announcement,basic-case-6ed1a43d6a4cb4813b8c,team-added-synthetic:basic-independent-v2
basic-ccef8e9ace5a40db270e,작업대 사용을 마치면 도구를 원래 위치에 둡니다. 남은 재료는 지정 상자에 정리합니다.,manual,basic-case-ccef8e9ace5a40db270e,team-added-synthetic:basic-independent-v2
basic-db68648a91d08553ec4d,어린이용 가위를 배부하기 전에 손잡이와 날 상태를 살핍니다. 손상된 도구는 별도로 치웁니다.,manual,basic-case-db68648a91d08553ec4d,team-added-synthetic:basic-independent-v2
basic-9fbeea43e1c3f6845cee,지역 탐방 버스 출발 장소를 역 앞 광장으로 변경했습니다. 탑승 확인은 출발 전에 진행합니다.,announcement,basic-case-9fbeea43e1c3f6845cee,team-added-synthetic:basic-independent-v2
basic-cd79a1108afd3e94d958,마을 기록팀은 장소 이름의 표기를 맞추기로 했다. 오래된 이름은 별도 설명으로 남긴다.,minutes,basic-case-cd79a1108afd3e94d958,team-added-synthetic:basic-independent-v2
basic-2abec5914ac48e62a546,행사 접수대 자료는 이름순으로 정리합니다. 같은 이름이 있으면 신청번호로 구분합니다.,manual,basic-case-2abec5914ac48e62a546,team-added-synthetic:basic-independent-v2
basic-2519d681118154e3669e,독서 동아리는 새 책을 고를 때 회원 의견을 먼저 받기로 했다. 진행자가 후보 목록을 모은다.,minutes,basic-case-2519d681118154e3669e,team-added-synthetic:basic-independent-v2
basic-85066b31b684a1678513,행사 운영자는 출입 인원을 정확히 세기 어렵다고 보고했다. 출구에서도 퇴장 기록을 남기기로 했다.,minutes,basic-case-85066b31b684a1678513,team-added-synthetic:basic-independent-v2
basic-6c7bb58d7ab5ee472457,복지관 컴퓨터 교실은 수준별 상담 뒤 반을 배정합니다. 상담 예약 안내를 먼저 확인해 주세요.,announcement,basic-case-6c7bb58d7ab5ee472457,team-added-synthetic:basic-independent-v2
basic-a99ffb1287ceb691b25b,공동 작업실의 방학 중 이용 신청을 시작합니다. 사용할 장비와 기간을 적어 주세요.,announcement,basic-case-a99ffb1287ceb691b25b,team-added-synthetic:basic-independent-v2
basic-813588023c87bd881e1f,외부 자료를 인용할 때 출처와 작성 날짜를 적습니다. 수정한 설명은 원문과 구분합니다.,manual,basic-case-813588023c87bd881e1f,team-added-synthetic:basic-independent-v2
basic-01237d5a72d5c60a04b1,지역 장인 초청 행사에 통역이 필요한 분은 사전 신청 때 요청해 주세요. 요청 내용을 확인해 개별 연락합니다.,announcement,basic-case-01237d5a72d5c60a04b1,team-added-synthetic:basic-independent-v2
basic-8a81aff38c6348c2e6bd,동아리 대표들은 공동 행사의 이름을 투표로 정하기로 했다. 후보 접수 기간을 마련한다.,minutes,basic-case-8a81aff38c6348c2e6bd,team-added-synthetic:basic-independent-v2
basic-b8448637e2cfeea6d1c4,전통 놀이 체험은 이번 주 우천 예보로 취소합니다. 이미 신청한 분께 재신청 방법을 알립니다.,announcement,basic-case-b8448637e2cfeea6d1c4,team-added-synthetic:basic-independent-v2
basic-312b1556eb50a6c46888,주민회는 행사 신청자의 연락처 오류가 많다고 보고했다. 접수 뒤 확인 문자를 보내기로 했다.,minutes,basic-case-312b1556eb50a6c46888,team-added-synthetic:basic-independent-v2
basic-232c139ca965cfee181d,시설 고장 신고에는 장소와 증상을 적습니다. 확인하지 못한 원인은 추측해 쓰지 않습니다.,manual,basic-case-232c139ca965cfee181d,team-added-synthetic:basic-independent-v2
basic-0b95def7a6b74ac8ff6f,학생 모임은 발표 순서를 추첨으로 정하기로 했다. 기록 담당이 결과를 참가자에게 알린다.,minutes,basic-case-0b95def7a6b74ac8ff6f,team-added-synthetic:basic-independent-v2
basic-51005cc44451da71c8be,천 재료를 자르기 전에 필요한 폭을 표시합니다. 다른 사람이 준비한 표시와 혼동하지 않게 구분합니다.,manual,basic-case-51005cc44451da71c8be,team-added-synthetic:basic-independent-v2
basic-bd35b0694248fb68d642,어린이 미술 작품의 반환일이 정해졌습니다. 보호자가 대신 수령할 때는 작품 번호를 알려 주세요.,announcement,basic-case-bd35b0694248fb68d642,team-added-synthetic:basic-independent-v2
basic-2e0f13877890e72be419,청년 모임은 의견 제출을 말하기와 글쓰기 두 방식으로 받기로 했다. 진행자가 익명 의견도 함께 정리한다.,minutes,basic-case-2e0f13877890e72be419,team-added-synthetic:basic-independent-v2
basic-01b1d8f9b64eaab12597,전시 오디오 안내는 개인 휴대전화로도 들을 수 있습니다. 이어폰은 관람객이 준비해 주세요.,announcement,basic-case-01b1d8f9b64eaab12597,team-added-synthetic:basic-independent-v2
basic-139c70194d652d2104d3,교육팀은 실습 자료 배부가 늦어진 원인을 살펴봤다. 수업 전날 자료를 조별로 준비하기로 했다.,minutes,basic-case-139c70194d652d2104d3,team-added-synthetic:basic-independent-v2
basic-6238a89a85cdf70cd793,손전등을 빌리기 전에 전원을 켜 봅니다. 빛이 약하면 충전 상태를 확인합니다.,manual,basic-case-6238a89a85cdf70cd793,team-added-synthetic:basic-independent-v2
basic-7fa180092255531a90dd,주민회는 정기 모임에 새 참가자 소개 시간을 추가하기로 했다. 진행 순서를 수정한다.,minutes,basic-case-7fa180092255531a90dd,team-added-synthetic:basic-independent-v2
basic-514ad898c3949a4b32db,초등 독서교실은 보호자 설명회를 먼저 진행합니다. 학생 수업의 시작일은 별도로 안내합니다.,announcement,basic-case-514ad898c3949a4b32db,team-added-synthetic:basic-independent-v2
basic-be2e9aaa4b6ac9c5d2b2,소형 전시물을 이동할 때 양손으로 받칩니다. 이동 경로를 비운 뒤 옮깁니다.,manual,basic-case-be2e9aaa4b6ac9c5d2b2,team-added-synthetic:basic-independent-v2
basic-9753b2ea73e14358f487,클립으로 묶은 자료를 분리할 때 종이가 찢어지지 않게 잡습니다. 손상된 클립은 다시 쓰지 않습니다.,manual,basic-case-9753b2ea73e14358f487,team-added-synthetic:basic-independent-v2
basic-5cd395b5400bcd98d556,교육 담당자들은 수업 종료 안내가 들리지 않는다는 의견을 받았다. 화면 안내를 함께 표시하기로 했다.,minutes,basic-case-5cd395b5400bcd98d556,team-added-synthetic:basic-independent-v2
basic-6f880736653a3a5bdc26,역사 강연 녹화 영상은 다음 주에 공개됩니다. 현장 참가자에게도 같은 링크를 보냅니다.,announcement,basic-case-6f880736653a3a5bdc26,team-added-synthetic:basic-independent-v2
basic-a4ba5c3d777031e4c5dc,온라인 강의 접속 주소는 발송 전에 시험합니다. 잘못 연결되면 담당자에게 수정 요청을 합니다.,manual,basic-case-a4ba5c3d777031e4c5dc,team-added-synthetic:basic-independent-v2
basic-391615660c7d9f55db0e,공용 악기 연습실의 예약 화면을 변경했습니다. 기존 예약은 새 화면에서도 확인할 수 있습니다.,announcement,basic-case-391615660c7d9f55db0e,team-added-synthetic:basic-independent-v2
basic-eb3bcf9aa1d976b8f639,표지판을 설치한 뒤 방문객의 이동 방향에서 살펴봅니다. 다른 물품에 가려지면 위치를 조정합니다.,manual,basic-case-eb3bcf9aa1d976b8f639,team-added-synthetic:basic-independent-v2
basic-29c51bcc0c41886c7935,교육팀은 활동 속도가 빠르다는 의견을 들었다. 중간 확인 질문을 넣기로 했다.,minutes,basic-case-29c51bcc0c41886c7935,team-added-synthetic:basic-independent-v2
basic-e47cab375a11107e92b6,교실 책상을 배치할 때 출입문까지의 통로를 남깁니다. 배치가 끝나면 실제로 지나가 봅니다.,manual,basic-case-e47cab375a11107e92b6,team-added-synthetic:basic-independent-v2
basic-6efbcab4afbc90b48e0a,공동 사용 우산은 펼쳐서 말린 뒤 꽂습니다. 파손된 우산은 대여용에서 분리합니다.,manual,basic-case-6efbcab4afbc90b48e0a,team-added-synthetic:basic-independent-v2
basic-24178cc7060e693a422d,공원 분수는 동절기 동안 가동하지 않습니다. 주변 산책 공간은 계속 이용할 수 있습니다.,announcement,basic-case-24178cc7060e693a422d,team-added-synthetic:basic-independent-v2
basic-9e150c4bc5b758c902f1,주말 벼룩시장의 책 교환 부스가 추가됐습니다. 물품 판매 신청과 책 교환 신청은 따로 받습니다.,announcement,basic-case-9e150c4bc5b758c902f1,team-added-synthetic:basic-independent-v2
basic-e3cf201e777ba9279082,청소년센터 여름 캠프의 참가비 납부 안내를 발송했습니다. 승인된 신청자만 안내된 방법으로 납부해 주세요.,announcement,basic-case-e3cf201e777ba9279082,team-added-synthetic:basic-independent-v2
basic-bf9efc793b8b141d055d,마이크를 사용하려면 케이블을 연결하고 음량을 낮춥니다. 시험 소리를 확인한 뒤 필요한 수준으로 올립니다.,manual,basic-case-bf9efc793b8b141d055d,team-added-synthetic:basic-independent-v2
basic-fc39f3a51cfdacef3dad,지역 공예품 전시는 화요일에 작품 교체를 진행합니다. 교체 중인 구역은 잠시 관람을 제한합니다.,announcement,basic-case-fc39f3a51cfdacef3dad,team-added-synthetic:basic-independent-v2
basic-fb8a4e8bba66f8a758b7,모임 정산에 영수증을 붙일 때 지출 번호를 적습니다. 금액이 같아도 다른 거래는 따로 보관합니다.,manual,basic-case-fb8a4e8bba66f8a758b7,team-added-synthetic:basic-independent-v2
basic-a35b8485207824f3956e,도서 반납함 위치를 서쪽 출입구로 옮겼습니다. 야간 반납도 새 반납함을 이용해 주세요.,announcement,basic-case-a35b8485207824f3956e,team-added-synthetic:basic-independent-v2
basic-11216f058333d4af9708,기록 메일을 보관할 때 날짜와 주제를 기준으로 정리합니다. 첨부 파일도 같은 기록에 연결합니다.,manual,basic-case-11216f058333d4af9708,team-added-synthetic:basic-independent-v2
basic-dbf7d5b917ffb666ff1d,배포 자료의 연락처를 바꿨으면 모든 쪽을 검색합니다. 표지와 마지막 안내도 함께 확인합니다.,manual,basic-case-dbf7d5b917ffb666ff1d,team-added-synthetic:basic-independent-v2
basic-9ba66e0ca32ecd39a10e,청소년 모임은 활동 사진 공개 여부를 먼저 묻기로 했다. 진행자가 동의 항목을 준비한다.,minutes,basic-case-9ba66e0ca32ecd39a10e,team-added-synthetic:basic-independent-v2
basic-9320ef9ac1a01cf58e7d,행사 안내 방송은 원고를 확인한 뒤 읽습니다. 미확정된 일정을 확정된 것처럼 덧붙이지 않습니다.,manual,basic-case-9320ef9ac1a01cf58e7d,team-added-synthetic:basic-independent-v2
basic-503449df700a037a47f5,주민 대표들은 안내문 연락처를 하나로 통일하기로 했다. 부서별 문의는 접수 뒤 연결한다.,minutes,basic-case-503449df700a037a47f5,team-added-synthetic:basic-independent-v2
basic-62be4a056bcf5e74e76e,사진 전시팀은 같은 사진의 여러 인화본 중 한 부만 전시하기로 했다. 작가에게 사용할 판본을 확인한다.,minutes,basic-case-62be4a056bcf5e74e76e,team-added-synthetic:basic-independent-v2
basic-65dbb7d186a01d0c6e4d,공공 수장고 견학은 정원을 줄여 운영합니다. 확정 안내를 받은 신청자만 입장할 수 있습니다.,announcement,basic-case-65dbb7d186a01d0c6e4d,team-added-synthetic:basic-independent-v2
basic-0b77903bf649370cd467,보관 중인 행사 배너는 사용 날짜를 표시합니다. 다시 쓸 수 있는 것과 폐기 대상을 구분합니다.,manual,basic-case-0b77903bf649370cd467,team-added-synthetic:basic-independent-v2
basic-ad155ef12cc7a8bef67c,회원증 사진을 촬영할 때 얼굴이 가려지지 않게 합니다. 본인이 사진을 확인한 뒤 저장합니다.,manual,basic-case-ad155ef12cc7a8bef67c,team-added-synthetic:basic-independent-v2
basic-85693fa011e4745b51d5,스피커 위치를 바꿀 때 전원을 끕니다. 옮긴 뒤 케이블이 통로를 가리지 않는지 봅니다.,manual,basic-case-85693fa011e4745b51d5,team-added-synthetic:basic-independent-v2
basic-3104d940dcf75d2432f0,어린이 놀이방의 바닥 보수로 이번 주 이용을 중단합니다. 다른 놀이 공간 정보는 안내실에서 제공합니다.,announcement,basic-case-3104d940dcf75d2432f0,team-added-synthetic:basic-independent-v2
basic-22d142ea255fa8a07c90,참가자가 바뀐 조 명단은 즉시 수정합니다. 이전 명단에는 사용 중단 표시를 남깁니다.,manual,basic-case-22d142ea255fa8a07c90,team-added-synthetic:basic-independent-v2
basic-76a875ef866190a895fb,공원 야간 조명을 교체하는 동안 일부 구역이 어둡습니다. 밝게 표시된 통로를 이용해 주세요.,announcement,basic-case-76a875ef866190a895fb,team-added-synthetic:basic-independent-v2
basic-7cd2b450b2d2883e6eba,학교 운영팀은 행사 후 자료 정리가 부족하다고 보고했다. 활동별 보관 담당을 지정했다.,minutes,basic-case-7cd2b450b2d2883e6eba,team-added-synthetic:basic-independent-v2
basic-3392d1340a004d337643,수업 자료를 읽기 쉽게 만들 때 제목부터 구분합니다. 본문 글자가 작으면 분량을 나눕니다.,manual,basic-case-3392d1340a004d337643,team-added-synthetic:basic-independent-v2
basic-3f3344682100f6e604ec,정원 해설 프로그램에 어린이용 안내 자료가 추가됐습니다. 필요한 수량을 예약 때 알려 주세요.,announcement,basic-case-3f3344682100f6e604ec,team-added-synthetic:basic-independent-v2
basic-867fd69b1372391ea941,공예 동아리는 초보자에게 도구 설명 시간이 부족하다고 보고했다. 첫 활동에 별도 안내 시간을 두기로 했다.,minutes,basic-case-867fd69b1372391ea941,team-added-synthetic:basic-independent-v2
basic-ef251bc1375cdecfa195,노인 건강 활동의 신규 참여자 상담은 월요일에 진행합니다. 상담 결과에 따라 활동 시간을 배정합니다.,announcement,basic-case-ef251bc1375cdecfa195,team-added-synthetic:basic-independent-v2
basic-c12a040d4abddfd8ef41,공방 운영자는 사용 시간 중 청소 구간을 마련하자고 제안했다. 마지막 십 분을 정리 시간으로 정했다.,minutes,basic-case-c12a040d4abddfd8ef41,team-added-synthetic:basic-independent-v2
basic-32e2536b05da179b1de7,전시 운영팀은 작품 보호선이 보이지 않는다는 의견을 받았다. 표시 색을 바꿔 비교하기로 했다.,minutes,basic-case-32e2536b05da179b1de7,team-added-synthetic:basic-independent-v2
basic-3cd75bd81dea2cf5b9b6,기록 사진 전시의 개막 행사는 참석 신청을 받지 않습니다. 일반 관람 시간은 전시 안내에 표시돼 있습니다.,announcement,basic-case-3cd75bd81dea2cf5b9b6,team-added-synthetic:basic-independent-v2
basic-50c2838d825015e1c405,마을 안내팀은 새로운 길 안내 지도를 시험 배부하기로 했다. 이용자에게 어려운 지점을 묻는다.,minutes,basic-case-50c2838d825015e1c405,team-added-synthetic:basic-independent-v2
basic-835cafedbb6cee7272ef,기증 도서는 상태를 확인한 뒤 등록합니다. 등록 전에는 다른 대출 도서와 섞지 않습니다.,manual,basic-case-835cafedbb6cee7272ef,team-added-synthetic:basic-independent-v2
basic-40719d49fc51c1c4cbbd,주민 영화 토론 모임은 이번 회차에 온라인으로 진행합니다. 접속 주소를 신청자에게 보냅니다.,announcement,basic-case-40719d49fc51c1c4cbbd,team-added-synthetic:basic-independent-v2
basic-3878c49644b6ccd2ce6c,주민들이 만든 생활 지도를 안내실에서 배부합니다. 지도 내용 정정 의견도 함께 받고 있습니다.,announcement,basic-case-3878c49644b6ccd2ce6c,team-added-synthetic:basic-independent-v2
basic-0a4fd3d5f717617d8e5a,공용 복합기 이용권의 새 발급을 안내실에서 받습니다. 이전 이용권의 잔여 횟수는 담당자에게 확인해 주세요.,announcement,basic-case-0a4fd3d5f717617d8e5a,team-added-synthetic:basic-independent-v2
basic-3921fb6be5c87be06129,문서 파일을 보낼 때 제목과 첨부 파일 이름을 대조합니다. 다른 문서가 붙었으면 발송 전에 교체합니다.,manual,basic-case-3921fb6be5c87be06129,team-added-synthetic:basic-independent-v2
basic-89182c8d08674855723e,전시 도록 상자를 열면 판본과 수량을 확인합니다. 다른 판본은 별도 상자에 둡니다.,manual,basic-case-89182c8d08674855723e,team-added-synthetic:basic-independent-v2
basic-4df5bdc8a55e31d531cf,모임 참석자들은 회의 시작 시각을 지키기로 했다. 늦은 참석자는 기록을 확인하도록 했다.,minutes,basic-case-4df5bdc8a55e31d531cf,team-added-synthetic:basic-independent-v2
basic-0cb8bfa0060693443c75,민원 안내 창구의 금요일 종료 시간이 바뀝니다. 방문 전에 새로운 운영 시간을 확인해 주세요.,announcement,basic-case-0cb8bfa0060693443c75,team-added-synthetic:basic-independent-v2
basic-39fb8c9d3a1e182a6e60,학교 교복 나눔의 기증 접수를 시작합니다. 세탁한 물품을 지정 장소에 제출해 주세요.,announcement,basic-case-39fb8c9d3a1e182a6e60,team-added-synthetic:basic-independent-v2
basic-fca89fee36dc50642086,날짜 도장을 찍기 전에 설정 날짜를 확인합니다. 시험 날인 뒤 원서에 찍습니다.,manual,basic-case-fca89fee36dc50642086,team-added-synthetic:basic-independent-v2
basic-b185436f915778e3b318,행사 대표들은 참여 업체의 준비 상태를 이틀 전에 확인하기로 했다. 현장팀이 연락을 맡는다.,minutes,basic-case-b185436f915778e3b318,team-added-synthetic:basic-independent-v2
basic-719ca6766f6067461143,체험용 스탬프는 사용 뒤 잉크를 닦습니다. 모양별 받침에 놓고 뚜껑을 닫습니다.,manual,basic-case-719ca6766f6067461143,team-added-synthetic:basic-independent-v2
basic-5199e5e8b8c17290b74a,회관 보일러 점검으로 온수 사용이 잠시 중단됩니다. 난방 운영은 현장 안내를 확인해 주세요.,announcement,basic-case-5199e5e8b8c17290b74a,team-added-synthetic:basic-independent-v2
basic-473406ad580547807c26,공동 육아 놀이 모임은 참가 아동 수에 따라 조를 나눕니다. 신청 때 아동의 연령을 적어 주세요.,announcement,basic-case-473406ad580547807c26,team-added-synthetic:basic-independent-v2
basic-187263f1799abd10dd72,모임 대표들은 회비 납부 내역을 매달 확인하기로 했다. 회계 담당이 미확인 입금을 정리한다.,minutes,basic-case-187263f1799abd10dd72,team-added-synthetic:basic-independent-v2
basic-51d67e8113dbfb691b65,전시 제작팀은 설명문 초안을 해설자에게 먼저 보여 주기로 했다. 이해하기 어려운 문구를 검토받는다.,minutes,basic-case-51d67e8113dbfb691b65,team-added-synthetic:basic-independent-v2
basic-184d10dcf260a066c764,강의 녹음은 참여자의 동의를 확인한 뒤 시작합니다. 녹음 종료 시각을 기록합니다.,manual,basic-case-184d10dcf260a066c764,team-added-synthetic:basic-independent-v2
basic-2771c3b360d63a8aef55,음악 수업 담당자는 악보를 미리 나눠 주기로 했다. 변경된 악보는 판본을 표시한다.,minutes,basic-case-2771c3b360d63a8aef55,team-added-synthetic:basic-independent-v2
basic-76549a3a677cd41b6e7c,안내 책자를 접을 때 페이지 순서를 확인합니다. 완성된 한 부를 펼쳐 본 뒤 나머지를 작업합니다.,manual,basic-case-76549a3a677cd41b6e7c,team-added-synthetic:basic-independent-v2
basic-36c6d85a744686a30d1a,교구를 세척한 뒤 완전히 말립니다. 젖은 상태로 뚜껑 있는 상자에 넣지 않습니다.,manual,basic-case-36c6d85a744686a30d1a,team-added-synthetic:basic-independent-v2
basic-de504cd10b8df19aea0a,망원경을 보관할 때 렌즈 덮개를 닫습니다. 습기가 있으면 안내된 방법으로 건조한 뒤 넣습니다.,manual,basic-case-de504cd10b8df19aea0a,team-added-synthetic:basic-independent-v2
basic-5add746340c27dcfdd69,전시 물품 사진을 찍을 때 식별 번호를 함께 기록합니다. 비슷한 물품은 번호로 구별합니다.,manual,basic-case-5add746340c27dcfdd69,team-added-synthetic:basic-independent-v2
basic-6d54bf7661ff135868dc,과학 수업팀은 관찰 도구가 부족하다고 보고했다. 조별 사용 순서를 정하기로 했다.,minutes,basic-case-6d54bf7661ff135868dc,team-added-synthetic:basic-independent-v2
basic-c61f6258b5bb3914059b,공용 펀치의 종이 가이드를 맞춥니다. 구멍 위치를 시험한 뒤 전체 자료를 처리합니다.,manual,basic-case-c61f6258b5bb3914059b,team-added-synthetic:basic-independent-v2
basic-ceed675cb0a9cb8f7364,강당 문을 열기 전에 객석 통로를 확인합니다. 장애물이 없으면 입장을 시작합니다.,manual,basic-case-ceed675cb0a9cb8f7364,team-added-synthetic:basic-independent-v2
basic-3cb85010763953e85218,수업 담당자들은 교재 그림이 작다는 의견을 들었다. 다음 인쇄에서 일부 그림을 확대하기로 했다.,minutes,basic-case-3cb85010763953e85218,team-added-synthetic:basic-independent-v2
basic-fea8e6d6b259a4602fca,공동 수선실에 재봉틀을 새로 배치했습니다. 장비 안내를 받은 이용자부터 대여할 수 있습니다.,announcement,basic-case-fea8e6d6b259a4602fca,team-added-synthetic:basic-independent-v2
basic-1f8d403ffcba9fc8b33c,문화 행사 자막 화면의 위치를 앞쪽으로 옮겼습니다. 현장에서 자막을 볼 수 있는 좌석을 안내합니다.,announcement,basic-case-1f8d403ffcba9fc8b33c,team-added-synthetic:basic-independent-v2
basic-822cb19f3fcd4aec98d5,공공 강의실 출입문 교체로 토요일 오전 입실이 제한됩니다. 예약자는 운영팀의 연락을 확인해 주세요.,announcement,basic-case-822cb19f3fcd4aec98d5,team-added-synthetic:basic-independent-v2
basic-f9fe89fedfce960be024,도서관 이야기를 듣는 어린이 행사의 정원을 늘렸습니다. 추가 신청은 기존 접수 페이지에서 받습니다.,announcement,basic-case-f9fe89fedfce960be024,team-added-synthetic:basic-independent-v2
basic-29a7d91c290181951e66,회람 문서는 읽은 뒤 확인 표시를 남깁니다. 원본 내용을 바꿔야 하면 작성자에게 요청합니다.,manual,basic-case-29a7d91c290181951e66,team-added-synthetic:basic-independent-v2
basic-9deb736a44e2e6d25d4c,주민 운영팀은 행사 안내 문자가 길다는 의견을 검토했다. 날짜와 장소를 먼저 표시하기로 했다.,minutes,basic-case-9deb736a44e2e6d25d4c,team-added-synthetic:basic-independent-v2
basic-d3bbfedb7762dab8c0b6,참가비 납부는 신청번호를 기준으로 확인합니다. 입금자 이름만으로 다른 신청에 연결하지 않습니다.,manual,basic-case-d3bbfedb7762dab8c0b6,team-added-synthetic:basic-independent-v2
basic-954594474ac4e2813c42,무대 소품은 장면별 번호를 붙여 놓습니다. 실제 사용할 순서대로 배치합니다.,manual,basic-case-954594474ac4e2813c42,team-added-synthetic:basic-independent-v2
basic-455aab869f69f3af60f6,동아리들은 공용 물품을 빌릴 때 기록을 남기기로 했다. 담당자가 대여 서식을 만든다.,minutes,basic-case-455aab869f69f3af60f6,team-added-synthetic:basic-independent-v2
basic-f3e38434a345dd7bd9b1,청년 취업 설명회에 참여할 기업 목록을 공개했습니다. 기업별 상담은 별도로 예약해야 합니다.,announcement,basic-case-f3e38434a345dd7bd9b1,team-added-synthetic:basic-independent-v2
basic-64d5863d28e0933bb306,공연팀은 출연자 대기 장소를 분리하기로 했다. 현장 담당이 사용할 방을 확인한다.,minutes,basic-case-64d5863d28e0933bb306,team-added-synthetic:basic-independent-v2
basic-637619c8c362664747d8,도서관 직원들은 반납함 주변 혼잡을 논의했다. 대기 위치를 표시한 뒤 상황을 확인하기로 했다.,minutes,basic-case-637619c8c362664747d8,team-added-synthetic:basic-independent-v2
basic-858b4b77c7260e20b94e,액자 번호는 작품 목록과 맞춰 붙입니다. 작품 표면에 직접 번호표를 붙이지 않습니다.,manual,basic-case-858b4b77c7260e20b94e,team-added-synthetic:basic-independent-v2
basic-a65506093f02a2fd98b2,공용 냉장고에 음식을 넣을 때 이름을 표시합니다. 보관 날짜도 함께 적습니다.,manual,basic-case-a65506093f02a2fd98b2,team-added-synthetic:basic-independent-v2
basic-8a3771e91594f05dcf9e,강사 모임은 실습 성공 여부만 평가하지 않기로 했다. 참가자의 시도 과정도 확인한다.,minutes,basic-case-8a3771e91594f05dcf9e,team-added-synthetic:basic-independent-v2
basic-c702ed16e3789b745c4d,캠프 운영팀은 이동 차량별 인원 확인 담당을 정했다. 출발과 도착 때 명단을 대조한다.,minutes,basic-case-c702ed16e3789b745c4d,team-added-synthetic:basic-independent-v2
basic-ebf8e87e73b91084bdf0,작은 전시관의 관람 예약은 방문 하루 전까지 받습니다. 예약 확인 문자를 받은 뒤 방문해 주세요.,announcement,basic-case-ebf8e87e73b91084bdf0,team-added-synthetic:basic-independent-v2
basic-13082f87be9dd8a3d9c4,박람회 준비팀은 부스 이름을 크게 표시하기로 했다. 디자인 담당이 새 안내판을 만든다.,minutes,basic-case-13082f87be9dd8a3d9c4,team-added-synthetic:basic-independent-v2
basic-41bf6b4bae299bf79a96,도구를 청소할 때 전원 연결을 먼저 해제합니다. 안내된 부분만 닦고 내부를 임의로 열지 않습니다.,manual,basic-case-41bf6b4bae299bf79a96,team-added-synthetic:basic-independent-v2
basic-a2d6bf73a7d7ec9168aa,지역 독서회는 책 한 권을 두 달에 나눠 읽기로 했다. 진행자가 다음 모임의 읽을 범위를 정한다.,minutes,basic-case-a2d6bf73a7d7ec9168aa,team-added-synthetic:basic-independent-v2
basic-a64a278752bbeafc5af4,게시판에 안내문을 붙일 때 적용 기간을 확인합니다. 기간이 지난 문서는 먼저 제거합니다.,manual,basic-case-a64a278752bbeafc5af4,team-added-synthetic:basic-independent-v2
basic-a9d6e9ab63f437b55d11,청소년 활동센터에 휴대전화 보관함을 설치했습니다. 사용을 원하면 안내 직원에게 열쇠를 받아 주세요.,announcement,basic-case-a9d6e9ab63f437b55d11,team-added-synthetic:basic-independent-v2
basic-181e9392d9e3298e5f54,장애인 체육 프로그램의 신규 이용 상담을 받습니다. 희망 활동과 필요한 지원을 알려 주세요.,announcement,basic-case-181e9392d9e3298e5f54,team-added-synthetic:basic-independent-v2
basic-f71f4952b907242b866f,주민 교육팀은 안내 신청서의 중복 질문을 검토했다. 같은 정보를 묻는 항목을 합치기로 했다.,minutes,basic-case-f71f4952b907242b866f,team-added-synthetic:basic-independent-v2
basic-004fc760d4f6d9ddf5b2,마을 안전 지도 제작에 참여할 주민을 모집합니다. 현장 조사에 함께할 날짜를 적어 주세요.,announcement,basic-case-004fc760d4f6d9ddf5b2,team-added-synthetic:basic-independent-v2
basic-19b9babf472dcc217323,촬영 삼각대를 펼친 뒤 다리 잠금을 확인합니다. 카메라를 올리기 전에 흔들림을 점검합니다.,manual,basic-case-19b9babf472dcc217323,team-added-synthetic:basic-independent-v2
basic-abcd059a6d0df6e08427,문화 모임은 신규 회원에게 활동 일정을 먼저 설명하기로 했다. 대표가 안내 자료를 준비한다.,minutes,basic-case-abcd059a6d0df6e08427,team-added-synthetic:basic-independent-v2
basic-333714c511466e6b0711,이번 달 주민 그림책 모임은 어린이도 함께 참여할 수 있습니다. 신청할 때 동반 인원을 적어 주세요.,announcement,basic-case-333714c511466e6b0711,team-added-synthetic:basic-independent-v2
basic-2bf06a4d2bd0917d622a,체험 운영팀은 대여 장비 분실 사례를 검토했다. 반납 때 번호를 대조하기로 했다.,minutes,basic-case-2bf06a4d2bd0917d622a,team-added-synthetic:basic-independent-v2
basic-1995c439808d29fe1617,동아리 대표들은 공동 물품 구입을 맡을 사람을 정했다. 회계 담당이 구매 목록을 취합한다.,minutes,basic-case-1995c439808d29fe1617,team-added-synthetic:basic-independent-v2
basic-7f59515ba1e4504b1f9c,시민 시 낭독회 참가 작품을 모집합니다. 작품 제목과 낭독 예상 시간을 함께 제출해 주세요.,announcement,basic-case-7f59515ba1e4504b1f9c,team-added-synthetic:basic-independent-v2
basic-802e991bdfce71f40d22,책 커버를 씌우기 전에 책의 크기를 잽니다. 본문을 가리지 않게 커버를 접습니다.,manual,basic-case-802e991bdfce71f40d22,team-added-synthetic:basic-independent-v2
basic-6f698cc82baae155e270,공유 파일을 수정하기 전에 사용 중인 사람이 있는지 확인합니다. 수정 뒤 변경 내용을 알려 줍니다.,manual,basic-case-6f698cc82baae155e270,team-added-synthetic:basic-independent-v2
basic-bdc01c2016c392ab8e9d,소모품 수량을 셀 때 개봉한 묶음은 따로 셉니다. 포장에 적힌 수량으로 대신하지 않습니다.,manual,basic-case-bdc01c2016c392ab8e9d,team-added-synthetic:basic-independent-v2
basic-2f361c8fca20b479edfb,청소년 모임은 활동 후 짧은 소감을 남기기로 했다. 긴 보고서 작성은 요구하지 않는다.,minutes,basic-case-2f361c8fca20b479edfb,team-added-synthetic:basic-independent-v2
basic-0c72ec87e94d18108ec7,기록 모임은 사진 설명이 없는 자료를 별도 분류하기로 했다. 작성자에게 정보 보완을 요청한다.,minutes,basic-case-0c72ec87e94d18108ec7,team-added-synthetic:basic-independent-v2
basic-65e23f80e38422e267af,야외 활동 지도를 배부하기 전에 집결 위치를 확인합니다. 실제 경로와 다른 지점은 수정합니다.,manual,basic-case-65e23f80e38422e267af,team-added-synthetic:basic-independent-v2
basic-dc39b9eb3c429b92ee11,물품 대여 기간을 연장하려면 반납일 전에 신청합니다. 승인 여부를 확인한 뒤 새 기한을 기록합니다.,manual,basic-case-dc39b9eb3c429b92ee11,team-added-synthetic:basic-independent-v2
basic-39c929b46005b3aed05c,원고 검수에서 숫자와 단위를 함께 확인합니다. 원자료와 값이 다르면 작성자에게 묻습니다.,manual,basic-case-39c929b46005b3aed05c,team-added-synthetic:basic-independent-v2
basic-e8476a0b3f60640c92d4,공동 주방의 냉장고 정리일을 안내합니다. 개인 음식에는 소유자 이름과 보관 날짜를 붙여 주세요.,announcement,basic-case-e8476a0b3f60640c92d4,team-added-synthetic:basic-independent-v2
basic-de172e8254b809375e19,강연 준비자는 발표자의 장비 요청을 미리 받기로 했다. 기술 담당이 사용할 장비를 대조한다.,minutes,basic-case-de172e8254b809375e19,team-added-synthetic:basic-independent-v2
basic-12cad284645a72560827,프로그램 신청 메일을 받으면 첨부 서류를 확인합니다. 누락 항목은 신청자에게 안내합니다.,manual,basic-case-12cad284645a72560827,team-added-synthetic:basic-independent-v2
basic-3eb5095b754b70f86857,어린이 활동 결과물은 참가자별로 분리합니다. 보호자에게 전달할 때 이름을 대조합니다.,manual,basic-case-3eb5095b754b70f86857,team-added-synthetic:basic-independent-v2
basic-43f7950361f5474a2768,문화센터 계단 난간 공사 중에는 반대쪽 계단을 이용해 주세요. 승강기는 정상 운행합니다.,announcement,basic-case-43f7950361f5474a2768,team-added-synthetic:basic-independent-v2
basic-0ad9be8d0e757b29402d,커뮤니티실의 정기 청소는 매주 목요일 아침에 진행합니다. 청소 시간에는 입실을 잠시 기다려 주세요.,announcement,basic-case-0ad9be8d0e757b29402d,team-added-synthetic:basic-independent-v2
basic-8d7731f91a4413bc828d,문학 모임은 작품 낭독 뒤 바로 평가하지 않기로 했다. 작성자의 설명을 먼저 듣는다.,minutes,basic-case-8d7731f91a4413bc828d,team-added-synthetic:basic-independent-v2
basic-e2c68a485b2033ec8864,학습팀은 온라인 자료를 찾기 어렵다는 의견을 받았다. 자료 목록을 한 페이지에 모으기로 했다.,minutes,basic-case-e2c68a485b2033ec8864,team-added-synthetic:basic-independent-v2
basic-fd2c94098ac89c10bd49,주민 상담회에서는 녹음하지 않은 대화도 기록을 남길 수 있습니다. 기록을 원하지 않는 분은 상담 전에 알려 주세요.,announcement,basic-case-fd2c94098ac89c10bd49,team-added-synthetic:basic-independent-v2
basic-30c7b4aee3ca1d4a5e58,전시 설명팀은 어린이 질문을 모아 자료로 만들기로 했다. 해설 담당이 답변을 정리한다.,minutes,basic-case-30c7b4aee3ca1d4a5e58,team-added-synthetic:basic-independent-v2
basic-9c4beb65b2c866102f48,잠금 장치의 번호를 바꿀 때 새 번호로 열리는지 시험합니다. 관리 기록도 함께 수정합니다.,manual,basic-case-9c4beb65b2c866102f48,team-added-synthetic:basic-independent-v2
basic-1ccfa5f4d5e132069006,요리 교실 담당자들은 도구 배부 순서를 정하기로 했다. 조별 대표가 준비물을 받아 가도록 했다.,minutes,basic-case-1ccfa5f4d5e132069006,team-added-synthetic:basic-independent-v2
basic-d41686ef8e3d85d3620c,지역 어린이 기자단에 지원할 학생을 모집합니다. 활동 계획과 보호자 확인서를 제출해 주세요.,announcement,basic-case-d41686ef8e3d85d3620c,team-added-synthetic:basic-independent-v2
basic-b112768a38de45cefd68,지역 영화제 자원활동가 신청을 이번 주부터 받습니다. 활동 가능한 날짜를 함께 제출해 주세요.,announcement,basic-case-b112768a38de45cefd68,team-added-synthetic:basic-independent-v2
basic-d93aed7182d3d72b6ae6,주민 인문학 강좌의 교재는 첫 수업 때 배부합니다. 별도로 구입하지 않아도 됩니다.,announcement,basic-case-d93aed7182d3d72b6ae6,team-added-synthetic:basic-independent-v2
basic-3d61493220e05b486c32,청소년 상담 행사에는 개별 대화 공간을 마련했습니다. 사전 신청 여부는 접수 안내를 확인해 주세요.,announcement,basic-case-3d61493220e05b486c32,team-added-synthetic:basic-independent-v2
basic-e3326dc467ebc07c0eb0,활동실 온도를 기록할 때 같은 위치의 기기를 봅니다. 창문 개방 여부도 함께 적습니다.,manual,basic-case-e3326dc467ebc07c0eb0,team-added-synthetic:basic-independent-v2
basic-f4f2c20a4303990877af,공방팀은 재료 보관 상자에 내용물을 표시하기로 했다. 담당자가 오래된 라벨을 갱신한다.,minutes,basic-case-f4f2c20a4303990877af,team-added-synthetic:basic-independent-v2
basic-47acbaa382217c22c8d7,사진을 인화하기 전에 원하는 크기를 설정합니다. 시험 출력으로 잘리는 부분을 확인합니다.,manual,basic-case-47acbaa382217c22c8d7,team-added-synthetic:basic-independent-v2
basic-b26652589483d288eb11,주민 설문에 종이 응답함을 추가 설치했습니다. 이미 온라인으로 응답한 분은 다시 제출하지 마세요.,announcement,basic-case-b26652589483d288eb11,team-added-synthetic:basic-independent-v2
basic-e6197654b5c4c15deb71,캠프 짐표는 참가자 번호와 연결합니다. 연락처를 외부에 그대로 공개하지 않습니다.,manual,basic-case-e6197654b5c4c15deb71,team-added-synthetic:basic-independent-v2
basic-14d690bfad76bd21bfe5,자료실 직원들은 파일 이름이 불규칙하다고 보고했다. 공통 이름 규칙을 만들기로 했다.,minutes,basic-case-14d690bfad76bd21bfe5,team-added-synthetic:basic-independent-v2
basic-02aed6d9a9b154fbab51,주민 운영자는 장비 고장 보고가 늦어진 문제를 검토했다. 발견 즉시 기록하는 창구를 마련한다.,minutes,basic-case-02aed6d9a9b154fbab51,team-added-synthetic:basic-independent-v2
basic-189615705810ca099e6f,체육 운영팀은 참가자 명단 변경을 한 담당자가 취합하기로 했다. 변경 사항은 매일 확인한다.,minutes,basic-case-189615705810ca099e6f,team-added-synthetic:basic-independent-v2
basic-05c4f9c1a0520a43e49e,캠프 담당자는 참가자 짐표가 없다는 문제를 보고했다. 출발 전에 번호표를 나눠 주기로 했다.,minutes,basic-case-05c4f9c1a0520a43e49e,team-added-synthetic:basic-independent-v2
basic-88b0a5f8dd8344b9b4c5,공용 잔디 운동장은 비가 온 뒤 상태를 확인하고 개방합니다. 개방 표시가 없을 때는 들어가지 말아 주세요.,announcement,basic-case-88b0a5f8dd8344b9b4c5,team-added-synthetic:basic-independent-v2
basic-da193b871e5d7f4ce41a,청소년 정책 제안 접수에 영상 제출 방식을 추가했습니다. 파일 용량 기준을 확인해 주세요.,announcement,basic-case-da193b871e5d7f4ce41a,team-added-synthetic:basic-independent-v2
basic-fb21f8cafcc4eb664477,자원활동가 교육 장소를 본관에서 별관으로 옮깁니다. 출석 확인도 별관에서 진행합니다.,announcement,basic-case-fb21f8cafcc4eb664477,team-added-synthetic:basic-independent-v2
basic-3802758646cffb417e05,대학 공개 강연의 현장 좌석은 사전 신청자에게 우선 제공합니다. 남은 좌석은 행사 당일 안내합니다.,announcement,basic-case-3802758646cffb417e05,team-added-synthetic:basic-independent-v2
basic-837a9f90e5d13193f0fe,공연장 외부 촬영 신청은 행사 사흘 전까지 받습니다. 승인 여부를 확인한 뒤 장비를 반입해 주세요.,announcement,basic-case-837a9f90e5d13193f0fe,team-added-synthetic:basic-independent-v2
basic-772bd92e955f595b4435,시민 작품집에 실을 글의 교정본을 발송했습니다. 작성자는 정정할 부분을 지정 날짜까지 보내 주세요.,announcement,basic-case-772bd92e955f595b4435,team-added-synthetic:basic-independent-v2
basic-983f86738377daf77951,수업 평가를 정리할 때 같은 참가자의 중복 응답을 확인합니다. 집계 기준을 정한 뒤 계산합니다.,manual,basic-case-983f86738377daf77951,team-added-synthetic:basic-independent-v2
basic-fc95bdbc8360f88a8ee7,박물관 교육팀은 설명 시간이 길다는 의견을 들었다. 질문과 관찰 시간을 나눠 운영하기로 했다.,minutes,basic-case-fc95bdbc8360f88a8ee7,team-added-synthetic:basic-independent-v2
basic-6f425c5ea9050f98750d,주민 교육자는 신청서를 모바일에서도 읽기 쉽게 만들기로 했다. 담당자가 항목 배치를 점검한다.,minutes,basic-case-6f425c5ea9050f98750d,team-added-synthetic:basic-independent-v2
basic-3d53cc0e0a0c1b2b8798,서예 교실은 강사 일정으로 이번 주 한 차례 쉽니다. 보강 날짜는 수강생에게 따로 알립니다.,announcement,basic-case-3d53cc0e0a0c1b2b8798,team-added-synthetic:basic-independent-v2
basic-ada0de51d2a6c7460ff1,주민센터에 문서 작성용 컴퓨터를 추가 설치했습니다. 사용 시간이 필요한 분은 안내 데스크에 신청해 주세요.,announcement,basic-case-ada0de51d2a6c7460ff1,team-added-synthetic:basic-independent-v2
basic-993bdada467e3f51795c,주민 사진 촬영실은 오늘 배경지 교체 작업을 합니다. 작업 종료 뒤 예약 이용을 시작합니다.,announcement,basic-case-993bdada467e3f51795c,team-added-synthetic:basic-independent-v2
basic-8e83394ec19b7c96bb74,문화 유산 답사 사진을 참여자에게 공유합니다. 사진에 본인이 나온 경우 공개 범위 변경을 요청할 수 있습니다.,announcement,basic-case-8e83394ec19b7c96bb74,team-added-synthetic:basic-independent-v2
basic-eb8f393be12c360d7cf2,종이 신청서를 접수하면 접수 시각을 적습니다. 신청자에게 해당 접수번호를 알려 줍니다.,manual,basic-case-eb8f393be12c360d7cf2,team-added-synthetic:basic-independent-v2
basic-97611477ad58dbd8d5b8,도구함 안의 칼날은 보호 덮개를 씌워 둡니다. 다른 도구를 꺼낼 때 날에 닿지 않게 배치합니다.,manual,basic-case-97611477ad58dbd8d5b8,team-added-synthetic:basic-independent-v2
basic-22ba810f043ce5c410b0,독서 수업 담당자들은 활동지를 너무 많이 사용한다고 보고했다. 다음 수업은 두 장으로 줄이기로 했다.,minutes,basic-case-22ba810f043ce5c410b0,team-added-synthetic:basic-independent-v2
basic-381b6654ca8c2465a864,올해 동네 기록집 배부를 시작합니다. 가구별 수령 수량은 현장 안내에 따라 주세요.,announcement,basic-case-381b6654ca8c2465a864,team-added-synthetic:basic-independent-v2
basic-1ed19f701854b424a933,프레젠테이션을 시작하기 전에 마지막 장까지 넘겨 봅니다. 빠진 이미지가 있으면 원본 파일을 확인합니다.,manual,basic-case-1ed19f701854b424a933,team-added-synthetic:basic-independent-v2
basic-efa75471229a4844ce4c,영상 편집 기초 수업의 준비 파일을 공개했습니다. 수업 전에 내려받아 주세요.,announcement,basic-case-efa75471229a4844ce4c,team-added-synthetic:basic-independent-v2
basic-3827bc9784fb4d0b2f68,탐방팀은 걷는 속도 차이로 대열이 나뉘는 문제를 검토했다. 중간 집결 장소를 추가하기로 했다.,minutes,basic-case-3827bc9784fb4d0b2f68,team-added-synthetic:basic-independent-v2
basic-8cc677261da3e988f553,강당 운영팀은 좌석 번호가 지워진 문제를 보고했다. 시설 담당이 다시 표시하기로 했다.,minutes,basic-case-8cc677261da3e988f553,team-added-synthetic:basic-independent-v2
basic-184fed23dead1fa4530d,행사 손목띠를 배부할 때 참가 유형을 확인합니다. 유형별 색상을 혼동하지 않게 정리합니다.,manual,basic-case-184fed23dead1fa4530d,team-added-synthetic:basic-independent-v2
basic-87d2b9f26961eb58ea96,전시 유리문을 닫은 뒤 잠금 상태를 확인합니다. 잠기지 않으면 관리 담당자에게 알립니다.,manual,basic-case-87d2b9f26961eb58ea96,team-added-synthetic:basic-independent-v2
basic-b35efb75095f29f6636b,주민 응급 대응 교육에 실습 시간이 포함됩니다. 편하게 움직일 수 있는 복장으로 참여해 주세요.,announcement,basic-case-b35efb75095f29f6636b,team-added-synthetic:basic-independent-v2
basic-934147cdac1c9ac02850,봉사 모임은 활동 확인서 요청이 누락되는 사례를 살펴봤다. 접수 목록에 발급 상태를 추가하기로 했다.,minutes,basic-case-934147cdac1c9ac02850,team-added-synthetic:basic-independent-v2
basic-414dd88ca43415eec254,시민회관 주차장 일부를 행사 장비 구역으로 사용합니다. 차량은 안내된 빈 구역에 주차해 주세요.,announcement,basic-case-414dd88ca43415eec254,team-added-synthetic:basic-independent-v2
basic-28f5452dcc3f16e0d087,주민 협의회는 안내문을 읽기 어려운 분께 구두 안내도 제공하기로 했다. 상담 담당이 지원한다.,minutes,basic-case-28f5452dcc3f16e0d087,team-added-synthetic:basic-independent-v2
basic-b34b2447e523c3700275,활동 자료를 나눠 줄 때 조별 수량을 계산합니다. 남은 자료는 배부 기록과 함께 보관합니다.,manual,basic-case-b34b2447e523c3700275,team-added-synthetic:basic-independent-v2
basic-393ad3dbccfe1f673e05,공공 연습실의 피아노 조율일에는 해당 악기를 사용할 수 없습니다. 다른 악기 대여는 정상 운영합니다.,announcement,basic-case-393ad3dbccfe1f673e05,team-added-synthetic:basic-independent-v2
basic-2f9edca0c41465700274,마을 모임은 회의 알림을 늦게 받는 문제를 확인했다. 다음 회의부터 일주일 전에 연락하기로 했다.,minutes,basic-case-2f9edca0c41465700274,team-added-synthetic:basic-independent-v2
basic-3c633e59f072e801bb76,공연팀은 음향 시험을 실제 무대에서 진행하기로 했다. 기술 담당이 시험 시간을 정한다.,minutes,basic-case-3c633e59f072e801bb76,team-added-synthetic:basic-independent-v2
basic-d331a0b62e8ef2eca250,청소년 사진실의 토요일 운영을 다음 달부터 시작합니다. 처음 이용하는 분은 안내 교육을 신청해 주세요.,announcement,basic-case-d331a0b62e8ef2eca250,team-added-synthetic:basic-independent-v2
basic-362b890a6e393e54a164,도서관 복사기가 수리 중입니다. 당분간 자료 복사가 필요한 분은 직원에게 문의해 주세요.,announcement,basic-case-362b890a6e393e54a164,team-added-synthetic:basic-independent-v2
basic-66382706ee6c9041a687,전시 해설팀은 자주 묻는 질문을 함께 정리하기로 했다. 새로운 질문은 목록에 계속 추가한다.,minutes,basic-case-66382706ee6c9041a687,team-added-synthetic:basic-independent-v2
basic-ece785d40a0f1160b106,행사 회계팀은 소액 지출의 영수증이 부족하다고 보고했다. 지출 즉시 증빙을 모으기로 했다.,minutes,basic-case-ece785d40a0f1160b106,team-added-synthetic:basic-independent-v2
basic-9aeac3b02238fac5c609,반려동물 동반 산책 행사에 안전 거리 안내를 추가했습니다. 신청자는 참가 전 내용을 확인해 주세요.,announcement,basic-case-9aeac3b02238fac5c609,team-added-synthetic:basic-independent-v2
basic-54d6b1f0980a3c593e11,청년 작가와의 대화는 신청 없이 참석할 수 있습니다. 좌석이 차면 현장 안내에 따라 주세요.,announcement,basic-case-54d6b1f0980a3c593e11,team-added-synthetic:basic-independent-v2
basic-6667e8e36a3ecb1af0d0,모임 대표들은 참가 취소 연락을 한 곳에서 받기로 했다. 진행자가 상태 목록을 갱신한다.,minutes,basic-case-6667e8e36a3ecb1af0d0,team-added-synthetic:basic-independent-v2
basic-6b006c98ff54fbe007a9,주민 동아리는 모임에 필요한 물품을 먼저 빌려 보기로 했다. 구매는 이용 결과를 본 뒤 결정한다.,minutes,basic-case-6b006c98ff54fbe007a9,team-added-synthetic:basic-independent-v2
basic-09ff380ab276de4b5c85,교육용 자석은 금속 도구와 떨어진 상자에 넣습니다. 강한 자석에는 취급 표시를 남깁니다.,manual,basic-case-09ff380ab276de4b5c85,team-added-synthetic:basic-independent-v2
basic-50f556ff55243595cd4b,아이디어 공모의 심사 결과 발표가 늦어집니다. 변경된 발표일은 접수자에게 문자로 알립니다.,announcement,basic-case-50f556ff55243595cd4b,team-added-synthetic:basic-independent-v2
basic-e8261e79639a9282b907,지역 음악 자료의 기증 상담을 받습니다. 물품을 보내기 전에 목록을 담당자에게 전달해 주세요.,announcement,basic-case-e8261e79639a9282b907,team-added-synthetic:basic-independent-v2
basic-195d957e6a146f2e8e98,박물관 방학 프로그램 중 발굴 체험만 추가 회차를 엽니다. 다른 프로그램 일정은 유지됩니다.,announcement,basic-case-195d957e6a146f2e8e98,team-added-synthetic:basic-independent-v2
basic-fc89c5283b4de16672ef,공용 계산기를 사용하기 전에 이전 입력을 지웁니다. 필요한 계산 결과는 별도로 적습니다.,manual,basic-case-fc89c5283b4de16672ef,team-added-synthetic:basic-independent-v2
basic-40f6ee3820d6acf2baf5,확대경은 렌즈를 확인한 뒤 케이스에서 꺼냅니다. 사용 후 부드러운 천으로 닦아 넣습니다.,manual,basic-case-40f6ee3820d6acf2baf5,team-added-synthetic:basic-independent-v2
basic-5f2e2919d383f746afb1,일회용 실습 재료는 준비 수량을 확인해 나눕니다. 남은 재료는 사용한 재료와 섞지 않습니다.,manual,basic-case-5f2e2919d383f746afb1,team-added-synthetic:basic-independent-v2
basic-75c77cd5cc0c622c76ed,도서 기증은 이번 달 잡지류를 제외하고 받습니다. 기증 전 접수 가능한 종류를 확인해 주세요.,announcement,basic-case-75c77cd5cc0c622c76ed,team-added-synthetic:basic-independent-v2
basic-b52e646f187c0f0fddde,의자를 옮기기 전에 바닥의 장애물을 치웁니다. 여러 의자를 무리하게 한 번에 들지 않습니다.,manual,basic-case-b52e646f187c0f0fddde,team-added-synthetic:basic-independent-v2
basic-87cc569b186ecabc73cf,마을 우물 정비 기간에는 주변 쉼터를 이용할 수 없습니다. 옆 정자의 휴식 공간은 개방합니다.,announcement,basic-case-87cc569b186ecabc73cf,team-added-synthetic:basic-independent-v2
basic-bd12946ad13bcd8b09af,우쿨렐레 입문반은 악기 대여 수량이 제한됩니다. 대여가 필요한 분은 신청서에 표시해 주세요.,announcement,basic-case-bd12946ad13bcd8b09af,team-added-synthetic:basic-independent-v2
basic-e5267e946186fe208def,봉사팀은 현장 업무를 구분해 맡기로 했다. 대표가 역할 목록을 정리한다.,minutes,basic-case-e5267e946186fe208def,team-added-synthetic:basic-independent-v2
basic-65e444f3efbab391dc94,사진 동아리는 촬영 후 결과 비교 시간을 늘리기로 했다. 진행자가 비교할 사진을 모은다.,minutes,basic-case-65e444f3efbab391dc94,team-added-synthetic:basic-independent-v2
basic-5fc4aa5fbc3f04f03072,체육 동아리는 준비 운동을 함께 진행하기로 했다. 담당 순서를 매달 바꾸기로 했다.,minutes,basic-case-5fc4aa5fbc3f04f03072,team-added-synthetic:basic-independent-v2
basic-92d066a94a14857e4a9c,동영상 자료를 등록할 때 제목과 재생 시간을 적습니다. 끝부분까지 정상 재생되는지 확인합니다.,manual,basic-case-92d066a94a14857e4a9c,team-added-synthetic:basic-independent-v2
basic-0581c794d3646725c698,증서에 이름을 인쇄하기 전에 최종 명단을 대조합니다. 오타가 있으면 원자료를 정정합니다.,manual,basic-case-0581c794d3646725c698,team-added-synthetic:basic-independent-v2
basic-91d846394e9bb31189aa,전시 설명서를 배치할 때 작품 번호를 대조합니다. 설명과 다른 작품 앞에 놓지 않습니다.,manual,basic-case-91d846394e9bb31189aa,team-added-synthetic:basic-independent-v2
basic-a84fc9b9bd304850eaf2,공동 작업실 운영팀은 반납 도구의 오염 문제를 살펴봤다. 반납 확인에 청소 상태를 추가했다.,minutes,basic-case-a84fc9b9bd304850eaf2,team-added-synthetic:basic-independent-v2
basic-21b0afdb1533a6b8a159,시민회관 입구에 행사별 안내판을 설치했습니다. 참가자는 행사 이름에 맞는 이동 방향을 확인해 주세요.,announcement,basic-case-21b0afdb1533a6b8a159,team-added-synthetic:basic-independent-v2
basic-c92b0e96590d62cdafb3,시민 합주단 신규 단원을 모집합니다. 오디션 시간은 신청자에게 개별 연락합니다.,announcement,basic-case-c92b0e96590d62cdafb3,team-added-synthetic:basic-independent-v2
basic-7b513b06e9329870e05a,회수한 설문지는 응답 여부를 확인합니다. 빈 설문지는 집계 대상에서 따로 구분합니다.,manual,basic-case-7b513b06e9329870e05a,team-added-synthetic:basic-independent-v2
basic-0feb09f3ec76887b9590,공용 칠판을 지울 때 지정 지우개를 사용합니다. 남은 글씨에 다른 약품을 임의로 바르지 않습니다.,manual,basic-case-0feb09f3ec76887b9590,team-added-synthetic:basic-independent-v2
basic-eb8b1fd42473a39aff86,자연 관찰 기록 공모는 종이에 작성한 자료도 접수합니다. 제출한 원본의 반환 여부를 접수 때 확인해 주세요.,announcement,basic-case-eb8b1fd42473a39aff86,team-added-synthetic:basic-independent-v2
basic-0e7f35c3fbb04a82a96c,봉사활동 확인서 발급 신청은 활동 종료 후 받습니다. 등록한 연락처로 발급 안내를 보냅니다.,announcement,basic-case-0e7f35c3fbb04a82a96c,team-added-synthetic:basic-independent-v2
basic-264d22fd030c8546fbf9,지역 조사팀은 인터뷰 장소가 시끄럽다는 문제를 논의했다. 조용한 대체 공간을 찾아보기로 했다.,minutes,basic-case-264d22fd030c8546fbf9,team-added-synthetic:basic-independent-v2
basic-17aff3e58e991c15d2b3,연극 운영팀은 공연 소품의 소유자를 구분하기로 했다. 빌린 물품의 반환 목록을 만든다.,minutes,basic-case-17aff3e58e991c15d2b3,team-added-synthetic:basic-independent-v2
basic-caf482eca3cb6ff8b38e,소모임 대표들은 공간 사용 후 사진을 남기기로 했다. 정리 상태를 확인하는 기록으로 사용한다.,minutes,basic-case-caf482eca3cb6ff8b38e,team-added-synthetic:basic-independent-v2
basic-3d3a9a094a8cca7d3721,도예 모임은 작품 반환 연락 방법을 논의했다. 완료된 작품부터 개별 연락하기로 했다.,minutes,basic-case-3d3a9a094a8cca7d3721,team-added-synthetic:basic-independent-v2
basic-8bcd6fc38e2050d4dac5,표본을 촬영할 때 배경을 단순하게 둡니다. 크기 기준이 되는 자를 함께 놓습니다.,manual,basic-case-8bcd6fc38e2050d4dac5,team-added-synthetic:basic-independent-v2
basic-350fd14e3a89723c48a1,주민센터 직원들은 안내실 문의가 집중되는 시간을 확인했다. 해당 시간에 지원 인력을 배치하기로 했다.,minutes,basic-case-350fd14e3a89723c48a1,team-added-synthetic:basic-independent-v2
basic-1bda7739baf89f353953,보관함을 잠그기 전에 내부에 다른 이용자의 물품이 없는지 봅니다. 열쇠 번호를 대여 기록에 적습니다.,manual,basic-case-1bda7739baf89f353953,team-added-synthetic:basic-independent-v2
basic-cb12118edc24f0925c9c,아파트 주민 음악회는 광장에서 진행합니다. 개인 의자를 가져오는 분은 이동 통로를 비워 주세요.,announcement,basic-case-cb12118edc24f0925c9c,team-added-synthetic:basic-independent-v2
basic-17265ffeeee50e7a62b0,합주팀은 연습 시작 전에 조율 시간을 두기로 했다. 파트 대표가 악기 상태를 확인한다.,minutes,basic-case-17265ffeeee50e7a62b0,team-added-synthetic:basic-independent-v2
basic-eceff173055137376abb,자료 정리팀은 내용이 같은 인쇄물이 많다고 보고했다. 보관할 부수와 처리할 부수를 구분하기로 했다.,minutes,basic-case-eceff173055137376abb,team-added-synthetic:basic-independent-v2
basic-cd5b8df84f0fda5cb6d5,개방형 강당의 무대 조명 점검으로 낮에도 조명이 켜질 수 있습니다. 점검 구역에는 들어가지 말아 주세요.,announcement,basic-case-cd5b8df84f0fda5cb6d5,team-added-synthetic:basic-independent-v2
basic-4f62a9236e2b50f051d9,보관 상자의 내용물을 바꿨으면 외부 목록을 갱신합니다. 이전 목록은 현재 내용과 구분해 둡니다.,manual,basic-case-4f62a9236e2b50f051d9,team-added-synthetic:basic-independent-v2
basic-0437b6a4c744f5caca03,낭독용 책갈피는 읽는 쪽의 모서리에 끼웁니다. 접착제로 본문에 붙이지 않습니다.,manual,basic-case-0437b6a4c744f5caca03,team-added-synthetic:basic-independent-v2
basic-c7ddb090ac52cb1ea3ef,학교 행사팀은 보호자 대기 공간을 늘리기로 했다. 사용 가능한 교실을 확인한다.,minutes,basic-case-c7ddb090ac52cb1ea3ef,team-added-synthetic:basic-independent-v2
basic-0de7051419dd2bbe9835,수업 중 사용하는 물컵은 참가자별로 구분합니다. 사용 후에는 정해진 세척 장소에 모읍니다.,manual,basic-case-0de7051419dd2bbe9835,team-added-synthetic:basic-independent-v2
basic-2f60a51d6b3b46f76f7c,합주 악보는 파트 이름을 확인해 배부합니다. 남은 부수와 부족한 파트를 기록합니다.,manual,basic-case-2f60a51d6b3b46f76f7c,team-added-synthetic:basic-independent-v2
basic-19676610710bcbc4a03b,도서 모임은 책 반납을 다음 활동 시작 전에 확인하기로 했다. 대표가 대여 목록을 관리한다.,minutes,basic-case-19676610710bcbc4a03b,team-added-synthetic:basic-independent-v2
basic-3db9a9bc623b3a8b9589,지역 공공자료 활용 교육을 신청할 수 있습니다. 수강료는 없으며 개인 노트북 지참 여부를 알려 주세요.,announcement,basic-case-3db9a9bc623b3a8b9589,team-added-synthetic:basic-independent-v2
basic-8b5fadcb2cbec0d92dde,행사팀은 분실한 안내기기의 위치를 확인했다. 보관실에서 찾은 기기를 충전한 뒤 다시 배부하기로 했다.,minutes,basic-case-8b5fadcb2cbec0d92dde,team-added-synthetic:basic-independent-v2
basic-ad41cd069a4a8ab8112d,합창 운영팀은 쉬는 시간이 짧다는 의견을 들었다. 연습 중간 휴식을 늘리기로 했다.,minutes,basic-case-ad41cd069a4a8ab8112d,team-added-synthetic:basic-independent-v2
basic-b0fdc55b4faf95ca1846,교육용 카드를 정리할 때 번호 순서대로 놓습니다. 빠진 번호는 목록에 표시합니다.,manual,basic-case-b0fdc55b4faf95ca1846,team-added-synthetic:basic-independent-v2
basic-ef1fb8291ab575669aa7,전시 준비팀은 작품 높이를 조정할 필요가 있다고 의견을 모았다. 설치 담당이 견본 배치를 만든다.,minutes,basic-case-ef1fb8291ab575669aa7,team-added-synthetic:basic-independent-v2
basic-56a0bd1dd6b783556c0b,주민회의는 결정 사항을 짧게 정리해 게시하기로 했다. 기록 담당이 공개용 문안을 작성한다.,minutes,basic-case-56a0bd1dd6b783556c0b,team-added-synthetic:basic-independent-v2
basic-72fb98c4d90ca23433d2,사진 수업 담당자는 촬영 주제를 하나로 제한하지 않기로 했다. 공통 조건만 안내한다.,minutes,basic-case-72fb98c4d90ca23433d2,team-added-synthetic:basic-independent-v2
basic-902cff2d4b2fbd8f22ee,시민 체육대회 종목별 참가 명단을 게시했습니다. 이름이 빠진 경우 접수 담당자에게 연락해 주세요.,announcement,basic-case-902cff2d4b2fbd8f22ee,team-added-synthetic:basic-independent-v2
basic-ceb47aa9162dbc466e39,작품집 제작팀은 원고 마감 후 수정 요청이 많다는 문제를 검토했다. 교정 기간을 따로 두기로 했다.,minutes,basic-case-ceb47aa9162dbc466e39,team-added-synthetic:basic-independent-v2
basic-7504ff08960dc3e13d52,접이식 행사용 탁자는 고정핀을 확인한 뒤 펼칩니다. 손이 접히는 부분에 끼지 않게 주의합니다.,manual,basic-case-7504ff08960dc3e13d52,team-added-synthetic:basic-independent-v2
basic-104a93200cb55ea69a94,행사 종료 뒤 이름표를 수거할 때 개인정보가 보이는 면을 가립니다. 보관 또는 폐기 기준에 따라 처리합니다.,manual,basic-case-104a93200cb55ea69a94,team-added-synthetic:basic-independent-v2
basic-0c8d62914db60c254889,강연 담당자는 좌석 부족 상황을 검토했다. 추가 의자 배치 전에 통로 안전을 확인하기로 했다.,minutes,basic-case-0c8d62914db60c254889,team-added-synthetic:basic-independent-v2
basic-03c91ad96dea59cbdba0,공용 사물함의 물품을 정리할 때 소유자를 확인합니다. 확인되지 않은 물건을 임의로 버리지 않습니다.,manual,basic-case-03c91ad96dea59cbdba0,team-added-synthetic:basic-independent-v2
basic-47e57aa2b24a2cb3b234,피아노 덮개를 열 때 주변에 놓인 물건을 치웁니다. 사용 뒤에는 덮개를 천천히 닫습니다.,manual,basic-case-47e57aa2b24a2cb3b234,team-added-synthetic:basic-independent-v2
basic-1d1b4f27ad0989c5a4ec,방문증을 회수하면 발급 번호를 대조합니다. 반납하지 않은 번호는 따로 표시합니다.,manual,basic-case-1d1b4f27ad0989c5a4ec,team-added-synthetic:basic-independent-v2
basic-7c7fe7e134a5918161fa,우편물을 분류할 때 수신 부서를 확인합니다. 부서가 불명확하면 안내실에 문의합니다.,manual,basic-case-7c7fe7e134a5918161fa,team-added-synthetic:basic-independent-v2
basic-c8fd67afadb6f35a363c,공예 교육팀은 재료 설명에 실물 견본을 추가하기로 했다. 강사가 종류별 견본을 준비한다.,minutes,basic-case-c8fd67afadb6f35a363c,team-added-synthetic:basic-independent-v2
basic-ce21e48f8d00d8c10f7b,주민 텃밭 신청 결과를 접수번호로 게시했습니다. 선정된 분은 지정 기간에 이용 의사를 회신해 주세요.,announcement,basic-case-ce21e48f8d00d8c10f7b,team-added-synthetic:basic-independent-v2
basic-6a93b37fbbe28074dde4,종이 자료를 묶을 때 같은 판본인지 확인합니다. 수정 전 자료는 따로 구분해 둡니다.,manual,basic-case-6a93b37fbbe28074dde4,team-added-synthetic:basic-independent-v2
basic-c7e89b6647ef0e7b8de6,문화 모임은 활동 결과물을 공동 전시하기로 했다. 공개를 원하지 않는 작품은 제외한다.,minutes,basic-case-c7e89b6647ef0e7b8de6,team-added-synthetic:basic-independent-v2
basic-e635fce39ce11814f448,주민센터 운영팀은 폐강 연락이 늦었다고 보고했다. 변경 결정 직후 수강생에게 알리기로 했다.,minutes,basic-case-e635fce39ce11814f448,team-added-synthetic:basic-independent-v2
basic-7f96a959fdf4dc884684,공원 안내소의 연락처가 바뀌었습니다. 시설 이용 문의는 새 번호를 이용해 주세요.,announcement,basic-case-7f96a959fdf4dc884684,team-added-synthetic:basic-independent-v2
basic-6bb92a3505789c001a57,가을 운동회 참가 팀은 이름과 대표 연락처를 제출해 주세요. 제출 마감은 다음 주 화요일입니다.,announcement,basic-case-6bb92a3505789c001a57,team-added-synthetic:basic-independent-v2
basic-9362cdc2644f5ee590f1,접수 취소 연락을 받으면 해당 신청번호를 찾습니다. 다른 신청의 상태를 바꾸지 않습니다.,manual,basic-case-9362cdc2644f5ee590f1,team-added-synthetic:basic-independent-v2
basic-47d4ef392a2fddad5bbb,식물 교환 장터는 해충이 없는 화분만 접수합니다. 참가 전에 화분 상태를 확인해 주세요.,announcement,basic-case-47d4ef392a2fddad5bbb,team-added-synthetic:basic-independent-v2
basic-9ee4270fc8f52263e2f9,체험 강사들은 재료 사용량이 다르다는 의견을 나눴다. 참가 인원에 맞춘 기본 수량을 정하기로 했다.,minutes,basic-case-9ee4270fc8f52263e2f9,team-added-synthetic:basic-independent-v2
basic-83eb83a4b2ac748300a0,전시 조명을 켜기 전에 주변에 가연성 물품이 없는지 살핍니다. 이상이 있으면 담당자에게 확인합니다.,manual,basic-case-83eb83a4b2ac748300a0,team-added-synthetic:basic-independent-v2
