id,text,label,group_id,source
inquiries-v2-shipping-train-036-v2,상품 설명서가 별도 우편으로 온다는데 아직 보이지 않아요. 추가 발송 건의 접수 여부와 조회 방법을 확인해 주세요.,shipping,inquiries-v2-shipping-train-036,original-synthetic:synthetic-ko-v2.0
inquiries-v2-shipping-train-047-v1,마지막 조회는 지역 배송점 인계인데 안내된 지점이 전화를 받지 않습니다. 상위 고객센터를 통해 인계 상태를 확인하고 싶습니다.,shipping,inquiries-v2-shipping-train-047,original-synthetic:synthetic-ko-v2.0
inquiries-v2-account-train-025-v2,새 댓글 알림이 밤에도 자주 와서 특정 시간 동안만 받지 않으려고 합니다. 다음 날에는 다시 받아야 해서 전체 수신 해제는 원하지 않아요. 회원 설정에서 알림 시간을 나누어 관리할 수 있을까요?,account,inquiries-v2-account-train-025,original-synthetic:synthetic-ko-v2.0
inquiries-v2-refund-train-042-v1,연간 서비스가 자동 갱신된 것을 오늘 알았고 새 기간의 기능은 쓰지 않았습니다. 다음 갱신만 막는 것이 아니라 이번 갱신 결제의 취소를 검토받고 싶습니다. 사용 내역을 확인해 환불을 요청할 수 있나요?,refund,inquiries-v2-refund-train-042,original-synthetic:synthetic-ko-v2.0
inquiries-v2-shipping-train-053-v2,"출고 절차가 주소 확인 단계에서 진행되지 않아요. 주소를 정확히 적었는지 재확인했고, 추가로 보완할 정보가 있는지 판매자에게 문의하고 싶어요.",shipping,inquiries-v2-shipping-train-053,original-synthetic:synthetic-ko-v2.0
inquiries-v2-shipping-train-007-v2,물건을 여러 박스로 보낸다는데 전체 박스 개수를 어디서 보나요? 수령한 상자와 대조하려고 합니다.,shipping,inquiries-v2-shipping-train-007,original-synthetic:synthetic-ko-v2.0
inquiries-v2-shipping-train-027-v1,냉장 보관이 필요한 상품을 주문했습니다. 받을 사람을 준비하려면 운송사에서 어느 정도의 방문 시간 정보를 확인할 수 있나요?,shipping,inquiries-v2-shipping-train-027,original-synthetic:synthetic-ko-v2.0
inquiries-v2-refund-train-030-v1,반품 물건을 보낸 뒤 신청서에 운송장 번호 한 자리를 잘못 적었습니다. 실제 접수 영수증은 가지고 있습니다. 환불 검수가 다른 소포를 기다리지 않도록 반환 번호를 정정하고 싶습니다.,refund,inquiries-v2-refund-train-030,original-synthetic:synthetic-ko-v2.0
inquiries-v2-shipping-train-007-v1,분할 발송이라고 안내받았는데 총 몇 상자인지는 안 나옵니다. 모두 받았는지 확인할 수 있도록 포장 수량을 알고 싶습니다.,shipping,inquiries-v2-shipping-train-007,original-synthetic:synthetic-ko-v2.0
inquiries-v2-shipping-train-033-v1,순차 발송 상품인데 제 주문에 출고 차례가 배정됐는지 표시되지 않습니다. 개별 주문의 배정 상태를 어디서 확인하나요?,shipping,inquiries-v2-shipping-train-033,original-synthetic:synthetic-ko-v2.0
inquiries-v2-refund-train-026-v2,중고 기기를 넘기고 차액으로 산 새 기기를 반품하려 합니다. 중고 기기는 이미 줬는데 실결제액과 보상액은 각각 어떻게 반환되나요?,refund,inquiries-v2-refund-train-026,original-synthetic:synthetic-ko-v2.0
inquiries-v2-refund-train-035-v1,포장을 열어 확인하니 구성표에 적힌 연결 부품 여섯 개 중 두 개가 없습니다. 사용이나 조립은 하지 않았고 추가 발송보다 반품을 원합니다. 부족한 부품을 포함해 구매 취소를 심사받으려면 어떻게 하나요?,refund,inquiries-v2-refund-train-035,original-synthetic:synthetic-ko-v2.0
inquiries-v2-account-train-056-v2,"임시 글 하나를 실수로 삭제했어요. 전체 계정 복원은 원하지 않는데, 삭제한 초안을 보관하는 기간과 그 글만 복구할 방법이 있나요?",account,inquiries-v2-account-train-056,original-synthetic:synthetic-ko-v2.0
inquiries-v2-account-train-024-v1,다른 사람에게 알려 준 제 프로필 주소의 끝부분을 새 이름으로 바꾸고 싶습니다. 로그인 아이디를 바꾸려는 것은 아니에요. 공개 프로필 주소를 변경할 수 있는지와 예전 링크가 계속 연결되는지 궁금합니다.,account,inquiries-v2-account-train-024,original-synthetic:synthetic-ko-v2.0
inquiries-v2-account-train-042-v2,"탈퇴 완료된 뒤 새로 가입하려고 합니다. 예전 기록은 필요 없는데 같은 메일을 다시 쓸 수 있는지, 기다릴 기간이 있는지 궁금해요.",account,inquiries-v2-account-train-042,original-synthetic:synthetic-ko-v2.0
inquiries-v2-shipping-train-013-v2,배송 시작 문자를 받았지만 어느 구매 건인지 모르겠어요. 문자 정보와 주문 내역을 안전하게 맞춰 보는 방법이 궁금합니다.,shipping,inquiries-v2-shipping-train-013,original-synthetic:synthetic-ko-v2.0
inquiries-v2-account-train-005-v2,게시글을 읽고 쓰기 위해 회원을 만들려는데 주소 입력 항목이 보입니다. 아직 구매나 배송을 신청한 적은 없어요. 게시판 회원으로만 이용할 때도 주소를 등록해야 하는지 확인 부탁드립니다.,account,inquiries-v2-account-train-005,original-synthetic:synthetic-ko-v2.0
inquiries-v2-account-train-026-v2,메시지는 계속 주고받되 프로필의 온라인 표시만 숨기고 싶어요. 계정을 비활성화하지 않고 접속 상태 공개를 바꿀 수 있나요?,account,inquiries-v2-account-train-026,original-synthetic:synthetic-ko-v2.0
inquiries-v2-account-train-038-v1,제 자료에 누구나 열 수 있는 링크를 만들었는데 이제 그 링크만 막고 싶습니다. 따로 초대한 팀원들은 계속 자료를 봐야 해요. 공개 링크를 끄면 지정한 회원의 열람 권한도 함께 사라지는지 알려 주세요.,account,inquiries-v2-account-train-038,original-synthetic:synthetic-ko-v2.0
inquiries-v2-account-train-034-v2,팀 공간에 손님으로 초대받았는데 이용 기한이 있다고 합니다. 제 권한 종료일을 확인하고 필요하면 연장을 요청할 곳을 알려 주세요.,account,inquiries-v2-account-train-034,original-synthetic:synthetic-ko-v2.0
inquiries-v2-shipping-train-006-v1,운송장에 집하보다 간선 이동 기록이 먼저 찍혀 있습니다. 기록 순서가 뒤집힌 이유와 현재 단계 확인 방법을 알고 싶습니다.,shipping,inquiries-v2-shipping-train-006,original-synthetic:synthetic-ko-v2.0
inquiries-v2-account-train-050-v2,공용 기기의 로그인 화면에 제 아이디만 남았어요. 자동 로그인은 껐고 암호도 저장하지 않았는데 아이디 기억만 해제할 수 있나요?,account,inquiries-v2-account-train-050,original-synthetic:synthetic-ko-v2.0
inquiries-v2-account-train-021-v2,프로필 자기소개란에 문단을 나누어 입력했더니 두 번째 줄부터 사라졌습니다. 한 줄로 쓸 때는 저장되는데 여러 줄일 때만 이런 현상이 있어요. 계정 소개에서 지원하는 입력 형식을 알고 싶습니다.,account,inquiries-v2-account-train-021,original-synthetic:synthetic-ko-v2.0
inquiries-v2-refund-train-058-v1,구매한 물건을 반환하려고 보니 판매자 상점이 폐점 상태이고 문의 메뉴도 닫혀 있습니다. 주문 기록은 중개 플랫폼에 남아 있습니다. 임의 주소로 보내지 않고 공식 반품 심사를 신청할 경로를 알고 싶습니다.,refund,inquiries-v2-refund-train-058,original-synthetic:synthetic-ko-v2.0
inquiries-v2-refund-train-009-v2,기기와 함께 산 연장 보증을 등록하기 전입니다. 제품은 쓰고 추가 보증만 취소하려는데 보증료를 따로 돌려받을 수 있나요?,refund,inquiries-v2-refund-train-009,original-synthetic:synthetic-ko-v2.0
inquiries-v2-refund-train-056-v2,연간 결제한 서비스의 운영 종료일이 이용권 만료일보다 빠릅니다. 다른 서비스로 이전할 생각은 없고 이용할 수 없는 기간의 비용을 돌려받으려 합니다. 남은 기간 산정과 환불 접수 경로를 알려 주세요.,refund,inquiries-v2-refund-train-056,original-synthetic:synthetic-ko-v2.0
inquiries-v2-shipping-train-058-v1,운송 중인 상자에 온도 주의 표시가 있다고 합니다. 기사님이 배송 사이에 잠시 보관할 때 적용하는 취급 조건을 확인하고 싶습니다.,shipping,inquiries-v2-shipping-train-058,original-synthetic:synthetic-ko-v2.0
inquiries-v2-account-train-046-v2,개명했는데 확인된 회원 성명은 예전 이름입니다. 별명 수정이 아니라 본인 성명 정정을 공식 창구에서 문의할 방법을 알려 주세요.,account,inquiries-v2-account-train-046,original-synthetic:synthetic-ko-v2.0
inquiries-v2-refund-train-037-v2,옷 안쪽 솔기가 풀려 있어 착용도 세척도 하지 않았습니다. 받은 상태를 찍어 뒀고 수선을 맡길 생각은 없습니다. 해당 결제를 취소하기 위한 반품 신청에 어떤 내용을 적어야 하나요?,refund,inquiries-v2-refund-train-037,original-synthetic:synthetic-ko-v2.0
inquiries-v2-account-train-060-v2,안 쓰는 개인 접근 토큰 하나만 폐기하고 계정과 일반 로그인은 유지하려고 해요. 그 토큰을 없앨 때 영향받는 권한을 확인할 수 있나요?,account,inquiries-v2-account-train-060,original-synthetic:synthetic-ko-v2.0
inquiries-v2-account-train-036-v1,제가 만든 공동 문서를 앞으로 다른 팀원이 관리하게 하려고 합니다. 회원 계정을 넘기거나 비밀번호를 공유하려는 것은 아니에요. 문서의 소유자만 바꾸고 저는 일반 참여자로 남을 수 있는지 궁금합니다.,account,inquiries-v2-account-train-036,original-synthetic:synthetic-ko-v2.0
inquiries-v2-refund-train-027-v1,구매를 전부 취소하려는데 상품 대금 외에 카드 할부 수수료를 낸 내역도 있습니다. 수수료까지 판매자에게 요청하는 것인지 카드사 확인이 필요한지 궁금합니다. 환불 범위와 확인 창구를 구분해 주세요.,refund,inquiries-v2-refund-train-027,original-synthetic:synthetic-ko-v2.0
inquiries-v2-shipping-train-031-v2,주문 때 본 운송업체가 발송 후 바뀌었어요. 현재 배송 담당 업체와 조회 정보를 확인하는 경로를 알려 주세요.,shipping,inquiries-v2-shipping-train-031,original-synthetic:synthetic-ko-v2.0
inquiries-v2-account-train-022-v1,프로필 사진을 없애고 기본 그림으로 바꾸려고 삭제를 눌렀습니다. 그때는 사진이 없어졌는데 다음에 로그인하니 이전 사진이 다시 보여요. 계정 사진을 완전히 제거할 수 있는지와 삭제 상태를 확인하고 싶습니다.,account,inquiries-v2-account-train-022,original-synthetic:synthetic-ko-v2.0
inquiries-v2-refund-train-038-v2,반품할 물건은 새집에 있는데 회수 주소를 이사 전 주소로 썼습니다. 회수 전이라 환불 건을 새로 만들지 않고 주소만 바꾸고 싶습니다.,refund,inquiries-v2-refund-train-038,original-synthetic:synthetic-ko-v2.0
inquiries-v2-account-train-047-v1,"제가 집에서 접속한 시각의 로그인 기록에 다른 도시 이름이 표시됩니다. 기기와 시간은 제 사용 내역과 맞아요. 지역 표시가 실제 위치를 뜻하는지 궁금하고, 제 접속 기록인지 확인할 기준을 알고 싶습니다.",account,inquiries-v2-account-train-047,original-synthetic:synthetic-ko-v2.0
inquiries-v2-account-train-009-v1,처음 비밀번호를 정하면서 특수문자를 넣었는데 허용되지 않는 문자라는 안내가 나옵니다. 어떤 기호를 사용할 수 있는지는 화면에 보이지 않아요. 비밀번호를 여기에 적지 않고도 설정 기준을 확인할 수 있을까요?,account,inquiries-v2-account-train-009,original-synthetic:synthetic-ko-v2.0
inquiries-v2-account-train-049-v1,화면 읽기 도구로 로그인 인증번호를 입력하면 숫자 칸이 자동으로 넘어가면서 한 자리가 자꾸 빠집니다. 번호 자체는 정상적으로 받았어요. 여러 칸 대신 한 칸에 입력하는 등 이용 가능한 방법이 있는지 궁금합니다.,account,inquiries-v2-account-train-049,original-synthetic:synthetic-ko-v2.0
inquiries-v2-shipping-train-039-v2,다음 주에 보내 달라고 했는데 벌써 발송 알림이 떴네요. 실제 출고 여부와 예약 적용 상태를 확인할 수 있나요?,shipping,inquiries-v2-shipping-train-039,original-synthetic:synthetic-ko-v2.0
inquiries-v2-shipping-train-020-v1,아침에 배달 출발 알림을 받았지만 방문 기록 없이 하루가 지났습니다. 운송사에서 다음 진행 상황을 확인하는 방법을 알고 싶어요.,shipping,inquiries-v2-shipping-train-020,original-synthetic:synthetic-ko-v2.0
inquiries-v2-shipping-train-012-v2,사무실 직원에게 직접 주면 안 되고 지정 접수 창구로 보내야 해요. 배송 안내에 이 인계 규칙을 적을 수 있나요?,shipping,inquiries-v2-shipping-train-012,original-synthetic:synthetic-ko-v2.0
inquiries-v2-account-train-017-v1,인증 앱에 방금 표시된 번호를 넣어도 만료된 코드라고 나옵니다. 살펴보니 휴대전화 시각이 다른 기기보다 몇 분 어긋나 있어요. 시간 설정 때문에 생길 수 있는 문제인지와 공식 점검 방법을 알고 싶습니다.,account,inquiries-v2-account-train-017,original-synthetic:synthetic-ko-v2.0
inquiries-v2-refund-train-017-v2,한 제품의 본체와 받침대를 두 상자로 나눠 반품합니다. 환불 신청은 한 건인데 두 상자 모두 같은 접수에 연결하려면 어떻게 하나요?,refund,inquiries-v2-refund-train-017,original-synthetic:synthetic-ko-v2.0
inquiries-v2-shipping-train-027-v2,차갑게 유지해야 하는 물건이라 도착 때 바로 받고 싶어요. 확정되지 않은 날짜 말고 공식 배송 일정 확인 방법을 알려 주세요.,shipping,inquiries-v2-shipping-train-027,original-synthetic:synthetic-ko-v2.0
inquiries-v2-shipping-train-057-v1,판매자는 택배사에 넘겼다고 하고 택배사는 접수 전이라고 합니다. 양쪽 인계 사실을 대조할 수 있는 자료를 요청하고 싶어요.,shipping,inquiries-v2-shipping-train-057,original-synthetic:synthetic-ko-v2.0
inquiries-v2-account-train-027-v2,동일한 회원으로 여러 기기를 쓰고 있습니다. 한쪽에서 확인한 알림이 다른 쪽에서는 계속 새 알림으로 표시돼요. 계정의 알림 읽음 상태를 기기끼리 맞출 수 있는지 확인해 주실 수 있나요?,account,inquiries-v2-account-train-027,original-synthetic:synthetic-ko-v2.0
inquiries-v2-account-train-013-v2,로그인 암호를 확인하려고 표시 버튼을 켰는데 다시 숨기기가 되지 않습니다. 휴대전화 화면에 입력한 글자가 남아 있어요. 암호 내용을 보내지 않고 이 표시 기능의 문제를 문의할 수 있을까요?,account,inquiries-v2-account-train-013,original-synthetic:synthetic-ko-v2.0
inquiries-v2-refund-train-040-v2,구매 취소를 전화로 문의해 검토하겠다는 답을 받았지만 반품 목록은 비어 있습니다. 승인 결과보다 접수 유무를 먼저 알고 싶습니다. 같은 요청을 중복으로 넣기 전에 상담 기록 확인을 부탁드립니다.,refund,inquiries-v2-refund-train-040,original-synthetic:synthetic-ko-v2.0
inquiries-v2-shipping-train-059-v1,해외에서 오는 물건은 수령 서명을 다른 문자로 해야 한다고 들었습니다. 실제 운송사의 인수 확인 방식을 알아보고 싶어요.,shipping,inquiries-v2-shipping-train-059,original-synthetic:synthetic-ko-v2.0
inquiries-v2-shipping-train-042-v1,업무용 물품이라 발송 전 포장 수량 확인 자료가 필요합니다. 판매자가 출고 사진을 제공할 수 있는지 확인하고 싶어요.,shipping,inquiries-v2-shipping-train-042,original-synthetic:synthetic-ko-v2.0
inquiries-v2-shipping-train-014-v1,운송장이 새 번호로 바뀌었다는 연락을 받았는데 이전 번호만 조회됩니다. 이어진 배송 이력을 확인할 수 있는 경로가 있나요?,shipping,inquiries-v2-shipping-train-014,original-synthetic:synthetic-ko-v2.0
inquiries-v2-shipping-train-004-v2,배송 요청 사항을 입력했는데 최종 주문 화면에는 빈칸입니다. 메모 접수 여부를 어디에 문의해야 할까요?,shipping,inquiries-v2-shipping-train-004,original-synthetic:synthetic-ko-v2.0
inquiries-v2-shipping-train-018-v2,받는 사람이 내용물을 미리 모르게 보내고 싶어요. 택배 겉포장에 상품명이 보이는지 판매처에 확인하고 싶습니다.,shipping,inquiries-v2-shipping-train-018,original-synthetic:synthetic-ko-v2.0
inquiries-v2-account-train-053-v1,제가 실제로 메일을 받는 주소에는 플러스 기호가 들어 있습니다. 다른 곳에서는 사용했는데 회원가입 화면에서는 이메일 형식이 아니라고 나와요. 이 형식의 주소를 지원하는지와 등록 방법을 확인하고 싶습니다.,account,inquiries-v2-account-train-053,original-synthetic:synthetic-ko-v2.0
inquiries-v2-shipping-train-002-v1,운송장 미리보기에서 받는 사람 이름이 한 글자만 보입니다. 정상적인 가림 표시인지 실제 수취인 정보가 잘린 건지 확인하고 싶습니다.,shipping,inquiries-v2-shipping-train-002,original-synthetic:synthetic-ko-v2.0
inquiries-v2-shipping-train-016-v2,택배 받는 사람이 통화할 수 없는 시간대가 있어요. 이번 배송에서 문자 연락을 부탁하는 절차가 있나요?,shipping,inquiries-v2-shipping-train-016,original-synthetic:synthetic-ko-v2.0
inquiries-v2-shipping-train-041-v2,택배 방문 때 자리에 있었지만 조회에는 없었다고 나와요. 해당 배달 시도 기록을 확인해 줄 창구가 있나요?,shipping,inquiries-v2-shipping-train-041,original-synthetic:synthetic-ko-v2.0
inquiries-v2-shipping-train-054-v2,일반 택배가 아닌 직접 전달 방식으로 주문했어요. 발송 번호 대신 확인할 수 있는 인계 기록을 알고 싶습니다.,shipping,inquiries-v2-shipping-train-054,original-synthetic:synthetic-ko-v2.0
inquiries-v2-shipping-train-021-v1,수령 사진에 상자만 보여서 놓인 장소를 찾기 어렵습니다. 촬영 위치를 배송 담당자에게 확인하는 절차가 궁금합니다.,shipping,inquiries-v2-shipping-train-021,original-synthetic:synthetic-ko-v2.0
inquiries-v2-account-train-017-v2,"추가 인증에서 새로 바뀐 번호를 바로 입력해도 사용할 수 없다고 합니다. 인증 앱이 있는 휴대전화의 시계가 실제 시각과 달라 보이는데, 이 차이를 먼저 확인해야 할까요? 접속 절차를 점검받고 싶어요.",account,inquiries-v2-account-train-017,original-synthetic:synthetic-ko-v2.0
inquiries-v2-shipping-train-042-v2,받기 전에 몇 개를 포장해 보냈는지 증빙을 받아야 합니다. 출고 자료를 요청할 담당 경로를 알려 주세요.,shipping,inquiries-v2-shipping-train-042,original-synthetic:synthetic-ko-v2.0
inquiries-v2-shipping-train-035-v2,받는 창고가 예약번호 확인 후에만 하역을 허용한대요. 기사님이 방문 전에 이 정보를 받을 수 있게 연결하고 싶습니다.,shipping,inquiries-v2-shipping-train-035,original-synthetic:synthetic-ko-v2.0
inquiries-v2-account-train-006-v1,가입 과정에서 이용 목적을 고르다가 학습자인데 강사 항목을 눌렀습니다. 등록 후에는 수업 관리 화면만 보여서 제가 들을 수업을 찾기 어려워요. 새로 가입하지 않고 회원 역할을 바로잡을 수 있을까요?,account,inquiries-v2-account-train-006,original-synthetic:synthetic-ko-v2.0
inquiries-v2-refund-train-017-v1,본체와 받침대를 한 상품으로 샀는데 부피 때문에 반품 상자를 두 개로 나눴습니다. 신청은 한 건으로 되어 있습니다. 두 상자가 같은 환불 대상임을 알리려면 반품 접수에 무엇을 남겨야 하나요?,refund,inquiries-v2-refund-train-017,original-synthetic:synthetic-ko-v2.0
inquiries-v2-refund-train-048-v2,반품 신청 취소 버튼을 확인 버튼으로 착각해 눌렀습니다. 물건은 보내기 전이며 구매를 철회하려는 뜻은 그대로입니다. 닫힌 환불 요청을 다시 열 수 있나요?,refund,inquiries-v2-refund-train-048,original-synthetic:synthetic-ko-v2.0
inquiries-v2-account-train-021-v1,"회원 소개를 여러 줄로 적고 저장했는데 다시 열면 첫 줄만 남아 있습니다. 글자 수 제한은 넘기지 않았어요. 자기소개에 줄바꿈을 쓸 수 있는지, 아니면 저장 과정에서 내용이 빠진 것인지 확인 부탁드립니다.",account,inquiries-v2-account-train-021,original-synthetic:synthetic-ko-v2.0
inquiries-v2-shipping-train-035-v1,회사 창고에 물건을 넣으려면 입고 예약번호를 배송 기사에게 전달해야 합니다. 어떤 공식 연락 경로로 알리면 되나요?,shipping,inquiries-v2-shipping-train-035,original-synthetic:synthetic-ko-v2.0
inquiries-v2-shipping-train-044-v1,기사님과 전화로 정한 인도 방법이 조회 화면에는 반영되지 않았습니다. 통화 내용이 접수됐는지 공식 기록을 확인하고 싶습니다.,shipping,inquiries-v2-shipping-train-044,original-synthetic:synthetic-ko-v2.0
inquiries-v2-shipping-train-011-v1,오늘 도착 예정 안내를 받았지만 사업장 출입 승인은 내일 시작됩니다. 기사님 방문 전에 이 상황을 어떻게 전달해야 하나요?,shipping,inquiries-v2-shipping-train-011,original-synthetic:synthetic-ko-v2.0
inquiries-v2-refund-train-009-v1,제품과 함께 연장 보증 서비스를 결제했지만 보증 등록은 아직 하지 않았습니다. 제품은 사용할 예정이고 추가 보증만 철회하려 합니다. 보증료가 별도 취소 대상인지 확인받고 싶습니다.,refund,inquiries-v2-refund-train-009,original-synthetic:synthetic-ko-v2.0
inquiries-v2-shipping-train-033-v2,예약 물량을 차례대로 보낸다는데 저는 발송 순서를 알 수 없어요. 제 차례에 관한 공식 안내를 받고 싶습니다.,shipping,inquiries-v2-shipping-train-033,original-synthetic:synthetic-ko-v2.0
inquiries-v2-shipping-train-022-v2,발송된 상품의 위치를 보려는데 조회 링크가 작동하지 않아요. 운송 정보를 확인할 대체 경로를 알고 싶습니다.,shipping,inquiries-v2-shipping-train-022,original-synthetic:synthetic-ko-v2.0
inquiries-v2-account-train-016-v1,계정에 예전에 등록한 보안 질문의 답이 기억나지 않습니다. 현재 로그인은 가능한데 나중에 계정을 확인할 때 막힐까 걱정돼요. 답을 추측해서 반복 입력하지 않고 보조 확인 수단을 정비할 수 있을까요?,account,inquiries-v2-account-train-016,original-synthetic:synthetic-ko-v2.0
inquiries-v2-shipping-train-048-v2,배송 시작 알림의 개수가 주문 수량과 달라요. 한 박스라는 뜻인지 상품이 적게 나간 건지 대조해 주세요.,shipping,inquiries-v2-shipping-train-048,original-synthetic:synthetic-ko-v2.0
inquiries-v2-refund-train-048-v1,반품 신청을 취소하는 버튼을 진행 확인 버튼으로 잘못 눌렀습니다. 물건은 아직 보내지 않았지만 구매를 철회하려는 마음은 그대로입니다. 닫힌 요청을 다시 열거나 새 접수로 연결하는 방법이 있나요?,refund,inquiries-v2-refund-train-048,original-synthetic:synthetic-ko-v2.0
inquiries-v2-account-train-055-v1,게시물 작성에 시간이 오래 걸리면 등록할 때 다시 로그인하라고 나옵니다. 작성 중에는 화면을 계속 쓰고 있었어요. 어느 정도 활동이 없으면 접속이 끝나는지와 글을 잃지 않도록 확인할 항목을 알려 주세요.,account,inquiries-v2-account-train-055,original-synthetic:synthetic-ko-v2.0
inquiries-v2-account-train-011-v1,비밀번호 설정 안내에는 더 길게 입력하라고 나오는데 입력칸에서는 일정 글자 수 뒤로 더 써지지 않습니다. 안내 조건을 채울 수 없는 상태예요. 실제로 적용되는 길이 제한을 확인해 주실 수 있을까요?,account,inquiries-v2-account-train-011,original-synthetic:synthetic-ko-v2.0
inquiries-v2-refund-train-005-v2,매장 수령 주문의 보관 기한이 남았고 아직 찾아가지 않았습니다. 방문 계획이 없어졌는데 물건을 안 받고 구매를 취소할 수 있나요?,refund,inquiries-v2-refund-train-005,original-synthetic:synthetic-ko-v2.0
inquiries-v2-refund-train-016-v2,받은 제품의 구성이 주문과 달라 반품하려 했는데 사유를 잘못 선택했습니다. 회수 전에 잘못 쓴 단순 변심 항목을 정정하고 싶습니다. 환불 건의 사유와 증빙을 수정하는 방법을 안내해 주세요.,refund,inquiries-v2-refund-train-016,original-synthetic:synthetic-ko-v2.0
inquiries-v2-shipping-train-012-v1,회사 물품은 정문이 아니라 구매팀 인수 창구에서만 받습니다. 이 주문의 도착 안내에 인수 위치를 정확히 남기고 싶습니다.,shipping,inquiries-v2-shipping-train-012,original-synthetic:synthetic-ko-v2.0
inquiries-v2-account-train-050-v1,로그인 화면에 제 아이디가 자동으로 표시되는데 다음 사람에게 보이지 않게 하고 싶습니다. 비밀번호를 바꾸거나 회원을 삭제하려는 것은 아니에요. 이 기기에 남은 아이디 표시만 없앨 수 있는지 알려 주세요.,account,inquiries-v2-account-train-050,original-synthetic:synthetic-ko-v2.0
inquiries-v2-shipping-train-038-v1,우편함에는 회사명이 있고 주문 수취인은 개인 이름으로 적혔습니다. 배달 담당자가 수령함을 찾을 수 있도록 설명을 남기고 싶어요.,shipping,inquiries-v2-shipping-train-038,original-synthetic:synthetic-ko-v2.0
inquiries-v2-account-train-032-v2,운영이 끝난 게시판에 제 댓글이 남아 있어요. 작성 계정으로 로그인해도 삭제 메뉴가 없는데 본인 댓글을 정리할 방법이 있나요?,account,inquiries-v2-account-train-032,original-synthetic:synthetic-ko-v2.0
inquiries-v2-account-train-052-v1,팀 자료를 관리하려고 여러 사람이 하나의 아이디를 함께 쓰자는 이야기가 나왔습니다. 각자 회원으로 들어가면서 같은 자료를 다룰 수는 없을까요? 비밀번호를 돌려 쓰기 전에 지원하는 공동 이용 방식을 알고 싶어요.,account,inquiries-v2-account-train-052,original-synthetic:synthetic-ko-v2.0
inquiries-v2-account-train-018-v2,"복구 코드 하나로 로그인했습니다. 사용한 것만 지우면 되는지, 나머지도 무효가 돼 전체를 재발급해야 하는지 궁금해요.",account,inquiries-v2-account-train-018,original-synthetic:synthetic-ko-v2.0
inquiries-v2-refund-train-052-v1,강좌는 운영 측 사정으로 취소됐지만 함께 주문한 유료 교재 결제는 남아 있습니다. 교재는 아직 발송되지 않았고 필요하지 않습니다. 강좌 환급과 별도로 교재 구매도 철회해야 하는지 알려 주세요.,refund,inquiries-v2-refund-train-052,original-synthetic:synthetic-ko-v2.0
inquiries-v2-shipping-train-056-v2,배송 시간대가 더 넓게 표시돼 수령 준비가 어렵습니다. 지금 적용되는 방문 계획을 담당자에게 문의할 수 있나요?,shipping,inquiries-v2-shipping-train-056,original-synthetic:synthetic-ko-v2.0
inquiries-v2-refund-train-023-v2,이미 철회한 주문의 입금 안내를 가족이 뒤늦게 보고 송금했습니다. 상품 발송을 원하지 않고 해당 입금액을 반환받으려 합니다. 주문 취소 기록과 송금 기록을 대조할 접수 경로를 알려 주세요.,refund,inquiries-v2-refund-train-023,original-synthetic:synthetic-ko-v2.0
inquiries-v2-account-train-007-v1,가입할 때 여권에 적힌 영문 이름을 넣으려고 하는데 이름 사이의 공백과 하이픈을 허용하지 않습니다. 서류의 이름과 다르게 적어도 되는지 걱정돼요. 이 경우 어떤 성명 표기를 사용할 수 있는지 확인해 주세요.,account,inquiries-v2-account-train-007,original-synthetic:synthetic-ko-v2.0
inquiries-v2-shipping-train-046-v2,택배 포장을 보강하는 동안 출고 대기라고 합니다. 작업 완료 여부를 확인할 판매자 연락 경로를 알고 싶어요.,shipping,inquiries-v2-shipping-train-046,original-synthetic:synthetic-ko-v2.0
inquiries-v2-account-train-023-v2,계정에 연락용 번호를 등록한 뒤 프로필에서 번호가 표시됩니다. 본인에게만 보이는 화면인지 방문한 회원도 보는지 알 수 없어요. 번호를 지우기 전에 연락처의 공개 범위를 확인하고 싶습니다.,account,inquiries-v2-account-train-023,original-synthetic:synthetic-ko-v2.0
inquiries-v2-shipping-train-019-v2,택배 기사 연락처가 연결되지 않는 번호로 표시됩니다. 다른 번호를 추측하지 않고 배송 문의를 전달할 방법이 있나요?,shipping,inquiries-v2-shipping-train-019,original-synthetic:synthetic-ko-v2.0
inquiries-v2-refund-train-010-v1,묶음 주문에서 한 품목만 취소하면 남는 금액이 최소 주문 금액보다 작아집니다. 나머지 물건은 받고 싶습니다. 일부 취소가 가능한지와 그 경우 환급액이 어떻게 계산되는지 먼저 확인하려 합니다.,refund,inquiries-v2-refund-train-010,original-synthetic:synthetic-ko-v2.0
inquiries-v2-shipping-train-005-v2,발송을 멈춰 달라고 해 둔 상품을 다시 보내 달라고 하려 합니다. 원래 주문을 유지하면서 출고 재개를 요청하고 싶어요.,shipping,inquiries-v2-shipping-train-005,original-synthetic:synthetic-ko-v2.0
inquiries-v2-shipping-train-024-v1,택배가 제가 사는 곳과 반대 방향의 터미널에 도착했습니다. 경유 허브인지 잘못 분류된 배송인지 확인할 수 있나요?,shipping,inquiries-v2-shipping-train-024,original-synthetic:synthetic-ko-v2.0
inquiries-v2-account-train-054-v2,기기마다 첫 글자 자동 대문자 설정이 달라 헷갈려요. 비밀번호가 아닌 로그인 아이디도 영문 대소문자를 구분하나요?,account,inquiries-v2-account-train-054,original-synthetic:synthetic-ko-v2.0
inquiries-v2-account-train-043-v2,현재 회원은 외부 계정 버튼 하나로 접속하고 있습니다. 그 계정과의 연결을 해제하고 싶은데 다른 로그인 방법이 등록돼 있지 않아요. 접속을 잃지 않으려면 어떤 순서로 가능 여부를 확인해야 할까요?,account,inquiries-v2-account-train-043,original-synthetic:synthetic-ko-v2.0
inquiries-v2-account-train-038-v2,문서의 공개 링크만 막고 지정해 초대한 팀원의 권한은 남기고 싶어요. 링크 공개와 회원 열람 권한을 따로 관리할 수 있나요?,account,inquiries-v2-account-train-038,original-synthetic:synthetic-ko-v2.0
inquiries-v2-shipping-train-015-v1,출장 기간에 택배가 영업소에 보관된다고 합니다. 언제까지 보관되는지 확인한 뒤 수령 일정을 잡고 싶습니다.,shipping,inquiries-v2-shipping-train-015,original-synthetic:synthetic-ko-v2.0
inquiries-v2-refund-train-003-v1,기기는 택배로 받았지만 함께 결제한 방문 설치는 아직 이용하지 않았습니다. 가족이 설치를 도와줘 방문 서비스만 취소하려 합니다. 제품 구매를 유지하고 설치비만 반환받을 수 있는지 알려 주세요.,refund,inquiries-v2-refund-train-003,original-synthetic:synthetic-ko-v2.0
inquiries-v2-shipping-train-039-v1,지정한 발송일보다 먼저 출고 문자가 왔습니다. 예약 내용이 실제 운송에 반영됐는지 판매처에 확인하고 싶어요.,shipping,inquiries-v2-shipping-train-039,original-synthetic:synthetic-ko-v2.0
inquiries-v2-refund-train-020-v2,매장 잔액을 잘못 골라 많이 충전했고 아직 안 썼습니다. 기존 잔액은 두고 이번 충전만 취소한 뒤 다시 결제할 수 있을까요?,refund,inquiries-v2-refund-train-020,original-synthetic:synthetic-ko-v2.0
inquiries-v2-shipping-train-019-v1,배송 조회 화면의 연락 버튼을 누르면 없는 번호라고 나옵니다. 현재 담당 기사와 연락할 수 있는 공식 창구를 알려 주세요.,shipping,inquiries-v2-shipping-train-019,original-synthetic:synthetic-ko-v2.0
inquiries-v2-refund-train-005-v1,매장 수령으로 결제한 물건을 아직 찾아가지 않았고 보관 기한도 남아 있습니다. 방문 계획이 취소되어 상품을 받지 않으려 합니다. 수령하지 않은 주문의 구매 취소를 어디에서 신청하는지 궁금합니다.,refund,inquiries-v2-refund-train-005,original-synthetic:synthetic-ko-v2.0
inquiries-v2-account-train-008-v1,회원가입 마지막 제출 버튼을 누르는 순간 연결이 끊겨 완료 화면을 못 봤습니다. 다시 처음부터 작성하면 중복 가입이 될까 봐 멈췄어요. 방금 등록이 접수됐는지 확인한 뒤 이어서 진행할 수 있을까요?,account,inquiries-v2-account-train-008,original-synthetic:synthetic-ko-v2.0
inquiries-v2-account-train-013-v1,휴대전화에서 로그인할 때 입력 확인용 눈 모양을 눌렀더니 비밀번호가 그대로 보입니다. 다시 눌러도 가려지지 않아 주변에서 볼까 걱정돼요. 표시 상태를 끄거나 입력한 내용을 지우는 방법을 확인하고 싶습니다.,account,inquiries-v2-account-train-013,original-synthetic:synthetic-ko-v2.0
inquiries-v2-refund-train-013-v1,추가 옵션 비용을 내고 산 상품 전체를 반품 접수했습니다. 화면의 환급 예상액에는 기본 가격만 보이고 옵션 금액은 따로 없습니다. 옵션 비용도 검토에 포함됐는지 내역을 확인해 주세요.,refund,inquiries-v2-refund-train-013,original-synthetic:synthetic-ko-v2.0
inquiries-v2-shipping-train-026-v1,한 주문의 박스 두 개 중 하나에만 수취인 이름이 다르게 표시됐습니다. 각각의 운송 정보가 맞는지 확인을 요청합니다.,shipping,inquiries-v2-shipping-train-026,original-synthetic:synthetic-ko-v2.0
inquiries-v2-account-train-051-v1,개인 회원과 동아리용 회원을 따로 쓰는데 새 창을 열어도 앞서 접속한 계정으로 이어집니다. 자료를 잘못 올릴까 걱정돼요. 두 회원을 합치지 않고 같은 컴퓨터에서 구분해 접속할 수 있는 방법이 있나요?,account,inquiries-v2-account-train-051,original-synthetic:synthetic-ko-v2.0
inquiries-v2-refund-train-020-v1,매장 이용 잔액을 충전하면서 금액을 잘못 골라 예정한 것보다 많이 결제했습니다. 충전분은 아직 쓰지 않았습니다. 이번 충전 거래를 취소하고 다시 충전할 수 있는지 검토받고 싶습니다.,refund,inquiries-v2-refund-train-020,original-synthetic:synthetic-ko-v2.0
inquiries-v2-refund-train-035-v2,연결 부품이 여섯 개라던 제품에 네 개만 있어 아직 조립하지 않았습니다. 추가 부품보다 반품을 원합니다. 개봉과 누락 상태를 알려 환불을 신청하고 싶습니다.,refund,inquiries-v2-refund-train-035,original-synthetic:synthetic-ko-v2.0
inquiries-v2-shipping-train-010-v1,상자 위아래 방향을 지켜야 하는 물건인데 운송 주의 표시가 누락됐다고 합니다. 출고된 뒤에도 취급 메모를 전달할 수 있나요?,shipping,inquiries-v2-shipping-train-010,original-synthetic:synthetic-ko-v2.0
inquiries-v2-shipping-train-020-v2,하루 종일 배송 출발 상태인데 기사님이 오지 않았습니다. 임의로 도착 날짜를 잡지 말고 현재 배정 상태를 확인하고 싶어요.,shipping,inquiries-v2-shipping-train-020,original-synthetic:synthetic-ko-v2.0
inquiries-v2-refund-train-033-v2,제품을 한 번 수리했는데 같은 증상이 재발했습니다. 수리 증빙이 있으며 더 맡기기보다 환불을 요청하려 합니다. 반품 검토를 받을 때 재발 상황과 이전 수리 내역을 어떻게 함께 전달하나요?,refund,inquiries-v2-refund-train-033,original-synthetic:synthetic-ko-v2.0
inquiries-v2-refund-train-050-v1,급히 필요해 당일 배송 옵션 비용을 냈지만 상품은 다음 날 도착했습니다. 물건 자체도 구매를 철회하려고 보관 중입니다. 반품 환급에서 별도 배송 옵션 비용이 어떻게 검토되는지 알고 싶습니다.,refund,inquiries-v2-refund-train-050,original-synthetic:synthetic-ko-v2.0
inquiries-v2-account-train-024-v2,"공유해 둔 프로필 주소를 새 표기로 바꿀 수 있나요? 로그인 아이디가 아닌 소개 페이지 주소이며, 예전 링크의 연결 여부도 궁금해요.",account,inquiries-v2-account-train-024,original-synthetic:synthetic-ko-v2.0
inquiries-v2-refund-train-014-v2,취소 사유를 쓰다 화면을 닫아 완료 안내를 못 봤습니다. 구매는 철회하고 싶은데 다시 요청하기 전에 제출 여부를 확인할 수 있나요?,refund,inquiries-v2-refund-train-014,original-synthetic:synthetic-ko-v2.0
inquiries-v2-refund-train-007-v2,견적 승인으로 결제한 주문을 작업 착수 전에 철회하려 합니다. 일반 주문 화면에 취소 버튼이 없는데 어디에 환급을 접수하나요?,refund,inquiries-v2-refund-train-007,original-synthetic:synthetic-ko-v2.0
inquiries-v2-shipping-train-034-v2,주문한 가게와 택배 보낸 사람 이름이 달라요. 배송 대행 업체 표기인지 제 주문의 운송 정보가 잘못된 건지 확인해 주세요.,shipping,inquiries-v2-shipping-train-034,original-synthetic:synthetic-ko-v2.0
inquiries-v2-refund-train-026-v1,새 기기 가격에서 중고 기기 반납 보상액을 뺀 금액을 결제했습니다. 새 기기를 반품하고 싶은데 중고 기기는 이미 넘겼습니다. 보상액과 실결제액을 구분해 반환 조건을 확인할 수 있나요?,refund,inquiries-v2-refund-train-026,original-synthetic:synthetic-ko-v2.0
inquiries-v2-refund-train-023-v1,가상계좌 주문을 취소한 뒤 가족이 예전 안내를 보고 입금했습니다. 새 주문을 만들려는 것은 아니며 잘못 들어간 금액을 돌려받고 싶습니다. 취소된 주문에 입금된 돈의 반환 확인은 어디에 요청하나요?,refund,inquiries-v2-refund-train-023,original-synthetic:synthetic-ko-v2.0
inquiries-v2-refund-train-025-v2,반품할 주문을 전자지갑으로 결제한 후 그 지갑만 해지해 두었습니다. 연결 카드에는 문제가 없습니다. 구매 취소를 접수할 때 원래 결제 경로를 어떻게 확인해야 하는지 알려 주세요.,refund,inquiries-v2-refund-train-025,original-synthetic:synthetic-ko-v2.0
inquiries-v2-shipping-train-018-v1,선물이라 상자 겉면에 상품 종류가 드러나는지 알고 싶습니다. 주문한 상품의 실제 발송 포장 방식을 확인할 수 있나요?,shipping,inquiries-v2-shipping-train-018,original-synthetic:synthetic-ko-v2.0
inquiries-v2-shipping-train-003-v1,출고까지 삼 일이라고 적혀 있는데 영업일 기준인지 모르겠습니다. 중간에 휴일이 있을 때 발송 안내를 어떻게 읽어야 하나요?,shipping,inquiries-v2-shipping-train-003,original-synthetic:synthetic-ko-v2.0
inquiries-v2-refund-train-060-v1,섬 지역에서 받은 큰 물건을 반품하려는데 일반 수거 접수 화면에서는 신청이 끝나지 않습니다. 구매를 철회하고 싶고 상품은 사용하지 않았습니다. 해당 지역의 반환 방법과 비용 검토 경로를 알려 주세요.,refund,inquiries-v2-refund-train-060,original-synthetic:synthetic-ko-v2.0
inquiries-v2-account-train-041-v2,장기간 자리를 비울 예정이라 회원 이용을 일시 중단하고 싶습니다. 탈퇴해서 자료를 지우려는 것은 아니에요. 계정을 보관하면서 접속을 정지했다가 재개하는 방식을 지원하는지 궁금합니다.,account,inquiries-v2-account-train-041,original-synthetic:synthetic-ko-v2.0
inquiries-v2-account-train-028-v1,예전에 본 글을 기준으로 비슷한 추천이 계속 나옵니다. 열람 이력에 따른 추천만 처음부터 다시 받고 싶은데 제가 쓴 게시물은 남기고 싶어요. 계정의 추천 기록과 작성 기록을 따로 관리할 수 있나요?,account,inquiries-v2-account-train-028,original-synthetic:synthetic-ko-v2.0
inquiries-v2-shipping-train-044-v2,배송 방법을 전화로 조율했는데 주문 화면은 그대로예요. 합의한 내용이 전달됐는지 확인할 수 있는 창구가 있나요?,shipping,inquiries-v2-shipping-train-044,original-synthetic:synthetic-ko-v2.0
inquiries-v2-account-train-032-v1,예전에 활동하던 게시판이 읽기 전용으로 바뀐 뒤 제가 쓴 댓글의 삭제 버튼도 없어졌습니다. 제 계정은 정상적으로 접속돼요. 게시판 전체를 없애려는 게 아니라 본인 댓글 한 개를 정리하려면 어디로 문의하나요?,account,inquiries-v2-account-train-032,original-synthetic:synthetic-ko-v2.0
inquiries-v2-shipping-train-032-v1,택배를 건네받을 때 포장 상태를 확인하고 싶습니다. 인수 전에 외부 파손을 기록하는 절차가 있는지 운송사에 문의하려 합니다.,shipping,inquiries-v2-shipping-train-032,original-synthetic:synthetic-ko-v2.0
inquiries-v2-shipping-train-059-v2,국제 배송 택배를 받을 때 서명을 어떻게 남기는지 궁금합니다. 확인되지 않은 관행 말고 담당 업체 기준을 알고 싶습니다.,shipping,inquiries-v2-shipping-train-059,original-synthetic:synthetic-ko-v2.0
inquiries-v2-shipping-train-006-v2,택배 조회 이력이 시간 순서와 맞지 않아요. 실제 이동이 잘못된 건지 전산 반영 문제인지 공식 확인을 받고 싶습니다.,shipping,inquiries-v2-shipping-train-006,original-synthetic:synthetic-ko-v2.0
inquiries-v2-shipping-train-003-v2,상품 페이지의 출고 소요 기간에 주말이 포함되는지 궁금해요. 제 주문에 적용되는 기준을 확인하고 싶습니다.,shipping,inquiries-v2-shipping-train-003,original-synthetic:synthetic-ko-v2.0
inquiries-v2-shipping-train-043-v1,담당 집배점이 임시 휴무라는 공지를 봤습니다. 제 물건이 다른 지점으로 넘어가는지 배송 안내를 확인하려고 합니다.,shipping,inquiries-v2-shipping-train-043,original-synthetic:synthetic-ko-v2.0
inquiries-v2-account-train-014-v1,지금 쓰는 비밀번호로 로그인은 되는데 회원 설정에서 변경하려고 같은 암호를 넣으면 현재 비밀번호가 틀렸다고 나옵니다. 로그아웃 후 다시 접속해도 마찬가지예요. 변경 화면에서만 실패하는 이유를 확인하고 싶어요.,account,inquiries-v2-account-train-014,original-synthetic:synthetic-ko-v2.0
inquiries-v2-account-train-004-v1,해외에서 사용하는 전화번호로 가입하려고 국가번호를 골랐습니다. 그런데 뒤의 번호 입력칸에서는 국내 번호 형식이 아니라며 넘어가지 않아요. 해외 번호로 회원 등록이 가능한지와 입력 기준을 확인하고 싶습니다.,account,inquiries-v2-account-train-004,original-synthetic:synthetic-ko-v2.0
inquiries-v2-shipping-train-009-v1,운송장에 표시된 무게가 실제 포장 무게보다 큽니다. 부피 기준으로 환산한 값인지 운송 정보의 표기 방식을 확인하고 싶습니다.,shipping,inquiries-v2-shipping-train-009,original-synthetic:synthetic-ko-v2.0
inquiries-v2-refund-train-016-v1,반품 신청에서 단순 변심을 눌렀지만 실제로는 주문한 구성과 다른 제품이 왔습니다. 아직 물품을 보내지 않았습니다. 환불 심사 전에 사유와 사진을 바꾸려면 기존 접수를 다시 해야 하나요?,refund,inquiries-v2-refund-train-016,original-synthetic:synthetic-ko-v2.0
inquiries-v2-shipping-train-057-v2,발송 업체와 운송업체가 말하는 접수 상태가 다릅니다. 실제로 어디까지 인계됐는지 확인할 공식 절차를 알려 주세요.,shipping,inquiries-v2-shipping-train-057,original-synthetic:synthetic-ko-v2.0
inquiries-v2-refund-train-012-v2,새 기기인데 초기 화면에 이전 사용자 설정이 보입니다. 자료를 열거나 기기를 쓰지는 않았습니다. 받은 상태를 확인받고 반품하려면 어떻게 하나요?,refund,inquiries-v2-refund-train-012,original-synthetic:synthetic-ko-v2.0
inquiries-v2-account-train-057-v2,계정에서 특정 상대의 연락을 막으려고 합니다. 그 사람과 주고받은 내용을 지우려는 것은 아니에요. 회원 차단 기능을 사용했을 때 지난 메시지와 앞으로의 수신이 각각 어떻게 처리되는지 궁금합니다.,account,inquiries-v2-account-train-057,original-synthetic:synthetic-ko-v2.0
inquiries-v2-account-train-055-v2,긴 글을 다 쓴 뒤 저장하려니 로그인 시간이 끝났다고 합니다. 다른 페이지로 이동하지 않고 글만 입력하고 있었는데요. 계정의 자동 접속 종료 기준과 작성 중 상태가 유지되는 범위를 알고 싶습니다.,account,inquiries-v2-account-train-055,original-synthetic:synthetic-ko-v2.0
inquiries-v2-account-train-054-v1,가입할 때 영문 대문자가 섞인 아이디를 만들었습니다. 휴대전화에서는 첫 글자가 자동으로 대문자가 되기도 해서요. 로그인 아이디에서 대소문자를 구분하는지 확인한 뒤 같은 회원으로 접속하고 싶습니다.,account,inquiries-v2-account-train-054,original-synthetic:synthetic-ko-v2.0
inquiries-v2-shipping-train-055-v1,이미 물건을 받아 보관 중인데 배송 완료 문자가 반복됩니다. 중복 알림인지 다른 상자가 추가로 오는 건지 확인하고 싶어요.,shipping,inquiries-v2-shipping-train-055,original-synthetic:synthetic-ko-v2.0
inquiries-v2-shipping-train-029-v2,받은 박스에 아직 다음 배송지 표시가 남아 있네요. 제 주문의 인도 기록과 포장 라벨을 대조해 주길 바랍니다.,shipping,inquiries-v2-shipping-train-029,original-synthetic:synthetic-ko-v2.0
inquiries-v2-refund-train-008-v2,배송받은 냉장 식품의 보냉재가 다 녹았고 내부가 따뜻합니다. 개봉 후 먹지는 않았으며 받은 상태를 촬영했습니다. 해당 주문을 환불받고 싶으니 상품 반환이 필요한지부터 확인 부탁드립니다.,refund,inquiries-v2-refund-train-008,original-synthetic:synthetic-ko-v2.0
inquiries-v2-account-train-059-v2,계정 점검을 해 준다며 메시지로 로그인 확인 코드를 요구받았습니다. 공식 담당자인지 알 수 없고 번호는 전달하지 않았어요. 이 요청이 정상인지 확인할 수 있는 지원 경로를 안내받고 싶습니다.,account,inquiries-v2-account-train-059,original-synthetic:synthetic-ko-v2.0
inquiries-v2-account-train-049-v2,로그인 추가 확인에서 숫자를 한 칸씩 넣는 화면을 사용하기 어렵습니다. 화면 읽기 안내와 자동 이동이 겹쳐 코드 일부가 누락돼요. 인증을 없애는 것이 아니라 접근 가능한 입력 방법을 안내받고 싶습니다.,account,inquiries-v2-account-train-049,original-synthetic:synthetic-ko-v2.0
inquiries-v2-refund-train-036-v2,구매 페이지의 전원 규격과 도착한 본체의 표시가 달라 아직 켜지 않았습니다. 추가 시험 없이 물건을 돌려보내려 합니다. 설명 화면과 본체 표기를 근거로 구매 취소를 요청하는 방법이 궁금합니다.,refund,inquiries-v2-refund-train-036,original-synthetic:synthetic-ko-v2.0
inquiries-v2-shipping-train-055-v2,같은 주문에서 수령 완료 안내가 여러 번 왔습니다. 추가 배송 건이 있는지 단순 알림 오류인지 구분해 주세요.,shipping,inquiries-v2-shipping-train-055,original-synthetic:synthetic-ko-v2.0
inquiries-v2-refund-train-030-v2,반송한 물건의 운송장 번호 한 자리를 신청서에 틀리게 썼습니다. 실제 접수 영수증은 있는데 환불 건의 반환 번호를 어떻게 고치나요?,refund,inquiries-v2-refund-train-030,original-synthetic:synthetic-ko-v2.0
inquiries-v2-account-train-059-v1,회원 지원 담당이라는 사람이 개인 메시지로 인증번호를 보내 달라고 했습니다. 제가 먼저 접수한 문의는 없어서 아직 아무것도 보내지 않았어요. 실제 지원 요청인지 확인하고 계정을 보호하려면 어디로 문의해야 하나요?,account,inquiries-v2-account-train-059,original-synthetic:synthetic-ko-v2.0
inquiries-v2-account-train-040-v1,컴퓨터 화면의 로그인 QR 코드를 휴대전화로 읽었는데 승인 창에 보이는 기기 이름이 낯섭니다. 제 컴퓨터인지 확실하지 않아 아직 승인하지 않았어요. 연결 대상을 확인하거나 이 요청을 취소할 방법이 있나요?,account,inquiries-v2-account-train-040,original-synthetic:synthetic-ko-v2.0
inquiries-v2-account-train-052-v2,여러 팀원이 같은 공간을 쓰되 각자 로그인하고 활동도 구분하고 싶어요. 공용 아이디를 함께 쓰지 않는 팀 이용 방식을 지원하나요?,account,inquiries-v2-account-train-052,original-synthetic:synthetic-ko-v2.0
inquiries-v2-refund-train-012-v1,새 제품으로 산 기기의 초기 화면에 다른 사용자의 설정이 남아 있습니다. 저장된 자료는 열어 보지 않았고 사용도 시작하지 않았습니다. 구매를 철회하려는데 받은 상태를 어떤 방법으로 확인받아야 하나요?,refund,inquiries-v2-refund-train-012,original-synthetic:synthetic-ko-v2.0
inquiries-v2-shipping-train-037-v2,합배송 예정이던 주문이 분리 출고로 바뀌었어요. 각각 어디까지 왔는지 볼 수 있는 정보를 요청합니다.,shipping,inquiries-v2-shipping-train-037,original-synthetic:synthetic-ko-v2.0
inquiries-v2-refund-train-054-v2,구매 페이지에 적힌 언어와 제공되는 디지털 자료의 언어가 다릅니다. 다운로드 전이며 번역된 자료를 기다리기보다 환불을 원합니다. 판매 설명을 근거로 취소 심사를 요청할 방법이 궁금합니다.,refund,inquiries-v2-refund-train-054,original-synthetic:synthetic-ko-v2.0
inquiries-v2-refund-train-019-v1,주문 전체를 취소하는 화면에서 상품 금액과 세액이 따로 표시됩니다. 제가 실제 낸 금액에는 둘 다 포함돼 있습니다. 환불 예상 합계가 세액까지 포함한 금액인지 취소 전에 확인하고 싶습니다.,refund,inquiries-v2-refund-train-019,original-synthetic:synthetic-ko-v2.0
inquiries-v2-refund-train-039-v1,환불할 상품을 계속 사용할 다른 주문의 상자에 담았다가 발송 전에 알아챘습니다. 실제 반품 제품은 아직 집에 있습니다. 상자 표시와 제품 표시가 달라도 되는지 환불 접수에서 확인받고 싶습니다.,refund,inquiries-v2-refund-train-039,original-synthetic:synthetic-ko-v2.0
inquiries-v2-shipping-train-026-v2,같은 구매 건으로 오는 상자들의 받는 사람 표기가 달라요. 제 물건이 맞는지 배송 기록을 대조하고 싶습니다.,shipping,inquiries-v2-shipping-train-026,original-synthetic:synthetic-ko-v2.0
inquiries-v2-refund-train-049-v1,반품 접수에 일련번호를 적으면서 제품 번호 대신 상자의 관리 번호를 넣었습니다. 사진으로 실제 번호를 확인했고 아직 회수 전입니다. 환불 대상이 다른 기기로 오인되지 않게 정보를 고치고 싶습니다.,refund,inquiries-v2-refund-train-049,original-synthetic:synthetic-ko-v2.0
inquiries-v2-account-train-011-v2,새 비밀번호를 만드는 화면에서 최소 길이 조건을 맞추려 해도 입력이 중간에서 막힙니다. 보이는 안내와 칸의 제한이 서로 다른 것 같아요. 어느 기준이 맞는지 확인받고 설정을 마치고 싶습니다.,account,inquiries-v2-account-train-011,original-synthetic:synthetic-ko-v2.0
inquiries-v2-refund-train-004-v1,신청한 체험 행사의 시작 시간이 판매 후 세 시간 늦춰졌습니다. 바뀐 시간에는 참석할 수 없어 참가를 취소하려 합니다. 원래 안내와 변경 안내를 제출하면 환급 검토를 받을 수 있나요?,refund,inquiries-v2-refund-train-004,original-synthetic:synthetic-ko-v2.0
inquiries-v2-account-train-057-v1,"한 회원에게 더는 메시지를 받고 싶지 않아 차단을 고려 중입니다. 다만 이전 대화는 확인할 일이 있어 남겨 두고 싶어요. 차단하면 새 연락만 막히는지, 기존 대화 기록도 사라지는지 알려 주세요.",account,inquiries-v2-account-train-057,original-synthetic:synthetic-ko-v2.0
inquiries-v2-account-train-043-v1,외부 서비스로만 로그인해 왔는데 그 연결을 끊으려고 합니다. 따로 비밀번호를 만든 적은 없어서 해제하면 다시 못 들어올까 걱정돼요. 연결을 끊기 전에 사용할 로그인 수단을 마련해야 하는지 궁금합니다.,account,inquiries-v2-account-train-043,original-synthetic:synthetic-ko-v2.0
inquiries-v2-refund-train-008-v1,냉장 보관이 필요한 식품을 받았는데 상자 안이 따뜻했고 보냉재도 모두 녹아 있었습니다. 먹지 않고 사진을 남겨 두었습니다. 구매를 취소하려는데 반품 여부와 환불 심사에 필요한 확인 사항을 알려 주세요.,refund,inquiries-v2-refund-train-008,original-synthetic:synthetic-ko-v2.0
inquiries-v2-refund-train-022-v2,카드 두 장으로 비용을 나눠 낸 주문에서 추가 구성품을 빼려 합니다. 두 승인 금액이 같지 않아 취소 금액이 어디로 돌아가는지 모르겠습니다. 부분 취소와 카드별 반환 내역을 안내해 주세요.,refund,inquiries-v2-refund-train-022,original-synthetic:synthetic-ko-v2.0
inquiries-v2-refund-train-046-v2,계좌 이체한 주문이 미결제로 보여 같은 건을 카드로 다시 결제했습니다. 구매 수량을 늘리려는 뜻은 아니었습니다. 두 납부 기록을 대조해 중복된 대금만 돌려받을 수 있도록 확인 부탁드립니다.,refund,inquiries-v2-refund-train-046,original-synthetic:synthetic-ko-v2.0
inquiries-v2-account-train-039-v2,여러 모임을 같은 계정으로 이용 중인데 한 모임의 새 글 알림만 받지 않으려고 합니다. 필요할 때 직접 들어가 볼 수는 있어야 해요. 전체 알림 설정과 별도로 모임별 수신을 관리하는 기능이 있는지 궁금합니다.,account,inquiries-v2-account-train-039,original-synthetic:synthetic-ko-v2.0
inquiries-v2-account-train-056-v1,제 계정의 임시 글을 정리하다가 필요한 초안까지 하나 지웠습니다. 아직 게시한 적 없는 글인데 복구할 수 있는 보관함이 있나요? 다른 자료는 그대로 두고 방금 삭제한 초안만 되돌리고 싶습니다.,account,inquiries-v2-account-train-056,original-synthetic:synthetic-ko-v2.0
inquiries-v2-refund-train-051-v1,야외 행사용 장비 대여를 결제했지만 행사 자체가 취소됐습니다. 대여 시작일은 다음 주이고 장비를 받지 않았습니다. 장비 배송을 기다리는 대신 예약을 철회하고 반환 금액을 확인하고 싶습니다.,refund,inquiries-v2-refund-train-051,original-synthetic:synthetic-ko-v2.0
inquiries-v2-refund-train-024-v1,온라인 주문은 그대로 쓰고 수령 현장에서 별도로 결제한 추가 받침대만 반환하려 합니다. 받침대 영수증은 있지만 온라인 주문 목록에는 없습니다. 현장 추가 구매분의 환불 접수를 어떻게 진행하나요?,refund,inquiries-v2-refund-train-024,original-synthetic:synthetic-ko-v2.0
inquiries-v2-refund-train-056-v1,일 년 이용으로 결제한 온라인 서비스가 예정 기간보다 일찍 종료된다는 공지를 받았습니다. 종료 후 남는 기간의 대금을 반환받고 싶습니다. 서비스 이전 제안 대신 환급을 선택하려면 어떻게 신청하나요?,refund,inquiries-v2-refund-train-056,original-synthetic:synthetic-ko-v2.0
inquiries-v2-shipping-train-046-v1,포장을 다시 해야 해서 발송을 잠시 멈춘다고 연락받았습니다. 재포장 진행 상태와 이후 출고 안내를 어디서 확인하나요?,shipping,inquiries-v2-shipping-train-046,original-synthetic:synthetic-ko-v2.0
inquiries-v2-shipping-train-022-v1,주문 상세에서 택배 조회 링크를 누르면 오류 화면만 열립니다. 주문은 유지되고 있는데 다른 공식 조회 경로가 있나요?,shipping,inquiries-v2-shipping-train-022,original-synthetic:synthetic-ko-v2.0
inquiries-v2-account-train-058-v1,"메신저로 받은 서비스 링크를 열고 외부 계정 로그인을 누르면 창이 바로 닫힙니다. 일반 브라우저에서 시작한 것은 아니에요. 메시지 앱 안에서도 로그인을 지원하는지, 어떤 접속 환경을 써야 하는지 궁금합니다.",account,inquiries-v2-account-train-058,original-synthetic:synthetic-ko-v2.0
inquiries-v2-refund-train-021-v2,"상품권으로 산 물건을 반품하려는데 상품권 기한이 어제 끝났습니다. 구매 당시에는 유효했는데, 반환 방식과 잔액 이용 여부를 알려 주세요.",refund,inquiries-v2-refund-train-021,original-synthetic:synthetic-ko-v2.0
inquiries-v2-refund-train-028-v2,"원화 결제 옵션 수수료를 더 낸 물건을 반품하려 합니다. 상품 값과 별도로 낸 이 수수료도 반환되는지, 구매 취소에서 확인할 항목을 알려 주세요.",refund,inquiries-v2-refund-train-028,original-synthetic:synthetic-ko-v2.0
inquiries-v2-account-train-007-v2,회원 등록 성명란에서 영문 이름의 공백이나 하이픈을 지우라고 나옵니다. 제 신분 서류에는 그 표시가 들어 있어 임의로 빼지 않았어요. 서류와 입력칸의 형식이 다를 때 등록 기준을 안내받고 싶습니다.,account,inquiries-v2-account-train-007,original-synthetic:synthetic-ko-v2.0
inquiries-v2-refund-train-006-v1,선물 포장을 추가해 결제했는데 직접 쓸 물건으로 바뀌었습니다. 상품은 그대로 받고 포장이 시작되기 전에 유료 포장만 빼고 싶습니다. 추가로 낸 포장비를 취소하는 방법이 있을까요?,refund,inquiries-v2-refund-train-006,original-synthetic:synthetic-ko-v2.0
inquiries-v2-shipping-train-002-v2,배송 라벨의 이름이 축약돼 보여요. 기사님에게 전달되는 수취인 이름도 이렇게 보이는지 확인할 곳이 있나요?,shipping,inquiries-v2-shipping-train-002,original-synthetic:synthetic-ko-v2.0
inquiries-v2-shipping-train-034-v1,받는 주소는 맞지만 발송인 이름이 다른 판매처로 인쇄돼 있습니다. 위탁 발송인지 잘못 붙인 송장인지 확인하고 싶습니다.,shipping,inquiries-v2-shipping-train-034,original-synthetic:synthetic-ko-v2.0
inquiries-v2-shipping-train-050-v1,같은 브랜드의 공유 사무실이 여러 곳이라 지점명을 송장에 넣어야 합니다. 이번 주문의 배송 표기를 보완하고 싶어요.,shipping,inquiries-v2-shipping-train-050,original-synthetic:synthetic-ko-v2.0
inquiries-v2-account-train-053-v2,가입 이메일을 입력하면 올바른 주소를 쓰라는 안내가 나옵니다. 플러스 기호가 포함되어 있지만 정상적으로 수신 중인 주소예요. 다른 사람의 주소를 대신 쓰지 않고 제 메일로 등록할 수 있을까요?,account,inquiries-v2-account-train-053,original-synthetic:synthetic-ko-v2.0
inquiries-v2-shipping-train-051-v1,개봉하면 안 되는 봉인 포장으로 운송해야 하는 물품입니다. 발송 업체가 해당 취급 조건을 전달받았는지 확인하고 싶습니다.,shipping,inquiries-v2-shipping-train-051,original-synthetic:synthetic-ko-v2.0
inquiries-v2-shipping-train-005-v1,판매자와 합의해 잠시 출고를 보류한 주문이 있습니다. 이제 받을 수 있어서 보류 해제를 요청하려는데 어떤 경로를 쓰나요?,shipping,inquiries-v2-shipping-train-005,original-synthetic:synthetic-ko-v2.0
inquiries-v2-shipping-train-010-v2,세워서 운반해야 하는 상품입니다. 이미 발송된 택배에 방향 주의 사항을 추가로 알릴 방법이 있는지 궁금해요.,shipping,inquiries-v2-shipping-train-010,original-synthetic:synthetic-ko-v2.0
inquiries-v2-refund-train-047-v1,반품 메일에는 환불 검토 완료라고 적혀 있는데 주문 화면에는 보류라고 나옵니다. 같은 접수 번호인지 확인했고 물건도 이미 반환했습니다. 어느 표시가 최신 상태인지 확인할 담당 창구를 알려 주세요.,refund,inquiries-v2-refund-train-047,original-synthetic:synthetic-ko-v2.0
inquiries-v2-account-train-044-v2,"외부 로그인에서 가져온 이름과 사진을 여기서는 따로 고쳤어요. 외부 프로필을 바꾸면 이곳도 바뀌는지, 각각 관리할 수 있는지 궁금합니다.",account,inquiries-v2-account-train-044,original-synthetic:synthetic-ko-v2.0
inquiries-v2-shipping-train-011-v2,물건은 오늘 도착 예정인데 건물 출입 허가는 내일부터 유효합니다. 현장 진입 문제를 배송 담당자와 미리 조율하고 싶어요.,shipping,inquiries-v2-shipping-train-011,original-synthetic:synthetic-ko-v2.0
inquiries-v2-account-train-033-v1,제 계정으로 새 글을 올리면 매번 승인 대기라고 나오고 바로 공개되지 않습니다. 다른 글을 읽거나 댓글을 쓰는 데는 문제가 없어요. 회원별로 적용되는 게시 권한이나 사전 승인 기준을 확인하고 싶습니다.,account,inquiries-v2-account-train-033,original-synthetic:synthetic-ko-v2.0
inquiries-v2-refund-train-053-v2,보관함에 물건을 넣기 전 서비스 예약을 철회하려 합니다. 결제액에는 이용 요금과 보증금이 나뉘어 있었습니다. 아직 이용하지 않은 예약을 취소할 때 두 금액의 처리 내역을 알려 주세요.,refund,inquiries-v2-refund-train-053,original-synthetic:synthetic-ko-v2.0
inquiries-v2-shipping-train-008-v1,주문 화면에는 배송비가 결제됐는데 택배 안내에는 착불 표시가 있습니다. 받기 전에 어느 쪽이 맞는지 확인하고 싶어요.,shipping,inquiries-v2-shipping-train-008,original-synthetic:synthetic-ko-v2.0
inquiries-v2-refund-train-034-v1,진열품 할인 구매 때 작은 흠집만 있다는 안내를 받았는데 받은 제품은 손잡이도 빠져 있습니다. 그 조건을 알고 산 것은 아니라 반품을 요청하려 합니다. 판매 당시 설명과 상태 사진을 어디에 제출하나요?,refund,inquiries-v2-refund-train-034,original-synthetic:synthetic-ko-v2.0
inquiries-v2-account-train-027-v1,컴퓨터에서 회원 알림을 모두 읽었는데 같은 계정의 태블릿에는 미확인 표시가 그대로 남아 있어요. 두 기기에서 다른 계정을 쓰는 것은 아닙니다. 읽음 상태가 함께 반영되는지와 갱신 방법을 알고 싶습니다.,account,inquiries-v2-account-train-027,original-synthetic:synthetic-ko-v2.0
inquiries-v2-refund-train-024-v2,온라인 구매는 두고 수령 현장에서 따로 산 받침대만 반품하려 합니다. 별도 영수증은 있지만 주문 목록에 없는데 어디에 환불을 접수하나요?,refund,inquiries-v2-refund-train-024,original-synthetic:synthetic-ko-v2.0
inquiries-v2-shipping-train-053-v1,주소는 정확히 적었는데 발송 화면에서 주소 검증 대기로 멈췄습니다. 보완할 정보가 있는지 공식 확인을 받고 싶습니다.,shipping,inquiries-v2-shipping-train-053,original-synthetic:synthetic-ko-v2.0
inquiries-v2-refund-train-011-v1,배달 기사에게 물건을 받지 않겠다고 말해 상품이 돌아가는 중입니다. 주문 화면에서는 구매 취소가 접수되지 않은 것으로 보입니다. 수령 거절과 별도로 환불을 신청해야 하는지 확인하고 싶습니다.,refund,inquiries-v2-refund-train-011,original-synthetic:synthetic-ko-v2.0
inquiries-v2-refund-train-045-v1,주문을 취소했는데 카드 화면에는 매입 완료가 아니라 승인 보류로 표시된 금액이 남아 있습니다. 다시 돈을 받는 절차인지 보류를 해제하는 절차인지 모르겠습니다. 취소 확인 자료로 상태를 확인하고 싶습니다.,refund,inquiries-v2-refund-train-045,original-synthetic:synthetic-ko-v2.0
inquiries-v2-shipping-train-049-v1,예전에 받은 택배의 조회 보존기간이 지나 이동 기록이 보이지 않습니다. 당시 인도 증빙을 별도로 발급받을 수 있는지 문의합니다.,shipping,inquiries-v2-shipping-train-049,original-synthetic:synthetic-ko-v2.0
inquiries-v2-shipping-train-043-v2,택배 맡은 지점이 쉬는 날이라고 해요. 현재 보관 장소와 담당 지점이 바뀌는지 알아보는 방법이 궁금합니다.,shipping,inquiries-v2-shipping-train-043,original-synthetic:synthetic-ko-v2.0
inquiries-v2-refund-train-044-v1,서로 다른 날 결제한 주문을 판매자가 한 주문 번호로 묶었습니다. 그중 나중에 결제한 건만 취소하려 합니다. 원래 두 거래를 구분해 일부 환불을 요청할 수 있는지 확인하고 싶습니다.,refund,inquiries-v2-refund-train-044,original-synthetic:synthetic-ko-v2.0
inquiries-v2-shipping-train-036-v1,본체와 설명서를 서로 다른 봉투로 보낸다고 안내받았습니다. 본체는 받았고 나머지 봉투의 운송 상태를 알고 싶습니다.,shipping,inquiries-v2-shipping-train-036,original-synthetic:synthetic-ko-v2.0
inquiries-v2-account-train-051-v2,서로 다른 두 계정을 번갈아 써야 합니다. 브라우저 창만 새로 열면 계정이 바뀔 줄 알았는데 계속 같은 회원으로 보여요. 작성 전에 접속 대상을 분명히 구분해서 이용하는 방법을 확인하고 싶습니다.,account,inquiries-v2-account-train-051,original-synthetic:synthetic-ko-v2.0
inquiries-v2-shipping-train-051-v2,운송 중 봉인을 유지해야 한다는 요청을 했어요. 그 조건이 배송 기록에 반영됐는지 판매처에 문의하려 합니다.,shipping,inquiries-v2-shipping-train-051,original-synthetic:synthetic-ko-v2.0
inquiries-v2-account-train-035-v2,같이 일하던 회원의 팀 참여를 종료했습니다. 다만 문서에 직접 초대한 기록도 있어 계정의 접근이 모두 해제된 것인지 걱정돼요. 명단 제외만으로 정리되는 범위와 별도로 확인할 권한을 알려 주세요.,account,inquiries-v2-account-train-035,original-synthetic:synthetic-ko-v2.0
inquiries-v2-refund-train-004-v2,참가비를 낸 뒤 체험 시작 시각이 세 시간 뒤로 바뀌었습니다. 새 일정에 갈 수 없으니 예약을 철회하고 돈을 돌려받고 싶습니다. 시간 변경을 이유로 한 취소 접수에 필요한 자료를 알려 주세요.,refund,inquiries-v2-refund-train-004,original-synthetic:synthetic-ko-v2.0
inquiries-v2-refund-train-002-v2,책은 받았고 같은 주문의 보관함은 아직 안 보냈대요. 책은 그대로 쓰고 보관함만 취소해 환불받으려면 어떻게 하나요?,refund,inquiries-v2-refund-train-002,original-synthetic:synthetic-ko-v2.0
inquiries-v2-refund-train-011-v2,수령을 거절한 물건이 반송 중인데 화면에는 취소 접수가 없다고 나옵니다. 구매를 철회하려면 별도로 환불 요청을 해야 하나요?,refund,inquiries-v2-refund-train-011,original-synthetic:synthetic-ko-v2.0
inquiries-v2-account-train-014-v2,현재 비밀번호로 로그인은 잘 됩니다. 그런데 변경 화면에서만 같은 암호가 틀렸다고 나와 변경을 못 하는 이유를 확인하고 싶어요.,account,inquiries-v2-account-train-014,original-synthetic:synthetic-ko-v2.0
inquiries-v2-shipping-train-047-v2,물건이 배달 지점에 갔다는데 그 지점과 연락이 안 돼요. 본사 쪽 공식 문의로 현재 보관 상태를 확인할 수 있나요?,shipping,inquiries-v2-shipping-train-047,original-synthetic:synthetic-ko-v2.0
inquiries-v2-refund-train-022-v1,한 상품 값을 제 카드 두 장으로 나눠 결제했고 유료 구성품 하나만 취소하려 합니다. 각 카드의 결제 비율이 서로 다릅니다. 일부 환불이 어느 승인 건에 배정되는지 접수 전에 확인하고 싶습니다.,refund,inquiries-v2-refund-train-022,original-synthetic:synthetic-ko-v2.0
inquiries-v2-account-train-045-v2,한 번 가입한 회원으로 여러 사이트에 접속하고 있습니다. 특정 사이트의 이용만 끝내고 나머지는 유지하려는데 탈퇴 범위를 구분할 수 있을까요? 계정 전체를 삭제하기 전에 적용되는 범위를 안내받고 싶어요.,account,inquiries-v2-account-train-045,original-synthetic:synthetic-ko-v2.0
inquiries-v2-refund-train-029-v1,반품을 신청하고 무인 보관함에 넣으려 했지만 접수 코드의 유효 시간이 지났습니다. 상품은 아직 제가 보관하고 있습니다. 환불 요청을 유지하면서 새 반납 코드를 받을 수 있는지 안내해 주세요.,refund,inquiries-v2-refund-train-029,original-synthetic:synthetic-ko-v2.0
inquiries-v2-refund-train-043-v1,여러 번 쓸 수 있는 체험 이용권을 샀는데 지정된 지점이 운영을 종료했습니다. 다른 지점은 제 이용권 대상이 아니라고 합니다. 남은 횟수의 이용이 불가능해 반환을 요청하려면 무엇을 확인해야 하나요?,refund,inquiries-v2-refund-train-043,original-synthetic:synthetic-ko-v2.0
inquiries-v2-account-train-010-v2,"새 암호 두 칸을 같게 넣었는데 불일치로 나옵니다. 끝에 공백이 붙은 것 같은데 공백을 암호 일부로 처리하는지, 직접 지워야 하는지 알려 주세요.",account,inquiries-v2-account-train-010,original-synthetic:synthetic-ko-v2.0
inquiries-v2-refund-train-018-v2,물품을 돌려보낸 뒤 오염 때문에 환불을 보류한다는 안내를 받았습니다. 반송 전 사진과 비교하고 싶습니다. 보류 근거가 된 검수 자료를 요청하고 추가 증빙을 제출할 경로를 알려 주세요.,refund,inquiries-v2-refund-train-018,original-synthetic:synthetic-ko-v2.0
inquiries-v2-account-train-035-v1,팀에서 한 회원을 제외했는데 자료에는 그 사람을 따로 초대한 기록이 남아 있습니다. 팀 명단에서 빼면 별도 자료 권한도 함께 사라지는지 모르겠어요. 회원 연결과 개별 공유 권한을 어떻게 확인해야 할까요?,account,inquiries-v2-account-train-035,original-synthetic:synthetic-ko-v2.0
inquiries-v2-account-train-045-v1,같은 통합 회원으로 여러 서비스를 사용 중인데 그중 한 곳만 더 이상 이용하지 않으려 합니다. 다른 서비스의 로그인은 계속 필요해요. 해당 서비스에서 탈퇴하면 통합 계정 전체가 없어지는지 먼저 확인하고 싶습니다.,account,inquiries-v2-account-train-045,original-synthetic:synthetic-ko-v2.0
inquiries-v2-account-train-044-v1,외부 계정으로 가입할 때 가져온 프로필 정보를 이 서비스에서 따로 수정했습니다. 외부 계정의 소개나 사진을 바꾸면 여기의 설정도 다시 바뀌는지 궁금해요. 로그인 연결을 유지하면서 정보 동기화 범위를 확인하고 싶습니다.,account,inquiries-v2-account-train-044,original-synthetic:synthetic-ko-v2.0
inquiries-v2-refund-train-046-v1,같은 주문의 입금 확인을 기다리다 카드로도 결제해 두 방식으로 비용을 냈습니다. 상품은 한 개만 필요합니다. 주문을 두 개로 늘리지 않고 중복 납부한 금액의 반환을 요청할 방법이 궁금합니다.,refund,inquiries-v2-refund-train-046,original-synthetic:synthetic-ko-v2.0
inquiries-v2-shipping-train-023-v1,배송 예정 안내에는 오전이라는 시간만 있고 날짜가 빠져 있습니다. 실제 방문 예정일을 담당 업체에 확인하고 싶어요.,shipping,inquiries-v2-shipping-train-023,original-synthetic:synthetic-ko-v2.0
inquiries-v2-refund-train-010-v2,주문한 것 중 하나는 구매를 철회하려는데 빼고 나면 최소 주문 금액에 못 미칩니다. 전체 취소 대신 남은 품목은 유지하고 싶습니다. 가능한 처리 방식과 반환 금액 산정 기준을 알려 주세요.,refund,inquiries-v2-refund-train-010,original-synthetic:synthetic-ko-v2.0
inquiries-v2-refund-train-018-v1,반품 검수에서 오염이 발견됐다는 이유로 환급이 보류됐습니다. 보내기 직전에 찍은 사진에는 그 부분이 보이지 않습니다. 검수 사진을 받아 제 자료와 함께 재확인을 요청하는 방법이 궁금합니다.,refund,inquiries-v2-refund-train-018,original-synthetic:synthetic-ko-v2.0
inquiries-v2-shipping-train-013-v1,최근 주문이 여러 개인데 발송 문자에는 상품명이 없습니다. 어떤 주문이 출고된 건지 확인하려면 어디서 대조해야 하나요?,shipping,inquiries-v2-shipping-train-013,original-synthetic:synthetic-ko-v2.0
inquiries-v2-refund-train-050-v2,당일 배송 추가금을 낸 주문이 하루 늦게 와 사용하지 않았습니다. 해당 구매를 취소하려 합니다. 물품 가격과 긴급 배송 옵션 비용을 구분해 반환 여부를 확인받는 방법을 안내해 주세요.,refund,inquiries-v2-refund-train-050,original-synthetic:synthetic-ko-v2.0
inquiries-v2-shipping-train-024-v2,조회 지도에서 물건이 먼 지역으로 이동했어요. 중간 운송 경로인지 오배송인지 문의할 방법을 알려 주세요.,shipping,inquiries-v2-shipping-train-024,original-synthetic:synthetic-ko-v2.0
inquiries-v2-shipping-train-058-v2,온도에 민감한 물품을 배송받습니다. 기사님이 운송 중 잠시 보관할 때 적용되는 취급 조건을 확인하고 싶습니다.,shipping,inquiries-v2-shipping-train-058,original-synthetic:synthetic-ko-v2.0
inquiries-v2-account-train-028-v2,추천에 쓰이는 읽은 기록만 초기화하고 싶어요. 제가 쓴 글과 댓글은 남겨 두면서 추천용 기록을 따로 정리할 수 있나요?,account,inquiries-v2-account-train-028,original-synthetic:synthetic-ko-v2.0
inquiries-v2-account-train-023-v1,연락을 받으려고 회원정보에 전화번호를 추가했습니다. 제 프로필 화면에도 그 번호가 보이는데 다른 회원에게도 공개되는 건지 걱정돼요. 연락처는 유지하면서 외부 공개 여부를 따로 확인할 수 있을까요?,account,inquiries-v2-account-train-023,original-synthetic:synthetic-ko-v2.0
inquiries-v2-account-train-002-v2,윤년 생일인데 가입 달력에서 2월 29일이 빠져 있어요. 날짜를 직접 쓸 수도 없는데 실제 생일로 등록하려면 어떻게 하나요?,account,inquiries-v2-account-train-002,original-synthetic:synthetic-ko-v2.0
inquiries-v2-account-train-037-v2,팀 계정을 쓰는 동료에게 특정 자료함만 열람하도록 권한을 주려 합니다. 전체 작업 공간을 공개하려는 것은 아닙니다. 하위 폴더에만 초대했을 때 상위 자료의 접근이 제한되는지 확인하고 싶어요.,account,inquiries-v2-account-train-037,original-synthetic:synthetic-ko-v2.0
inquiries-v2-account-train-029-v2,회원 북마크의 폴더 구성을 바꾸려고 합니다. 폴더 이름과 구분만 없애고 담아 둔 글은 계속 보관하고 싶은데 삭제 기능의 범위가 궁금해요. 실행하기 전에 어떤 자료가 없어지는지 확인하고 싶습니다.,account,inquiries-v2-account-train-029,original-synthetic:synthetic-ko-v2.0
inquiries-v2-shipping-train-015-v2,집을 비워서 물건이 배송 영업소에 남아 있어요. 보관 종료 전에 찾아가려는데 기한을 어디서 확인하나요?,shipping,inquiries-v2-shipping-train-015,original-synthetic:synthetic-ko-v2.0
inquiries-v2-shipping-train-016-v1,수령인이 근무 중에는 전화를 받기 어렵습니다. 방문 전에 문자로 연락해 달라는 요청을 배송 담당자에게 남기고 싶어요.,shipping,inquiries-v2-shipping-train-016,original-synthetic:synthetic-ko-v2.0
inquiries-v2-refund-train-049-v2,기기를 반품하려는데 신청서의 일련번호 칸에 겉상자 번호를 잘못 썼습니다. 본체 번호가 보이는 사진은 준비했습니다. 회수 전에 기존 구매 취소 건의 식별 정보를 수정하는 절차를 알려 주세요.,refund,inquiries-v2-refund-train-049,original-synthetic:synthetic-ko-v2.0
inquiries-v2-account-train-008-v2,가입 정보 전송 직후 인터넷이 끊겨 완료 여부를 모릅니다. 다시 제출해 중복 가입하기 전에 등록됐는지 확인하고 싶어요.,account,inquiries-v2-account-train-008,original-synthetic:synthetic-ko-v2.0
inquiries-v2-refund-train-041-v1,출시 예정일을 보고 예약한 제품이 일정 미정으로 바뀌었습니다. 더 기다리지 않고 구매를 취소하려 합니다. 상품은 아직 제작 완료 전인데 일정 변경 안내를 근거로 환불 접수를 할 수 있나요?,refund,inquiries-v2-refund-train-041,original-synthetic:synthetic-ko-v2.0
inquiries-v2-shipping-train-017-v2,주소는 그대로인데 건물명이 새로 바뀌었어요. 기사님이 헷갈리지 않게 주문의 배송 메모를 보완하려 합니다.,shipping,inquiries-v2-shipping-train-017,original-synthetic:synthetic-ko-v2.0
inquiries-v2-shipping-train-025-v2,택배를 놓고 가는 방식 대신 수령인에게 직접 건네주길 원합니다. 인도 방식을 사전에 확인하려고 해요.,shipping,inquiries-v2-shipping-train-025,original-synthetic:synthetic-ko-v2.0
inquiries-v2-shipping-train-001-v2,예약 상품을 샀는데 창고 도착일과 고객에게 보내는 날이 같은 건가요? 출고 기준을 어디서 확인해야 할지 모르겠어요.,shipping,inquiries-v2-shipping-train-001,original-synthetic:synthetic-ko-v2.0
inquiries-v2-shipping-train-031-v1,처음 안내한 택배사와 출고 알림에 적힌 택배사가 다릅니다. 실제 운송을 맡은 곳을 확인해서 조회하고 싶습니다.,shipping,inquiries-v2-shipping-train-031,original-synthetic:synthetic-ko-v2.0
inquiries-v2-refund-train-040-v1,전화 상담에서는 반품을 검토하겠다고 했는데 주문 화면에는 신청 내역이 없습니다. 환불이 승인됐다고 생각하는 것은 아니고 요청이 등록됐는지부터 확인하고 싶습니다. 통화 내용을 어느 창구에 알려야 하나요?,refund,inquiries-v2-refund-train-040,original-synthetic:synthetic-ko-v2.0
inquiries-v2-refund-train-027-v2,할부로 산 물건을 반품할 예정입니다. 제품 가격과 별도로 청구된 할부 수수료의 반환 여부도 확인하고 싶습니다. 어느 항목을 판매자에게 묻고 어떤 항목을 결제사에 확인해야 하나요?,refund,inquiries-v2-refund-train-027,original-synthetic:synthetic-ko-v2.0
inquiries-v2-shipping-train-028-v2,받을 화물이 팔레트째 온다는데 현장에는 하역 장비가 없어요. 배송 차량이 장비를 가져오는지 사전에 문의하려 합니다.,shipping,inquiries-v2-shipping-train-028,original-synthetic:synthetic-ko-v2.0
inquiries-v2-account-train-012-v1,비밀번호 관리 프로그램에 저장한 긴 암호로 로그인하려는데 이 사이트의 암호 칸에서는 붙여넣기가 되지 않아요. 직접 입력하다 틀릴까 걱정됩니다. 붙여넣기를 지원하는 공식 로그인 방법이 있는지 확인하고 싶습니다.,account,inquiries-v2-account-train-012,original-synthetic:synthetic-ko-v2.0
inquiries-v2-account-train-004-v2,국가번호를 골라도 제 해외 번호는 가입 형식 오류가 납니다. 해외 번호로 가입할 수 있는지와 맞는 입력 형식을 알려 주세요.,account,inquiries-v2-account-train-004,original-synthetic:synthetic-ko-v2.0
inquiries-v2-refund-train-002-v1,한 주문의 책과 보관함 중 책만 먼저 받았습니다. 아직 보내지 않은 보관함은 더 이상 필요 없어 취소하고 싶습니다. 받은 책은 그대로 두고 남은 품목의 결제만 되돌릴 수 있는지 확인해 주세요.,refund,inquiries-v2-refund-train-002,original-synthetic:synthetic-ko-v2.0
inquiries-v2-shipping-train-032-v2,물건이 도착하면 먼저 상자 상태를 보려 해요. 수령 확인을 하기 전에 배송 중 손상을 남기는 방법이 궁금합니다.,shipping,inquiries-v2-shipping-train-032,original-synthetic:synthetic-ko-v2.0
inquiries-v2-refund-train-043-v2,이용권에 적힌 매장이 폐점했고 그 이용권으로는 다른 매장을 갈 수 없다는 안내를 받았습니다. 사용하지 못한 횟수가 남아 있습니다. 대체 방문 대신 잔여분 환급을 검토받을 절차를 알려 주세요.,refund,inquiries-v2-refund-train-043,original-synthetic:synthetic-ko-v2.0
inquiries-v2-account-train-005-v1,상품을 주문할 계획은 없고 커뮤니티 게시판만 이용하려고 가입 중입니다. 회원정보에 집 주소를 넣는 칸이 있는데 비워 두어도 가입할 수 있나요? 배송 신청이 아니라 회원 등록 자체에 꼭 필요한 정보인지 궁금해요.,account,inquiries-v2-account-train-005,original-synthetic:synthetic-ko-v2.0
inquiries-v2-refund-train-013-v2,본품에 유료 옵션을 붙여 구매했는데 전부 반품하려 합니다. 접수 화면에는 본품 금액만 반환 예정으로 나옵니다. 이미 결제한 옵션 추가금의 처리 항목이 어디에 있는지 알고 싶습니다.,refund,inquiries-v2-refund-train-013,original-synthetic:synthetic-ko-v2.0
inquiries-v2-shipping-train-017-v1,건물 이름이 바뀌었지만 도로명 주소와 호수는 같습니다. 예전 간판을 찾다 배송이 지연되지 않도록 안내를 추가하고 싶습니다.,shipping,inquiries-v2-shipping-train-017,original-synthetic:synthetic-ko-v2.0
inquiries-v2-account-train-039-v1,가입한 모임 하나에서 알림이 많이 와서 그 모임 소식만 잠시 끄고 싶습니다. 모임을 탈퇴하거나 다른 활동 알림까지 끄려는 것은 아니에요. 회원 상태를 유지한 채 모임별 알림을 조정할 수 있을까요?,account,inquiries-v2-account-train-039,original-synthetic:synthetic-ko-v2.0
inquiries-v2-account-train-025-v1,회원 활동 알림을 낮에는 받고 밤에만 잠시 멈추고 싶습니다. 휴대전화 전체의 알림을 끄기보다는 이 계정의 알림 시간만 정하고 싶어요. 수신을 쉬는 시간을 지정하는 기능을 제공하는지 궁금합니다.,account,inquiries-v2-account-train-025,original-synthetic:synthetic-ko-v2.0
inquiries-v2-refund-train-055-v1,예약을 취소하는 화면에 수수료가 숫자만 나오고 원인지 비율인지 표시되지 않습니다. 최종 반환액을 알 수 없어 제출하지 않았습니다. 적용 단위와 계산 근거를 확인한 뒤 구매 취소를 진행하고 싶습니다.,refund,inquiries-v2-refund-train-055,original-synthetic:synthetic-ko-v2.0
inquiries-v2-shipping-train-050-v2,도로명 주소는 맞는데 지점 이름이 빠졌습니다. 공유 오피스의 다른 지점으로 오해하지 않도록 안내를 추가하려 합니다.,shipping,inquiries-v2-shipping-train-050,original-synthetic:synthetic-ko-v2.0
inquiries-v2-refund-train-041-v2,예약 제품의 제작이 끝나기 전에 출시일이 미정으로 바뀌었습니다. 더 기다리지 않고 취소하려는데 이 변경 안내로 환급을 접수할 수 있나요?,refund,inquiries-v2-refund-train-041,original-synthetic:synthetic-ko-v2.0
inquiries-v2-shipping-train-054-v1,지역 내 방문 전달 주문이라 택배 번호가 없다고 합니다. 담당자가 방문했다는 사실을 어디서 확인할 수 있나요?,shipping,inquiries-v2-shipping-train-054,original-synthetic:synthetic-ko-v2.0
inquiries-v2-account-train-034-v1,단기 프로젝트에 손님 회원으로 참여 중인데 제 접근 권한이 언제 끝나는지 모르겠습니다. 작업이 더 이어질 수 있어 종료일을 먼저 확인하고 싶어요. 기간 확인과 연장 요청을 어느 담당에게 해야 하나요?,account,inquiries-v2-account-train-034,original-synthetic:synthetic-ko-v2.0
inquiries-v2-refund-train-037-v1,의류를 받자마자 안쪽 봉제가 길게 풀린 것을 확인했습니다. 입거나 세탁하지 않았고 상태 사진을 남겼습니다. 수선 요청이 아니라 반품 후 환불을 원하니 접수 사유와 확인 절차를 안내해 주세요.,refund,inquiries-v2-refund-train-037,original-synthetic:synthetic-ko-v2.0
inquiries-v2-account-train-029-v1,제 계정에 저장한 북마크를 모음별로 나눴는데 분류 체계만 바꾸고 싶습니다. 모음 하나를 삭제하면 그 안의 링크도 함께 사라지는지 모르겠어요. 저장한 글은 유지하면서 분류만 없앨 수 있을까요?,account,inquiries-v2-account-train-029,original-synthetic:synthetic-ko-v2.0
inquiries-v2-account-train-002-v1,회원가입 중 생일을 선택하는 달력에서 제 출생 연도를 골라도 2월이 28일까지만 나옵니다. 저는 윤년의 2월 29일생인데 다른 날짜를 넣고 싶지는 않아요. 올바른 날짜로 등록할 방법을 확인해 주세요.,account,inquiries-v2-account-train-002,original-synthetic:synthetic-ko-v2.0
inquiries-v2-shipping-train-052-v2,연휴 전 발송 마감 안내가 주문 페이지에 없네요. 제 주문이 어느 출고 일정에 포함되는지 어디서 확인하나요?,shipping,inquiries-v2-shipping-train-052,original-synthetic:synthetic-ko-v2.0
inquiries-v2-account-train-031-v2,제 계정 데이터를 내려받았는데 게시물의 텍스트만 있고 함께 올렸던 사진과 문서는 빠져 있습니다. 파일을 열 수 없는 문제는 아니에요. 자료 사본의 포함 범위와 첨부 파일을 받는 방법을 알고 싶습니다.,account,inquiries-v2-account-train-031,original-synthetic:synthetic-ko-v2.0
inquiries-v2-refund-train-059-v1,부모님이 구입한 물건을 부모님의 동의를 받아 대신 반품하려 합니다. 결제 수단을 제 명의로 바꾸려는 것은 아닙니다. 원래 구매자의 의사를 확인받고 환불 요청을 접수할 방법을 안내해 주세요.,refund,inquiries-v2-refund-train-059,original-synthetic:synthetic-ko-v2.0
inquiries-v2-shipping-train-009-v2,택배 접수 무게가 직접 잰 값보다 높아요. 돈을 돌려달라는 것이 아니라 부피 환산 중량인지 실제 측정 중량인지 알고 싶어요.,shipping,inquiries-v2-shipping-train-009,original-synthetic:synthetic-ko-v2.0
inquiries-v2-refund-train-055-v2,예약 취소 수수료에 단위 없이 숫자만 있습니다. 원인지 비율인지 몰라 아직 제출하지 않았습니다. 계산 근거와 반환액을 먼저 확인하고 싶습니다.,refund,inquiries-v2-refund-train-055,original-synthetic:synthetic-ko-v2.0
inquiries-v2-refund-train-044-v2,"판매자가 다른 날 결제한 두 주문을 하나로 합쳤습니다. 처음 건은 받고 나중 건만 취소하려는데, 원래 기록으로 환급 대상을 나눌 수 있나요?",refund,inquiries-v2-refund-train-044,original-synthetic:synthetic-ko-v2.0
inquiries-v2-shipping-train-008-v2,배송 요금을 미리 냈는데 기사님에게 낼 금액이 있다고 뜹니다. 결제 내역과 운송 조건을 대조해 줄 곳을 알려 주세요.,shipping,inquiries-v2-shipping-train-008,original-synthetic:synthetic-ko-v2.0
inquiries-v2-refund-train-033-v1,수리받은 제품에서 같은 오류가 다시 생겼고 수리 내역서는 보관 중입니다. 이번에는 추가 수리가 아니라 구매 취소 가능 여부를 검토받고 싶습니다. 기존 수리 기록을 반품 심사에 제출할 방법이 궁금합니다.,refund,inquiries-v2-refund-train-033,original-synthetic:synthetic-ko-v2.0
inquiries-v2-account-train-026-v1,팀원 목록에 제가 지금 접속 중인지 표시되는 것 같습니다. 메시지는 계속 받고 싶은데 실시간 접속 상태만 다른 사람에게 보이지 않게 할 수 있나요? 계정을 비활성화하지 않고 표시 범위를 바꾸고 싶어요.,account,inquiries-v2-account-train-026,original-synthetic:synthetic-ko-v2.0
inquiries-v2-account-train-020-v1,인증 앱에 이 서비스 이름으로 된 항목이 두 개 있고 서로 다른 번호가 나옵니다. 어느 항목이 지금 사용하는 회원과 연결됐는지 모르겠어요. 아무 항목이나 삭제하기 전에 등록 관계를 확인하는 방법이 있을까요?,account,inquiries-v2-account-train-020,original-synthetic:synthetic-ko-v2.0
inquiries-v2-refund-train-031-v1,판매자가 파손품을 보내지 말고 폐기해도 된다는 메시지를 보냈습니다. 그런데 반품 화면은 회수를 기다리는 상태입니다. 물건을 처리하기 전에 회수 없이 환불 심사를 받는다는 기록을 확인하고 싶습니다.,refund,inquiries-v2-refund-train-031,original-synthetic:synthetic-ko-v2.0
inquiries-v2-account-train-001-v1,"처음 회원가입을 하면서 별명을 정하고 있는데 사용할 수 없는 이름이라고만 나옵니다. 다른 회원과 겹치는 건지, 입력할 수 없는 문자가 들어간 건지 구별할 수가 없어서 별명 작성 기준을 확인하고 싶어요.",account,inquiries-v2-account-train-001,original-synthetic:synthetic-ko-v2.0
inquiries-v2-refund-train-052-v2,신청한 수업이 취소되어 참가비는 반환 절차에 들어갔습니다. 따로 결제된 교재가 미발송 상태라 그 주문도 취소하려 합니다. 교재 환불이 자동 연결되는지 별도 접수가 필요한지 확인 부탁드립니다.,refund,inquiries-v2-refund-train-052,original-synthetic:synthetic-ko-v2.0
inquiries-v2-account-train-046-v1,실제로 이름을 바꿨는데 회원정보의 본인 성명에는 이전 이름이 남아 있습니다. 게시판 별명이 아니라 본인 확인에 쓰이는 이름을 바꾸려는 거예요. 어떤 공식 창구에서 정정 가능 여부를 확인해야 할까요?,account,inquiries-v2-account-train-046,original-synthetic:synthetic-ko-v2.0
inquiries-v2-shipping-train-037-v1,처음에는 함께 발송한다고 했지만 나중에 두 편으로 나눴다는 연락을 받았습니다. 각 배송의 운송장을 따로 확인하고 싶습니다.,shipping,inquiries-v2-shipping-train-037,original-synthetic:synthetic-ko-v2.0
inquiries-v2-shipping-train-056-v1,처음에는 오전 방문이라고 했는데 조회에는 하루 종일로 바뀌었습니다. 방문 시간 안내가 변경된 이유를 확인하고 싶습니다.,shipping,inquiries-v2-shipping-train-056,original-synthetic:synthetic-ko-v2.0
inquiries-v2-refund-train-031-v2,파손된 제품의 구매를 취소하려고 접수했더니 판매자가 반환 대신 폐기를 안내했습니다. 화면에는 여전히 회수 대기라고 나옵니다. 임의로 버리기 전에 이 안내를 환불 건에 어떻게 남겨야 하나요?,refund,inquiries-v2-refund-train-031,original-synthetic:synthetic-ko-v2.0
inquiries-v2-account-train-041-v1,당분간 서비스를 쉬려고 하는데 계정을 완전히 없애고 싶지는 않습니다. 제 자료를 남겨 둔 채 스스로 이용을 잠시 멈추는 기능이 있나요? 나중에 돌아왔을 때 다시 사용할 수 있는 조건도 함께 알고 싶어요.,account,inquiries-v2-account-train-041,original-synthetic:synthetic-ko-v2.0
inquiries-v2-refund-train-057-v2,서비스 구매를 취소하려는데 업체는 자신들이 직접 결제하지 않았다고 안내했습니다. 앱 결제 영수증에 다른 중개처가 표시됩니다. 제공 업체와 결제처 중 어디에서 환급 심사를 시작해야 하는지 알려 주세요.,refund,inquiries-v2-refund-train-057,original-synthetic:synthetic-ko-v2.0
inquiries-v2-refund-train-032-v2,수리 상담만 했고 기기는 아직 안 보냈습니다. 수리보다 반품을 원하는데 구매 취소 심사를 받으려면 기존 상담을 닫아야 하나요?,refund,inquiries-v2-refund-train-032,original-synthetic:synthetic-ko-v2.0
inquiries-v2-account-train-042-v1,이전에 직접 탈퇴했던 서비스에 다시 가입하려고 합니다. 예전 자료를 복구하려는 것은 아니고 새 회원으로 시작하고 싶어요. 같은 이메일을 다시 쓸 수 있는지와 재가입을 기다려야 하는 기간이 있는지 알려 주세요.,account,inquiries-v2-account-train-042,original-synthetic:synthetic-ko-v2.0
inquiries-v2-shipping-train-060-v1,물건을 건물의 임시 적재 공간으로 배송받도록 정했습니다. 현장에서 누가 인수할지 운송사와 연결해 두려면 어떻게 하나요?,shipping,inquiries-v2-shipping-train-060,original-synthetic:synthetic-ko-v2.0
inquiries-v2-account-train-003-v1,가족과 함께 쓰는 전화가 한 대인데 각자 이름으로 회원가입을 하려고 합니다. 같은 번호로 두 사람이 가입해도 되는지 모르겠어요. 기존 가족 계정에 영향을 주지 않고 제 회원 정보를 따로 만들 수 있나요?,account,inquiries-v2-account-train-003,original-synthetic:synthetic-ko-v2.0
inquiries-v2-refund-train-028-v1,주문 결제 때 원화 결제 옵션을 선택하면서 별도 수수료가 붙었습니다. 상품 구매는 전부 취소하려 합니다. 물품 대금과 결제 옵션 수수료가 같은 환불 내역에 포함되는지 확인하고 싶습니다.,refund,inquiries-v2-refund-train-028,original-synthetic:synthetic-ko-v2.0
inquiries-v2-refund-train-025-v1,물건을 반품하려는데 결제 때 이용한 전자지갑 서비스를 이미 해지했습니다. 연결했던 카드는 아직 사용 중입니다. 해지한 지갑을 다시 만드는 일보다 환불금이 어느 경로로 돌아가는지 확인하고 싶습니다.,refund,inquiries-v2-refund-train-025,original-synthetic:synthetic-ko-v2.0
inquiries-v2-account-train-009-v2,가입용 비밀번호에 기호를 포함했더니 사용할 수 없는 문자가 있다고 합니다. 숫자와 글자 조건은 확인했지만 허용하는 특수문자 목록은 못 찾았어요. 암호 자체를 보내지 않고 작성 규칙을 안내받고 싶습니다.,account,inquiries-v2-account-train-009,original-synthetic:synthetic-ko-v2.0
inquiries-v2-shipping-train-048-v1,세 묶음을 주문했는데 출고 문자에는 수량이 하나로 나옵니다. 포장 단위 표시인지 실제 발송 수량인지 확인하고 싶습니다.,shipping,inquiries-v2-shipping-train-048,original-synthetic:synthetic-ko-v2.0
inquiries-v2-refund-train-042-v2,연간 이용권이 오늘 다시 결제됐지만 갱신 이후 이용한 적은 없습니다. 자동 갱신 해지 외에 이미 청구된 새 기간 비용도 반환받고 싶습니다. 이번 결제의 취소 심사 경로를 알려 주세요.,refund,inquiries-v2-refund-train-042,original-synthetic:synthetic-ko-v2.0
inquiries-v2-refund-train-057-v1,앱 안에서 구매한 서비스의 환불을 원해 제공 업체에 문의했더니 결제 중개처에 접수하라고 합니다. 영수증에는 중개처 이름이 나옵니다. 같은 요청을 여러 곳에 넣기 전에 공식 신청 경로를 확인하고 싶습니다.,refund,inquiries-v2-refund-train-057,original-synthetic:synthetic-ko-v2.0
inquiries-v2-shipping-train-029-v1,배송 완료된 상자에 다른 지역으로 가는 추가 운송 표지가 붙어 있습니다. 이 물건의 최종 목적지가 맞는지 확인하고 싶어요.,shipping,inquiries-v2-shipping-train-029,original-synthetic:synthetic-ko-v2.0
inquiries-v2-refund-train-001-v1,필요한 수량은 두 개인데 장바구니에 열두 개를 넣어 결제했습니다. 주문 전체를 없애려는 것은 아니고 열 개만 취소하려 합니다. 출고 준비 전이라면 남길 수량을 정해 환급을 신청할 수 있나요?,refund,inquiries-v2-refund-train-001,original-synthetic:synthetic-ko-v2.0
inquiries-v2-shipping-train-030-v2,자체 배송 상품이라 택배 번호가 발급되지 않는다고 해요. 누가 일정과 이동 상황을 안내하는지 알고 싶습니다.,shipping,inquiries-v2-shipping-train-030,original-synthetic:synthetic-ko-v2.0
inquiries-v2-account-train-019-v2,보안키를 가지고는 있지만 이번에 쓸 컴퓨터에서 해당 키를 읽지 못합니다. 휴대전화에서는 가까이 대면 작동하던 키예요. 인증을 건너뛰지 않고 새 기기에서 사용할 수 있는 공식 방법이 있는지 궁금합니다.,account,inquiries-v2-account-train-019,original-synthetic:synthetic-ko-v2.0
inquiries-v2-refund-train-058-v2,상품을 반품해 환불받으려는데 판매자의 온라인 상점이 운영 종료로 표시됩니다. 플랫폼의 결제 내역은 확인할 수 있습니다. 물건을 어디로 보낼지 먼저 정하지 말고 어떤 창구에 접수해야 하나요?,refund,inquiries-v2-refund-train-058,original-synthetic:synthetic-ko-v2.0
inquiries-v2-shipping-train-040-v2,택배가 재분류 상태로 바뀌었어요. 일반 이동 과정인지 추가 확인이 필요한 건지 공식 설명을 받고 싶습니다.,shipping,inquiries-v2-shipping-train-040,original-synthetic:synthetic-ko-v2.0
inquiries-v2-refund-train-051-v2,다음 주 장비 대여를 결제했지만 행사가 취소됐습니다. 대여 기간 전이고 물품도 받지 않았습니다. 예약을 철회할 때 적용될 환급 조건을 알려 주세요.,refund,inquiries-v2-refund-train-051,original-synthetic:synthetic-ko-v2.0
inquiries-v2-account-train-048-v2,로그인 시도를 취소하고 다시 요청하지 않았는데 뒤늦게 승인 알림이 왔어요. 끝난 요청인지 확인하고 불필요한 승인을 피하려면 어떻게 하나요?,account,inquiries-v2-account-train-048,original-synthetic:synthetic-ko-v2.0
inquiries-v2-refund-train-039-v2,반품할 물건을 다른 주문의 상자에 넣었다가 발송 전에 알아챘습니다. 실제 환불 대상 제품을 정확히 보내려 합니다. 겉상자 번호가 달라도 되는지와 접수에 남길 식별 정보를 알려 주세요.,refund,inquiries-v2-refund-train-039,original-synthetic:synthetic-ko-v2.0
inquiries-v2-account-train-020-v2,인증 앱에 같은 서비스 이름으로 서로 다른 코드가 두 줄 나와요. 삭제 전에 어느 항목이 현재 계정용인지 확인하려면 어떻게 하나요?,account,inquiries-v2-account-train-020,original-synthetic:synthetic-ko-v2.0
inquiries-v2-refund-train-001-v2,"두 개 살 것을 열두 개 결제했습니다. 출고 준비 전에 열 개만 취소하고 두 개는 받고 싶은데, 초과분만 환불받을 수 있나요?",refund,inquiries-v2-refund-train-001,original-synthetic:synthetic-ko-v2.0
inquiries-v2-account-train-015-v2,"암호 재설정 메일을 기다리다가 요청을 두 번 눌러서 링크가 여러 개 생겼어요. 각각 따로 사용할 수 있는 건가요, 아니면 마지막 요청만 유효한가요? 어느 메일로 진행해야 하는지 알려 주세요.",account,inquiries-v2-account-train-015,original-synthetic:synthetic-ko-v2.0
inquiries-v2-account-train-016-v2,로그인은 되지만 예전 보안 질문의 답을 잊었어요. 접속할 수 있을 때 질문을 고치거나 다른 확인 수단으로 바꿀 수 있나요?,account,inquiries-v2-account-train-016,original-synthetic:synthetic-ko-v2.0
inquiries-v2-shipping-train-052-v1,공휴일 전에 출고하려면 접수 마감이 언제인지 알고 싶습니다. 결제 완료 시각과 실제 발송 마감 기준을 확인해 주세요.,shipping,inquiries-v2-shipping-train-052,original-synthetic:synthetic-ko-v2.0
inquiries-v2-shipping-train-025-v1,고가의 물건이라 문 앞에 두지 말고 직접 받아 서명하고 싶습니다. 이번 주문에 대면 인도 요청을 남길 수 있나요?,shipping,inquiries-v2-shipping-train-025,original-synthetic:synthetic-ko-v2.0
inquiries-v2-shipping-train-021-v2,완료 사진이 너무 가까이 찍혀 있어 어느 문 앞인지 모르겠어요. 물건을 둔 위치를 확인할 곳을 안내해 주세요.,shipping,inquiries-v2-shipping-train-021,original-synthetic:synthetic-ko-v2.0
inquiries-v2-refund-train-003-v2,기기는 받았고 방문 설치 일정은 잡기 전인데 가족이 설치해 줬습니다. 제품은 그대로 쓰고 설치비만 돌려받을 수 있을까요?,refund,inquiries-v2-refund-train-003,original-synthetic:synthetic-ko-v2.0
inquiries-v2-refund-train-014-v1,취소 사유를 적다가 화면을 닫은 뒤 주문 목록으로 돌아왔습니다. 구매는 철회하고 싶은데 완료 안내를 보지 못해 접수 여부가 불확실합니다. 중복 요청 전에 취소가 실제 제출됐는지 확인하는 방법을 알려 주세요.,refund,inquiries-v2-refund-train-014,original-synthetic:synthetic-ko-v2.0
inquiries-v2-refund-train-038-v1,반품 신청에 예전 집 주소를 넣었고 물건은 현재 거주지에 보관 중입니다. 기사 방문은 아직 이뤄지지 않았습니다. 구매 취소 건을 유지하면서 회수 장소만 바꾸는 절차를 알려 주세요.,refund,inquiries-v2-refund-train-038,original-synthetic:synthetic-ko-v2.0
inquiries-v2-shipping-train-004-v1,결제할 때 적었던 배송 메모가 주문 내역에 보이지 않습니다. 발송되기 전에 운송사에 전달됐는지 확인하고 싶어요.,shipping,inquiries-v2-shipping-train-004,original-synthetic:synthetic-ko-v2.0
inquiries-v2-account-train-006-v2,수강하려고 가입했는데 역할을 잘못 골라 강의 개설 화면이 나옵니다. 새로 가입하지 않고 학습자로 정정할 수 있나요?,account,inquiries-v2-account-train-006,original-synthetic:synthetic-ko-v2.0
inquiries-v2-account-train-015-v1,비밀번호 재설정을 연달아 요청해서 메일이 여러 통 도착했습니다. 나중에 온 링크만 사용해야 하는지 모르겠어요. 앞서 받은 링크를 열면 뒤의 요청까지 영향을 받는지 확인한 뒤 하나만 사용하고 싶습니다.,account,inquiries-v2-account-train-015,original-synthetic:synthetic-ko-v2.0
inquiries-v2-account-train-030-v2,실수로 좋아요를 누른 뒤 화면을 닫아 어느 글인지 모르겠어요. 제 반응 이력에서 글을 확인하고 그 반응만 취소할 수 있나요?,account,inquiries-v2-account-train-030,original-synthetic:synthetic-ko-v2.0
inquiries-v2-account-train-022-v2,프로필 사진을 없애면 기본 그림이 보이지만 재접속하면 옛 사진이 돌아와요. 새 사진 대신 사진 없이 쓰려는데 삭제 상태를 확인해 주세요.,account,inquiries-v2-account-train-022,original-synthetic:synthetic-ko-v2.0
inquiries-v2-shipping-train-023-v2,택배 안내에 도착 시간대만 보이네요. 어느 날 방문한다는 뜻인지 정확한 일정 확인을 요청하려 합니다.,shipping,inquiries-v2-shipping-train-023,original-synthetic:synthetic-ko-v2.0
inquiries-v2-account-train-047-v2,계정 접속 이력을 보니 제가 사용한 컴퓨터와 시간은 맞는데 지역명만 다릅니다. 그 시간에는 제가 직접 로그인했어요. 표시된 도시가 정해지는 기준과 추가로 확인해야 할 정보를 안내받을 수 있을까요?,account,inquiries-v2-account-train-047,original-synthetic:synthetic-ko-v2.0
inquiries-v2-shipping-train-060-v2,하역 장소는 정했지만 기사님과 만날 담당자 연결이 안 됐어요. 이번 배송의 현장 인계 연락을 조율하고 싶습니다.,shipping,inquiries-v2-shipping-train-060,original-synthetic:synthetic-ko-v2.0
inquiries-v2-refund-train-007-v1,견적서를 확인한 뒤 결제한 주문인데 일반 주문 화면에는 취소 버튼이 없습니다. 작업 착수 전이라 구매를 철회하려 합니다. 견적 주문의 결제 취소를 접수할 창구와 필요한 정보를 알려 주세요.,refund,inquiries-v2-refund-train-007,original-synthetic:synthetic-ko-v2.0
inquiries-v2-account-train-031-v1,"회원 자료 사본을 받아 열어 보니 제가 쓴 글은 있는데 첨부했던 파일은 없습니다. 다운로드 자체는 정상적으로 끝났어요. 원래 사본에 첨부 자료가 포함되지 않는 건지, 별도로 받아야 하는지 확인 부탁드립니다.",account,inquiries-v2-account-train-031,original-synthetic:synthetic-ko-v2.0
inquiries-v2-refund-train-054-v1,한국어 자료라는 소개를 보고 결제했는데 내려받기 화면에는 외국어판만 있습니다. 파일은 아직 다운로드하지 않았습니다. 다른 판을 받는 대신 구매를 취소하려니 설명과 실제 제공 내용의 차이를 확인해 주세요.,refund,inquiries-v2-refund-train-054,original-synthetic:synthetic-ko-v2.0
inquiries-v2-refund-train-036-v1,제품 설명에는 제가 쓰는 전원 규격을 지원한다고 되어 있었는데 본체 표시는 다릅니다. 전원을 연결하지 않은 상태입니다. 안전하게 사용 여부를 시험하기보다 반품을 원하니 환불 확인 절차를 알려 주세요.,refund,inquiries-v2-refund-train-036,original-synthetic:synthetic-ko-v2.0
inquiries-v2-refund-train-029-v2,반품 물건을 보관함에 넣기 전 코드가 만료됐습니다. 물건은 아직 제게 있는데 환불 요청을 유지하면서 새 반납 코드를 받을 수 있나요?,refund,inquiries-v2-refund-train-029,original-synthetic:synthetic-ko-v2.0
inquiries-v2-account-train-010-v1,비밀번호를 새로 정하는 두 칸에 같은 내용을 입력했는데 일치하지 않는다고 나옵니다. 붙여넣을 때 끝에 공백이 들어가는 것 같아요. 공백도 비밀번호의 일부로 처리하는지와 입력 형식을 확인하고 싶습니다.,account,inquiries-v2-account-train-010,original-synthetic:synthetic-ko-v2.0
inquiries-v2-shipping-train-040-v1,배송 조회에 재분류라고만 표시되고 다음 안내가 없습니다. 어느 단계에서 다시 처리 중인지 문의하려고 합니다.,shipping,inquiries-v2-shipping-train-040,original-synthetic:synthetic-ko-v2.0
inquiries-v2-account-train-001-v2,가입 화면에서 별명을 바꾸어 넣어도 사용 불가라는 표시만 떠요. 이름이 중복된 것과 문자 형식이 맞지 않는 것을 어디서 구분하나요? 사용할 수 있는 별명을 정할 수 있도록 입력 기준을 알려 주세요.,account,inquiries-v2-account-train-001,original-synthetic:synthetic-ko-v2.0
inquiries-v2-refund-train-060-v2,미사용 큰 상품을 반품해 환불받으려는데 섬 지역이라 기본 회수 신청이 안 됩니다. 이 지역의 반품 방식과 비용은 어디에서 확인할 수 있나요?,refund,inquiries-v2-refund-train-060,original-synthetic:synthetic-ko-v2.0
inquiries-v2-shipping-train-041-v1,집에 있었는데 부재로 배달하지 못했다고 기록됐습니다. 방문 시도 시각과 위치를 확인하고 다시 받을 절차를 알고 싶습니다.,shipping,inquiries-v2-shipping-train-041,original-synthetic:synthetic-ko-v2.0
inquiries-v2-refund-train-015-v2,"다섯 개 중 두 개를 반품하려다 수량을 한 개로 제출했습니다. 회수 전이고 세 개는 쓸 건데, 환불 대상을 두 개로 고칠 수 있나요?",refund,inquiries-v2-refund-train-015,original-synthetic:synthetic-ko-v2.0
inquiries-v2-account-train-003-v2,가족 두 명이 연락용 번호 하나를 공동으로 사용하고 있어요. 각자의 활동 내역은 분리하고 싶은데 회원 등록 시 같은 전화번호를 써도 되는지 궁금합니다. 한 사람이 가입하면 다른 계정이 바뀌는 것은 아닌가요?,account,inquiries-v2-account-train-003,original-synthetic:synthetic-ko-v2.0
inquiries-v2-account-train-019-v1,계정에 등록한 보안키는 휴대전화에 대서 쓰는 방식인데 새 데스크톱에는 그 기능이 없습니다. 키를 잃어버린 것은 아니에요. 이 컴퓨터에서 지원하는 연결 방식이나 다른 등록 인증 수단을 확인할 수 있을까요?,account,inquiries-v2-account-train-019,original-synthetic:synthetic-ko-v2.0
inquiries-v2-account-train-018-v1,"비상용으로 저장해 둔 복구 코드 중 하나를 이용해 로그인했습니다. 나머지 번호도 함께 못 쓰게 되는 건지, 사용한 것만 지우면 되는지 모르겠어요. 남은 복구 수단을 관리하는 기준을 확인하고 싶습니다.",account,inquiries-v2-account-train-018,original-synthetic:synthetic-ko-v2.0
inquiries-v2-account-train-037-v1,새 팀원에게 제 자료 중 폴더 하나만 보여 주고 싶습니다. 그 폴더를 공유하면 위에 있는 다른 개인 폴더까지 볼 수 있는지 걱정돼요. 해당 회원에게 허용되는 범위를 확인한 뒤 초대할 수 있을까요?,account,inquiries-v2-account-train-037,original-synthetic:synthetic-ko-v2.0
inquiries-v2-shipping-train-014-v2,택배 번호가 재발급됐다는데 주문 화면은 예전 번호예요. 새 운송장과 앞선 이동 기록을 어떻게 연결해 확인하죠?,shipping,inquiries-v2-shipping-train-014,original-synthetic:synthetic-ko-v2.0
inquiries-v2-refund-train-006-v2,물건 구매는 유지하되 함께 신청한 유료 선물 포장만 취소하려 합니다. 아직 포장 작업 전이라고 표시됩니다. 기본 포장으로 바꾸면서 추가 비용을 돌려받을 수 있는지 확인 부탁드립니다.,refund,inquiries-v2-refund-train-006,original-synthetic:synthetic-ko-v2.0
inquiries-v2-account-train-060-v1,제 계정에서 예전에 자동 작업용 접근 토큰을 만든 적이 있습니다. 그 작업은 끝났지만 평소 회원 로그인은 계속 필요해요. 사용하지 않는 토큰만 폐기하면 일반 접속이나 다른 작업에도 영향이 있는지 궁금합니다.,account,inquiries-v2-account-train-060,original-synthetic:synthetic-ko-v2.0
inquiries-v2-account-train-030-v1,글을 읽다가 실수로 반응 버튼을 눌렀는데 어느 게시물이었는지 다시 찾지 못하겠습니다. 제 계정이 반응한 글만 모아 볼 수 있나요? 전체 활동을 지우지 않고 해당 글을 확인한 뒤 반응 하나만 취소하고 싶어요.,account,inquiries-v2-account-train-030,original-synthetic:synthetic-ko-v2.0
inquiries-v2-shipping-train-030-v1,판매자가 직접 차량으로 배달한다고 해서 일반 택배 운송장이 없습니다. 진행 상태와 방문 연락을 어디서 확인하면 되나요?,shipping,inquiries-v2-shipping-train-030,original-synthetic:synthetic-ko-v2.0
inquiries-v2-refund-train-015-v1,같은 물품 다섯 개 중 두 개를 반품하려 했는데 신청서에는 한 개로 적었습니다. 아직 회수 전이고 나머지 세 개는 사용할 예정입니다. 환불 대상 수량을 두 개로 고치는 절차를 알려 주세요.,refund,inquiries-v2-refund-train-015,original-synthetic:synthetic-ko-v2.0
inquiries-v2-shipping-train-038-v2,받을 곳의 우편함 이름과 택배 받는 사람 이름이 달라요. 배송 때 혼동하지 않게 어느 쪽에 안내해야 하나요?,shipping,inquiries-v2-shipping-train-038,original-synthetic:synthetic-ko-v2.0
inquiries-v2-refund-train-021-v1,상품권으로 결제했던 물건을 반품하려는데 상품권의 사용 기한이 어제 끝났습니다. 상품은 아직 반품 접수 전입니다. 사용 기한이 지난 결제 수단으로 반환될 경우 어떻게 확인해야 하는지 알려 주세요.,refund,inquiries-v2-refund-train-021,original-synthetic:synthetic-ko-v2.0
inquiries-v2-refund-train-045-v2,구매 취소 뒤 카드의 보류 금액이 사라지지 않았습니다. 실제 대금이 매입됐다는 표시는 없고 승인만 남아 있습니다. 환불 접수가 더 필요한지 승인 해제 확인을 해야 하는지 안내해 주세요.,refund,inquiries-v2-refund-train-045,original-synthetic:synthetic-ko-v2.0
inquiries-v2-shipping-train-049-v2,오래된 배송이라 온라인 조회 기록이 사라졌어요. 물건을 받았다는 자료가 필요한데 운송사에 별도 증빙을 요청할 수 있나요?,shipping,inquiries-v2-shipping-train-049,original-synthetic:synthetic-ko-v2.0
inquiries-v2-account-train-040-v2,QR 로그인 승인창의 기기 이름이 제 컴퓨터와 달라 아직 승인하지 않았어요. 연결 대상 확인과 요청 취소 방법을 알려 주세요.,account,inquiries-v2-account-train-040,original-synthetic:synthetic-ko-v2.0
inquiries-v2-refund-train-047-v2,"물건을 돌려보낸 한 반품 건에서 메일은 검토 완료, 화면은 보류로 서로 다릅니다. 접수 번호는 같습니다. 반환 금액을 단정하려는 것은 아니고 실제 심사 단계가 무엇인지 확인받고 싶습니다.",refund,inquiries-v2-refund-train-047,original-synthetic:synthetic-ko-v2.0
inquiries-v2-shipping-train-045-v2,송장 바코드를 읽기 어려워 이동이 멈췄대요. 배송을 이어 가려면 어느 담당자에게 자료를 제출해야 하나요?,shipping,inquiries-v2-shipping-train-045,original-synthetic:synthetic-ko-v2.0
inquiries-v2-shipping-train-028-v1,상자보다 큰 팔레트 단위로 오는 물건입니다. 하역용 지게차를 받는 쪽에서 준비해야 하는지 운송 업체 기준을 확인하고 싶습니다.,shipping,inquiries-v2-shipping-train-028,original-synthetic:synthetic-ko-v2.0
inquiries-v2-refund-train-032-v1,작동 오류 때문에 수리 상담을 신청했지만 아직 제품을 보내지는 않았습니다. 수리 대신 구매를 철회하고 환불 가능 여부를 검토받고 싶습니다. 기존 상담 건을 반품 요청으로 바꿀 수 있나요?,refund,inquiries-v2-refund-train-032,original-synthetic:synthetic-ko-v2.0
inquiries-v2-refund-train-019-v2,주문 전부를 취소하려는데 반환 내역에 물건 값과 세금이 따로 나옵니다. 세금까지 결제했으니 환급 합계에도 포함되는지 알려 주세요.,refund,inquiries-v2-refund-train-019,original-synthetic:synthetic-ko-v2.0
inquiries-v2-refund-train-053-v1,물품 보관 서비스를 예약하며 이용료와 보증금을 함께 냈지만 맡기기 전에 예약을 취소하려 합니다. 물품은 아직 제게 있습니다. 이용료와 보증금이 각각 어떤 항목으로 반환되는지 확인하고 싶습니다.,refund,inquiries-v2-refund-train-053,original-synthetic:synthetic-ko-v2.0
inquiries-v2-account-train-012-v2,암호 관리자에 보관한 긴 비밀번호를 로그인창에 붙여넣을 수 없어요. 직접 옮겨 쓰지 않고 입력할 공식 방법이 있나요?,account,inquiries-v2-account-train-012,original-synthetic:synthetic-ko-v2.0
inquiries-v2-account-train-048-v1,휴대전화로 보내는 로그인 승인이 늦게 도착해서 컴퓨터에서는 이미 접속 시도를 취소했습니다. 이제 알림을 눌러도 되는지 모르겠어요. 취소된 요청과 새 요청을 구별해서 처리하는 방법을 알려 주세요.,account,inquiries-v2-account-train-048,original-synthetic:synthetic-ko-v2.0
inquiries-v2-refund-train-034-v2,사용 흔적이 있는 진열품임은 알고 구매했지만 안내에 없던 손잡이 누락을 발견했습니다. 물건을 돌려주고 환급을 검토받고 싶습니다. 구매 조건과 실제 상태가 다른 점을 설명하는 절차를 알려 주세요.,refund,inquiries-v2-refund-train-034,original-synthetic:synthetic-ko-v2.0
inquiries-v2-account-train-033-v2,게시판에서 제가 작성하는 글만 검토를 기다린다는 상태로 남습니다. 로그인이나 열람은 정상이고 글 등록 오류도 표시되지 않아요. 현재 회원의 작성 권한에 어떤 제한이 있는지 안내받을 수 있을까요?,account,inquiries-v2-account-train-033,original-synthetic:synthetic-ko-v2.0
inquiries-v2-shipping-train-045-v1,상자의 바코드가 번져서 물류센터에서 확인 중이라고 합니다. 식별에 필요한 주문 자료를 안전하게 전달하는 방법을 알려 주세요.,shipping,inquiries-v2-shipping-train-045,original-synthetic:synthetic-ko-v2.0
inquiries-v2-account-train-036-v2,제 공동 문서 소유권만 팀원에게 넘기고 계정은 유지하고 싶어요. 이전을 지원하는지와 이후 제 참여 권한이 어떻게 되는지 궁금합니다.,account,inquiries-v2-account-train-036,original-synthetic:synthetic-ko-v2.0
inquiries-v2-refund-train-059-v2,부모님 동의를 받아 주문 반품을 대신 신청하려 합니다. 환급 수단을 제 명의로 바꾸려는 것은 아닙니다. 구매자의 동의를 확인받아 접수할 절차가 궁금합니다.,refund,inquiries-v2-refund-train-059,original-synthetic:synthetic-ko-v2.0
inquiries-v2-account-train-058-v2,메신저 안에서 외부 로그인을 누르면 정보 오류 없이 창만 닫힙니다. 앱 내부 접속을 지원하는지와 이용할 공식 접속 환경을 알려 주세요.,account,inquiries-v2-account-train-058,original-synthetic:synthetic-ko-v2.0
inquiries-v2-shipping-train-001-v1,입고 예정일만 적혀 있고 발송일은 없네요. 입고 뒤 바로 보내는 주문인지 판매자에게 확인하는 방법을 알려 주세요.,shipping,inquiries-v2-shipping-train-001,original-synthetic:synthetic-ko-v2.0
inquiries-hard-v1-g001-v1,환불 안내 메일은 예전 주문에 대한 것이고 이번 주문은 그대로 받고 싶어요. 그런데 이번 배송 조회에도 취소된 주문의 운송장이 연결되어 있습니다. 이번 상품이 어느 운송 기록으로 이동 중인지 확인하는 방법을 알려 주세요.,shipping,inquiries-hard-v1-g001,team-added-synthetic:inquiries-hard-v1
inquiries-hard-v1-g001-v2,"환불 안내 메일은 예전 주문에 대한 것이고 이번 주문은 그대로 받고 싶어요.
그런데 이번 배송 조회에도 취소된 주문의 운송장이 연결되어 있습니다.
이번 상품이 어느 운송 기록으로 이동 중인지 확인하는 방법을 알려 주세요.",shipping,inquiries-hard-v1-g001,team-added-synthetic:inquiries-hard-v1
inquiries-hard-v1-g001-v3,"- 환불 안내 메일은 예전 주문에 대한 것이고 이번 주문은 그대로 받고 싶어요.
- 그런데 이번 배송 조회에도 취소된 주문의 운송장이 연결되어 있습니다.
- 이번 상품이 어느 운송 기록으로 이동 중인지 확인하는 방법을 알려 주세요.",shipping,inquiries-hard-v1-g001,team-added-synthetic:inquiries-hard-v1
inquiries-hard-v1-g001-v4,환불 안내 메일은 예전 주문에 대한 것이고 이번 주문은 그대로 받고 싶습니다. 그런데 이번 배송 조회에도 취소된 주문의 운송장이 연결되어 있습니다. 이번 상품이 어느 운송 기록으로 이동 중인지 확인하는 방법을 안내해 주세요.,shipping,inquiries-hard-v1-g001,team-added-synthetic:inquiries-hard-v1
inquiries-hard-v1-g002-v1,로그인은 되고 주문 내역도 볼 수 있어서 계정 문제는 아닙니다. 물건 두 상자 중 하나만 왔는데 둘 다 수령 완료로 표시돼요. 받지 못한 상자의 인도 상태를 확인하고 싶습니다.,shipping,inquiries-hard-v1-g002,team-added-synthetic:inquiries-hard-v1
inquiries-hard-v1-g002-v2,"로그인은 되고 주문 내역도 볼 수 있어서 계정 문제는 아닙니다.
물건 두 상자 중 하나만 왔는데 둘 다 수령 완료로 표시돼요.
받지 못한 상자의 인도 상태를 확인하고 싶습니다.",shipping,inquiries-hard-v1-g002,team-added-synthetic:inquiries-hard-v1
inquiries-hard-v1-g002-v3,"- 로그인은 되고 주문 내역도 볼 수 있어서 계정 문제는 아닙니다.
- 물건 두 상자 중 하나만 왔는데 둘 다 수령 완료로 표시돼요.
- 받지 못한 상자의 인도 상태를 확인하고 싶습니다.",shipping,inquiries-hard-v1-g002,team-added-synthetic:inquiries-hard-v1
inquiries-hard-v1-g002-v4,현재 문의 상황은 다음과 같습니다. 로그인은 되고 주문 내역도 볼 수 있어서 계정 문제는 아닙니다. 물건 두 상자 중 하나만 왔는데 둘 다 수령 완료로 표시돼요. 받지 못한 상자의 인도 상태를 확인하고 싶습니다.,shipping,inquiries-hard-v1-g002,team-added-synthetic:inquiries-hard-v1
inquiries-hard-v1-g003-v1,반품 신청은 하지 않았고 상품도 필요합니다. 새 제품을 보내기 전에 기존 포장재를 회수한다는데 기사님이 상품까지 가져가셨습니다. 회수된 상품이 어디로 이동했는지 운송 경로를 확인하고 싶어요.,shipping,inquiries-hard-v1-g003,team-added-synthetic:inquiries-hard-v1
inquiries-hard-v1-g003-v2,"반품 신청은 하지 않았고 상품도 필요합니다.
새 제품을 보내기 전에 기존 포장재를 회수한다는데 기사님이 상품까지 가져가셨습니다.
회수된 상품이 어디로 이동했는지 운송 경로를 확인하고 싶어요.",shipping,inquiries-hard-v1-g003,team-added-synthetic:inquiries-hard-v1
inquiries-hard-v1-g003-v3,"- 반품 신청은 하지 않았고 상품도 필요합니다.
- 새 제품을 보내기 전에 기존 포장재를 회수한다는데 기사님이 상품까지 가져가셨습니다.
- 회수된 상품이 어디로 이동했는지 운송 경로를 확인하고 싶어요.",shipping,inquiries-hard-v1-g003,team-added-synthetic:inquiries-hard-v1
inquiries-hard-v1-g003-v4,반품 신청은 하지 않았고 상품도 필요합니다. 새 제품을 보내기 전에 기존 포장재를 회수한다는데 기사님이 상품까지 가져가셨습니다. 회수된 상품이 어디로 이동했는지 운송 경로를 확인하고 싶습니다.,shipping,inquiries-hard-v1-g003,team-added-synthetic:inquiries-hard-v1
inquiries-hard-v1-g004-v1,주소록의 기본 주소는 바꾸지 않으려 합니다. 이번 주문만 출장 중인 장소에서 받아야 하는데 출고가 시작됐는지 모르겠어요. 이미 접수된 배송 건의 수령지를 조정할 수 있는지 확인하고 싶습니다.,shipping,inquiries-hard-v1-g004,team-added-synthetic:inquiries-hard-v1
inquiries-hard-v1-g004-v2,"주소록의 기본 주소는 바꾸지 않으려 합니다.
이번 주문만 출장 중인 장소에서 받아야 하는데 출고가 시작됐는지 모르겠어요.
이미 접수된 배송 건의 수령지를 조정할 수 있는지 확인하고 싶습니다.",shipping,inquiries-hard-v1-g004,team-added-synthetic:inquiries-hard-v1
inquiries-hard-v1-g004-v3,"- 주소록의 기본 주소는 바꾸지 않으려 합니다.
- 이번 주문만 출장 중인 장소에서 받아야 하는데 출고가 시작됐는지 모르겠어요.
- 이미 접수된 배송 건의 수령지를 조정할 수 있는지 확인하고 싶습니다.",shipping,inquiries-hard-v1-g004,team-added-synthetic:inquiries-hard-v1
inquiries-hard-v1-g004-v4,현재 문의 상황은 다음과 같습니다. 주소록의 기본 주소는 바꾸지 않으려 합니다. 이번 주문만 출장 중인 장소에서 받아야 하는데 출고가 시작됐는지 모르겠어요. 이미 접수된 배송 건의 수령지를 조정할 수 있는지 확인하고 싶습니다.,shipping,inquiries-hard-v1-g004,team-added-synthetic:inquiries-hard-v1
inquiries-hard-v1-g005-v1,취소 수수료는 알고 있고 취소할 생각은 없습니다. 배송 기사님이 방문했다는 시각에 건물 출입 기록이 없어요. 실제 방문 여부와 재방문 안내를 어디에서 확인해야 하나요?,shipping,inquiries-hard-v1-g005,team-added-synthetic:inquiries-hard-v1
inquiries-hard-v1-g005-v2,"취소 수수료는 알고 있고 취소할 생각은 없습니다.
배송 기사님이 방문했다는 시각에 건물 출입 기록이 없어요.
실제 방문 여부와 재방문 안내를 어디에서 확인해야 하나요?",shipping,inquiries-hard-v1-g005,team-added-synthetic:inquiries-hard-v1
inquiries-hard-v1-g005-v3,"- 취소 수수료는 알고 있고 취소할 생각은 없습니다.
- 배송 기사님이 방문했다는 시각에 건물 출입 기록이 없어요.
- 실제 방문 여부와 재방문 안내를 어디에서 확인해야 하나요?",shipping,inquiries-hard-v1-g005,team-added-synthetic:inquiries-hard-v1
inquiries-hard-v1-g005-v4,현재 문의 상황은 다음과 같습니다. 취소 수수료는 알고 있고 취소할 생각은 없습니다. 배송 기사님이 방문했다는 시각에 건물 출입 기록이 없어요. 실제 방문 여부와 재방문 안내를 어디에서 확인해야 하나요?,shipping,inquiries-hard-v1-g005,team-added-synthetic:inquiries-hard-v1
inquiries-hard-v1-g006-v1,회원 이름은 정상이고 결제도 완료됐습니다. 운송장에는 이름이 같지만 연락처 끝자리가 다른 수령인이 적혀 있어 제 물품인지 판단하기 어렵습니다. 배송 건의 실제 수령 대상이 누구인지 확인하고 싶어요.,shipping,inquiries-hard-v1-g006,team-added-synthetic:inquiries-hard-v1
inquiries-hard-v1-g006-v2,"회원 이름은 정상이고 결제도 완료됐습니다.
운송장에는 이름이 같지만 연락처 끝자리가 다른 수령인이 적혀 있어 제 물품인지 판단하기 어렵습니다.
배송 건의 실제 수령 대상이 누구인지 확인하고 싶어요.",shipping,inquiries-hard-v1-g006,team-added-synthetic:inquiries-hard-v1
inquiries-hard-v1-g006-v3,"- 회원 이름은 정상이고 결제도 완료됐습니다.
- 운송장에는 이름이 같지만 연락처 끝자리가 다른 수령인이 적혀 있어 제 물품인지 판단하기 어렵습니다.
- 배송 건의 실제 수령 대상이 누구인지 확인하고 싶어요.",shipping,inquiries-hard-v1-g006,team-added-synthetic:inquiries-hard-v1
inquiries-hard-v1-g006-v4,회원 이름은 정상이고 결제도 완료됐습니다. 운송장에는 이름이 같지만 연락처 끝자리가 다른 수령인이 적혀 있어 제 물품인지 판단하기 어렵습니다. 배송 건의 실제 수령 대상이 누구인지 확인하고 싶습니다.,shipping,inquiries-hard-v1-g006,team-added-synthetic:inquiries-hard-v1
inquiries-hard-v1-g007-v1,예약 상품의 환불 규정은 이미 확인했지만 계속 기다리겠습니다. 일반 상품과 묶여 한 운송장만 나왔는데 일반 상품만 먼저 도착했어요. 예약 상품이 따로 발송되는지 배송 기록을 확인하고 싶습니다.,shipping,inquiries-hard-v1-g007,team-added-synthetic:inquiries-hard-v1
inquiries-hard-v1-g007-v2,"예약 상품의 환불 규정은 이미 확인했지만 계속 기다리겠습니다.
일반 상품과 묶여 한 운송장만 나왔는데 일반 상품만 먼저 도착했어요.
예약 상품이 따로 발송되는지 배송 기록을 확인하고 싶습니다.",shipping,inquiries-hard-v1-g007,team-added-synthetic:inquiries-hard-v1
inquiries-hard-v1-g007-v3,"- 예약 상품의 환불 규정은 이미 확인했지만 계속 기다리겠습니다.
- 일반 상품과 묶여 한 운송장만 나왔는데 일반 상품만 먼저 도착했어요.
- 예약 상품이 따로 발송되는지 배송 기록을 확인하고 싶습니다.",shipping,inquiries-hard-v1-g007,team-added-synthetic:inquiries-hard-v1
inquiries-hard-v1-g007-v4,현재 문의 상황은 다음과 같습니다. 예약 상품의 환불 규정은 이미 확인했지만 계속 기다리겠습니다. 일반 상품과 묶여 한 운송장만 나왔는데 일반 상품만 먼저 도착했어요. 예약 상품이 따로 발송되는지 배송 기록을 확인하고 싶습니다.,shipping,inquiries-hard-v1-g007,team-added-synthetic:inquiries-hard-v1
inquiries-hard-v1-g008-v1,반환 금액을 묻는 게 아니고 주문을 취소한 적도 없습니다. 통관 조회에 발송인에게 되돌아간다고 표시됐는데 판매자는 배송 중이라고 합니다. 서로 다른 안내 중 실제 운송 상태를 확인할 공식 경로가 필요해요.,shipping,inquiries-hard-v1-g008,team-added-synthetic:inquiries-hard-v1
inquiries-hard-v1-g008-v2,"반환 금액을 묻는 게 아니고 주문을 취소한 적도 없습니다.
통관 조회에 발송인에게 되돌아간다고 표시됐는데 판매자는 배송 중이라고 합니다.
서로 다른 안내 중 실제 운송 상태를 확인할 공식 경로가 필요해요.",shipping,inquiries-hard-v1-g008,team-added-synthetic:inquiries-hard-v1
inquiries-hard-v1-g008-v3,"- 반환 금액을 묻는 게 아니고 주문을 취소한 적도 없습니다.
- 통관 조회에 발송인에게 되돌아간다고 표시됐는데 판매자는 배송 중이라고 합니다.
- 서로 다른 안내 중 실제 운송 상태를 확인할 공식 경로가 필요해요.",shipping,inquiries-hard-v1-g008,team-added-synthetic:inquiries-hard-v1
inquiries-hard-v1-g008-v4,현재 문의 상황은 다음과 같습니다. 반환 금액을 묻는 게 아니고 주문을 취소한 적도 없습니다. 통관 조회에 발송인에게 되돌아간다고 표시됐는데 판매자는 배송 중이라고 합니다. 서로 다른 안내 중 실제 운송 상태를 확인할 공식 경로가 필요해요.,shipping,inquiries-hard-v1-g008,team-added-synthetic:inquiries-hard-v1
inquiries-hard-v1-g009-v1,계정에서 전화번호를 바꾸려는 건 아닙니다. 이번 배송의 현장 연락만 건물 관리인에게 부탁하고 싶은데 운송장에는 제 번호만 있습니다. 배송 건에 한해 연락 대상을 전달할 수 있는지 확인하고 싶어요.,shipping,inquiries-hard-v1-g009,team-added-synthetic:inquiries-hard-v1
inquiries-hard-v1-g009-v2,"계정에서 전화번호를 바꾸려는 건 아닙니다.
이번 배송의 현장 연락만 건물 관리인에게 부탁하고 싶은데 운송장에는 제 번호만 있습니다.
배송 건에 한해 연락 대상을 전달할 수 있는지 확인하고 싶어요.",shipping,inquiries-hard-v1-g009,team-added-synthetic:inquiries-hard-v1
inquiries-hard-v1-g009-v3,"- 계정에서 전화번호를 바꾸려는 건 아닙니다.
- 이번 배송의 현장 연락만 건물 관리인에게 부탁하고 싶은데 운송장에는 제 번호만 있습니다.
- 배송 건에 한해 연락 대상을 전달할 수 있는지 확인하고 싶어요.",shipping,inquiries-hard-v1-g009,team-added-synthetic:inquiries-hard-v1
inquiries-hard-v1-g009-v4,계정에서 전화번호를 바꾸려는 건 아닙니다. 이번 배송의 현장 연락만 건물 관리인에게 부탁하고 싶은데 운송장에는 제 번호만 있습니다. 배송 건에 한해 연락 대상을 전달할 수 있는지 확인하고 싶습니다.,shipping,inquiries-hard-v1-g009,team-added-synthetic:inquiries-hard-v1
inquiries-hard-v1-g010-v1,상품은 받았지만 교환이나 환불을 원하는 것은 아닙니다. 설치에 필요한 부속 상자가 별도 도착 예정이라는데 운송 번호가 없어요. 남은 상자의 인도 예정 상태를 공식 배송 경로에서 확인하고 싶습니다.,shipping,inquiries-hard-v1-g010,team-added-synthetic:inquiries-hard-v1
inquiries-hard-v1-g010-v2,"상품은 받았지만 교환이나 환불을 원하는 것은 아닙니다.
설치에 필요한 부속 상자가 별도 도착 예정이라는데 운송 번호가 없어요.
남은 상자의 인도 예정 상태를 공식 배송 경로에서 확인하고 싶습니다.",shipping,inquiries-hard-v1-g010,team-added-synthetic:inquiries-hard-v1
inquiries-hard-v1-g010-v3,"- 상품은 받았지만 교환이나 환불을 원하는 것은 아닙니다.
- 설치에 필요한 부속 상자가 별도 도착 예정이라는데 운송 번호가 없어요.
- 남은 상자의 인도 예정 상태를 공식 배송 경로에서 확인하고 싶습니다.",shipping,inquiries-hard-v1-g010,team-added-synthetic:inquiries-hard-v1
inquiries-hard-v1-g010-v4,현재 문의 상황은 다음과 같습니다. 상품은 받았지만 교환이나 환불을 원하는 것은 아닙니다. 설치에 필요한 부속 상자가 별도 도착 예정이라는데 운송 번호가 없어요. 남은 상자의 인도 예정 상태를 공식 배송 경로에서 확인하고 싶습니다.,shipping,inquiries-hard-v1-g010,team-added-synthetic:inquiries-hard-v1
inquiries-hard-v1-g011-v1,결제를 취소하라는 안내가 떠도 물건이 필요해서 아직 취소하지 않았습니다. 배송 조회는 접수만 되어 있고 판매자는 택배사가 가져갔다고 해요. 실물 인계 여부를 어디에서 확인할 수 있나요?,shipping,inquiries-hard-v1-g011,team-added-synthetic:inquiries-hard-v1
inquiries-hard-v1-g011-v2,"결제를 취소하라는 안내가 떠도 물건이 필요해서 아직 취소하지 않았습니다.
배송 조회는 접수만 되어 있고 판매자는 택배사가 가져갔다고 해요.
실물 인계 여부를 어디에서 확인할 수 있나요?",shipping,inquiries-hard-v1-g011,team-added-synthetic:inquiries-hard-v1
inquiries-hard-v1-g011-v3,"- 결제를 취소하라는 안내가 떠도 물건이 필요해서 아직 취소하지 않았습니다.
- 배송 조회는 접수만 되어 있고 판매자는 택배사가 가져갔다고 해요.
- 실물 인계 여부를 어디에서 확인할 수 있나요?",shipping,inquiries-hard-v1-g011,team-added-synthetic:inquiries-hard-v1
inquiries-hard-v1-g011-v4,현재 문의 상황은 다음과 같습니다. 결제를 취소하라는 안내가 떠도 물건이 필요해서 아직 취소하지 않았습니다. 배송 조회는 접수만 되어 있고 판매자는 택배사가 가져갔다고 해요. 실물 인계 여부를 어디에서 확인할 수 있나요?,shipping,inquiries-hard-v1-g011,team-added-synthetic:inquiries-hard-v1
inquiries-hard-v1-g012-v1,회원정보의 주소는 그대로 유지하려 합니다. 택배를 받는 층의 승강기가 고장 나서 이번 배송만 지상 안내 데스크에서 받고 싶어요. 배송 업체가 그곳에 인도할 수 있는지 확인하는 방법을 알려 주세요.,shipping,inquiries-hard-v1-g012,team-added-synthetic:inquiries-hard-v1
inquiries-hard-v1-g012-v2,"회원정보의 주소는 그대로 유지하려 합니다.
택배를 받는 층의 승강기가 고장 나서 이번 배송만 지상 안내 데스크에서 받고 싶어요.
배송 업체가 그곳에 인도할 수 있는지 확인하는 방법을 알려 주세요.",shipping,inquiries-hard-v1-g012,team-added-synthetic:inquiries-hard-v1
inquiries-hard-v1-g012-v3,"- 회원정보의 주소는 그대로 유지하려 합니다.
- 택배를 받는 층의 승강기가 고장 나서 이번 배송만 지상 안내 데스크에서 받고 싶어요.
- 배송 업체가 그곳에 인도할 수 있는지 확인하는 방법을 알려 주세요.",shipping,inquiries-hard-v1-g012,team-added-synthetic:inquiries-hard-v1
inquiries-hard-v1-g012-v4,회원정보의 주소는 그대로 유지하려 합니다. 택배를 받는 층의 승강기가 고장 나서 이번 배송만 지상 안내 데스크에서 받고 싶습니다. 배송 업체가 그곳에 인도할 수 있는지 확인하는 방법을 안내해 주세요.,shipping,inquiries-hard-v1-g012,team-added-synthetic:inquiries-hard-v1
inquiries-hard-v1-g013-v1,반품용 수거와 새 주문의 배송이 같은 날 예정되어 있어요. 새 주문은 취소하지 않을 건데 기사님 안내에는 수거 일정만 적혀 있습니다. 새 상품을 받는 방문 일정이 별도로 있는지 확인하고 싶습니다.,shipping,inquiries-hard-v1-g013,team-added-synthetic:inquiries-hard-v1
inquiries-hard-v1-g013-v2,"반품용 수거와 새 주문의 배송이 같은 날 예정되어 있어요.
새 주문은 취소하지 않을 건데 기사님 안내에는 수거 일정만 적혀 있습니다.
새 상품을 받는 방문 일정이 별도로 있는지 확인하고 싶습니다.",shipping,inquiries-hard-v1-g013,team-added-synthetic:inquiries-hard-v1
inquiries-hard-v1-g013-v3,"- 반품용 수거와 새 주문의 배송이 같은 날 예정되어 있어요.
- 새 주문은 취소하지 않을 건데 기사님 안내에는 수거 일정만 적혀 있습니다.
- 새 상품을 받는 방문 일정이 별도로 있는지 확인하고 싶습니다.",shipping,inquiries-hard-v1-g013,team-added-synthetic:inquiries-hard-v1
inquiries-hard-v1-g013-v4,현재 문의 상황은 다음과 같습니다. 반품용 수거와 새 주문의 배송이 같은 날 예정되어 있어요. 새 주문은 취소하지 않을 건데 기사님 안내에는 수거 일정만 적혀 있습니다. 새 상품을 받는 방문 일정이 별도로 있는지 확인하고 싶습니다.,shipping,inquiries-hard-v1-g013,team-added-synthetic:inquiries-hard-v1
inquiries-hard-v1-g014-v1,로그인 알림은 정상적으로 오는데 배송 알림의 수령 사진이 전혀 다른 건물입니다. 돈을 돌려달라는 요청은 아직 아닙니다. 제 주문의 실제 인도 장소를 확인하고 싶어요.,shipping,inquiries-hard-v1-g014,team-added-synthetic:inquiries-hard-v1
inquiries-hard-v1-g014-v2,"로그인 알림은 정상적으로 오는데 배송 알림의 수령 사진이 전혀 다른 건물입니다.
돈을 돌려달라는 요청은 아직 아닙니다.
제 주문의 실제 인도 장소를 확인하고 싶어요.",shipping,inquiries-hard-v1-g014,team-added-synthetic:inquiries-hard-v1
inquiries-hard-v1-g014-v3,"- 로그인 알림은 정상적으로 오는데 배송 알림의 수령 사진이 전혀 다른 건물입니다.
- 돈을 돌려달라는 요청은 아직 아닙니다.
- 제 주문의 실제 인도 장소를 확인하고 싶어요.",shipping,inquiries-hard-v1-g014,team-added-synthetic:inquiries-hard-v1
inquiries-hard-v1-g014-v4,로그인 알림은 정상적으로 오는데 배송 알림의 수령 사진이 전혀 다른 건물입니다. 돈을 돌려달라는 요청은 아직 아닙니다. 제 주문의 실제 인도 장소를 확인하고 싶습니다.,shipping,inquiries-hard-v1-g014,team-added-synthetic:inquiries-hard-v1
inquiries-hard-v1-g015-v1,판매자가 환불도 가능하다고 했지만 우선 제품을 받겠습니다. 배송 조회에는 냉장 보관 중이라고만 나오고 인도 시도 기록이 없습니다. 냉장 상태를 단정해 달라는 게 아니라 인도 진행 상황을 확인하는 경로가 궁금합니다.,shipping,inquiries-hard-v1-g015,team-added-synthetic:inquiries-hard-v1
inquiries-hard-v1-g015-v2,"판매자가 환불도 가능하다고 했지만 우선 제품을 받겠습니다.
배송 조회에는 냉장 보관 중이라고만 나오고 인도 시도 기록이 없습니다.
냉장 상태를 단정해 달라는 게 아니라 인도 진행 상황을 확인하는 경로가 궁금합니다.",shipping,inquiries-hard-v1-g015,team-added-synthetic:inquiries-hard-v1
inquiries-hard-v1-g015-v3,"- 판매자가 환불도 가능하다고 했지만 우선 제품을 받겠습니다.
- 배송 조회에는 냉장 보관 중이라고만 나오고 인도 시도 기록이 없습니다.
- 냉장 상태를 단정해 달라는 게 아니라 인도 진행 상황을 확인하는 경로가 궁금합니다.",shipping,inquiries-hard-v1-g015,team-added-synthetic:inquiries-hard-v1
inquiries-hard-v1-g015-v4,판매자가 환불도 가능하다고 했지만 우선 제품을 받겠습니다. 배송 조회에는 냉장 보관 중이라고만 나오고 인도 시도 기록이 없습니다. 냉장 상태를 단정해 달라는 게 아니라 인도 진행 상황을 확인하는 경로가 알고 싶습니다.,shipping,inquiries-hard-v1-g015,team-added-synthetic:inquiries-hard-v1
inquiries-hard-v1-g016-v1,예전 회원 주소를 삭제할 필요는 없습니다. 주문할 때 선택한 지점과 택배 안내에 적힌 수령 지점의 지역이 달라요. 이번 물품이 어느 지점으로 배달되는지 확인하고 싶습니다.,shipping,inquiries-hard-v1-g016,team-added-synthetic:inquiries-hard-v1
inquiries-hard-v1-g016-v2,"예전 회원 주소를 삭제할 필요는 없습니다.
주문할 때 선택한 지점과 택배 안내에 적힌 수령 지점의 지역이 달라요.
이번 물품이 어느 지점으로 배달되는지 확인하고 싶습니다.",shipping,inquiries-hard-v1-g016,team-added-synthetic:inquiries-hard-v1
inquiries-hard-v1-g016-v3,"- 예전 회원 주소를 삭제할 필요는 없습니다.
- 주문할 때 선택한 지점과 택배 안내에 적힌 수령 지점의 지역이 달라요.
- 이번 물품이 어느 지점으로 배달되는지 확인하고 싶습니다.",shipping,inquiries-hard-v1-g016,team-added-synthetic:inquiries-hard-v1
inquiries-hard-v1-g016-v4,현재 문의 상황은 다음과 같습니다. 예전 회원 주소를 삭제할 필요는 없습니다. 주문할 때 선택한 지점과 택배 안내에 적힌 수령 지점의 지역이 달라요. 이번 물품이 어느 지점으로 배달되는지 확인하고 싶습니다.,shipping,inquiries-hard-v1-g016,team-added-synthetic:inquiries-hard-v1
inquiries-hard-v1-g017-v1,배송이 늦어도 취소하지 않고 기다릴 생각입니다. 운송 조회에 출고 보류라고 뜨는데 필요한 추가 정보가 무엇인지 안내가 없어요. 보류 이유와 제가 제공해야 할 사항을 공식 배송 지원에서 확인하고 싶습니다.,shipping,inquiries-hard-v1-g017,team-added-synthetic:inquiries-hard-v1
inquiries-hard-v1-g017-v2,"배송이 늦어도 취소하지 않고 기다릴 생각입니다.
운송 조회에 출고 보류라고 뜨는데 필요한 추가 정보가 무엇인지 안내가 없어요.
보류 이유와 제가 제공해야 할 사항을 공식 배송 지원에서 확인하고 싶습니다.",shipping,inquiries-hard-v1-g017,team-added-synthetic:inquiries-hard-v1
inquiries-hard-v1-g017-v3,"- 배송이 늦어도 취소하지 않고 기다릴 생각입니다.
- 운송 조회에 출고 보류라고 뜨는데 필요한 추가 정보가 무엇인지 안내가 없어요.
- 보류 이유와 제가 제공해야 할 사항을 공식 배송 지원에서 확인하고 싶습니다.",shipping,inquiries-hard-v1-g017,team-added-synthetic:inquiries-hard-v1
inquiries-hard-v1-g017-v4,현재 문의 상황은 다음과 같습니다. 배송이 늦어도 취소하지 않고 기다릴 생각입니다. 운송 조회에 출고 보류라고 뜨는데 필요한 추가 정보가 무엇인지 안내가 없어요. 보류 이유와 제가 제공해야 할 사항을 공식 배송 지원에서 확인하고 싶습니다.,shipping,inquiries-hard-v1-g017,team-added-synthetic:inquiries-hard-v1
inquiries-hard-v1-g018-v1,반품 접수는 다른 상품에 대한 것입니다. 이번 새 상품의 배송 사진에 반품 수거 라벨이 붙은 상자가 찍혀 있습니다. 실제로 어느 물품이 인도되었는지 배송 기록을 확인하고 싶어요.,shipping,inquiries-hard-v1-g018,team-added-synthetic:inquiries-hard-v1
inquiries-hard-v1-g018-v2,"반품 접수는 다른 상품에 대한 것입니다.
이번 새 상품의 배송 사진에 반품 수거 라벨이 붙은 상자가 찍혀 있습니다.
실제로 어느 물품이 인도되었는지 배송 기록을 확인하고 싶어요.",shipping,inquiries-hard-v1-g018,team-added-synthetic:inquiries-hard-v1
inquiries-hard-v1-g018-v3,"- 반품 접수는 다른 상품에 대한 것입니다.
- 이번 새 상품의 배송 사진에 반품 수거 라벨이 붙은 상자가 찍혀 있습니다.
- 실제로 어느 물품이 인도되었는지 배송 기록을 확인하고 싶어요.",shipping,inquiries-hard-v1-g018,team-added-synthetic:inquiries-hard-v1
inquiries-hard-v1-g018-v4,반품 접수는 다른 상품에 대한 것입니다. 이번 새 상품의 배송 사진에 반품 수거 라벨이 붙은 상자가 찍혀 있습니다. 실제로 어느 물품이 인도되었는지 배송 기록을 확인하고 싶습니다.,shipping,inquiries-hard-v1-g018,team-added-synthetic:inquiries-hard-v1
inquiries-hard-v1-g019-v1,계정 권한 변경은 필요 없고 주문 조회도 가능합니다. 기숙사 공동 보관실로 배송됐다고 하는데 관리자는 그날 입고 기록이 없다고 합니다. 물품이 누구에게 인계됐는지 확인하는 방법이 필요해요.,shipping,inquiries-hard-v1-g019,team-added-synthetic:inquiries-hard-v1
inquiries-hard-v1-g019-v2,"계정 권한 변경은 필요 없고 주문 조회도 가능합니다.
기숙사 공동 보관실로 배송됐다고 하는데 관리자는 그날 입고 기록이 없다고 합니다.
물품이 누구에게 인계됐는지 확인하는 방법이 필요해요.",shipping,inquiries-hard-v1-g019,team-added-synthetic:inquiries-hard-v1
inquiries-hard-v1-g019-v3,"- 계정 권한 변경은 필요 없고 주문 조회도 가능합니다.
- 기숙사 공동 보관실로 배송됐다고 하는데 관리자는 그날 입고 기록이 없다고 합니다.
- 물품이 누구에게 인계됐는지 확인하는 방법이 필요해요.",shipping,inquiries-hard-v1-g019,team-added-synthetic:inquiries-hard-v1
inquiries-hard-v1-g019-v4,현재 문의 상황은 다음과 같습니다. 계정 권한 변경은 필요 없고 주문 조회도 가능합니다. 기숙사 공동 보관실로 배송됐다고 하는데 관리자는 그날 입고 기록이 없다고 합니다. 물품이 누구에게 인계됐는지 확인하는 방법이 필요해요.,shipping,inquiries-hard-v1-g019,team-added-synthetic:inquiries-hard-v1
inquiries-hard-v1-g020-v1,환급받은 이전 주문과 새로 결제한 주문이 따로 있습니다. 새 주문의 배송 알림에는 이전 주문 번호가 표시돼요. 이번 결제 상품에 연결된 운송장을 정확히 확인하고 싶습니다.,shipping,inquiries-hard-v1-g020,team-added-synthetic:inquiries-hard-v1
inquiries-hard-v1-g020-v2,"환급받은 이전 주문과 새로 결제한 주문이 따로 있습니다.
새 주문의 배송 알림에는 이전 주문 번호가 표시돼요.
이번 결제 상품에 연결된 운송장을 정확히 확인하고 싶습니다.",shipping,inquiries-hard-v1-g020,team-added-synthetic:inquiries-hard-v1
inquiries-hard-v1-g020-v3,"- 환급받은 이전 주문과 새로 결제한 주문이 따로 있습니다.
- 새 주문의 배송 알림에는 이전 주문 번호가 표시돼요.
- 이번 결제 상품에 연결된 운송장을 정확히 확인하고 싶습니다.",shipping,inquiries-hard-v1-g020,team-added-synthetic:inquiries-hard-v1
inquiries-hard-v1-g020-v4,현재 문의 상황은 다음과 같습니다. 환급받은 이전 주문과 새로 결제한 주문이 따로 있습니다. 새 주문의 배송 알림에는 이전 주문 번호가 표시돼요. 이번 결제 상품에 연결된 운송장을 정확히 확인하고 싶습니다.,shipping,inquiries-hard-v1-g020,team-added-synthetic:inquiries-hard-v1
inquiries-hard-v1-g021-v1,수령 안내에 일회용 인도 코드가 필요하다고 적혀 있습니다. 회원 로그인 인증 문제가 아니라 택배를 받을 때 필요한 안내를 못 받은 상황입니다. 공식 배송 문의 경로에서 수령 방법을 확인하고 싶어요.,shipping,inquiries-hard-v1-g021,team-added-synthetic:inquiries-hard-v1
inquiries-hard-v1-g021-v2,"수령 안내에 일회용 인도 코드가 필요하다고 적혀 있습니다.
회원 로그인 인증 문제가 아니라 택배를 받을 때 필요한 안내를 못 받은 상황입니다.
공식 배송 문의 경로에서 수령 방법을 확인하고 싶어요.",shipping,inquiries-hard-v1-g021,team-added-synthetic:inquiries-hard-v1
inquiries-hard-v1-g021-v3,"- 수령 안내에 일회용 인도 코드가 필요하다고 적혀 있습니다.
- 회원 로그인 인증 문제가 아니라 택배를 받을 때 필요한 안내를 못 받은 상황입니다.
- 공식 배송 문의 경로에서 수령 방법을 확인하고 싶어요.",shipping,inquiries-hard-v1-g021,team-added-synthetic:inquiries-hard-v1
inquiries-hard-v1-g021-v4,수령 안내에 일회용 인도 코드가 필요하다고 적혀 있습니다. 회원 로그인 인증 문제가 아니라 택배를 받을 때 필요한 안내를 못 받은 상황입니다. 공식 배송 문의 경로에서 수령 방법을 확인하고 싶습니다.,shipping,inquiries-hard-v1-g021,team-added-synthetic:inquiries-hard-v1
inquiries-hard-v1-g022-v1,제품 취소나 회원 탈퇴를 원하는 건 아닙니다. 발송된 물품이 행사장 물류실에 도착했다고 하는데 인수 담당자 이름이 비어 있습니다. 실제 인계가 완료됐는지 확인하고 싶습니다.,shipping,inquiries-hard-v1-g022,team-added-synthetic:inquiries-hard-v1
inquiries-hard-v1-g022-v2,"제품 취소나 회원 탈퇴를 원하는 건 아닙니다.
발송된 물품이 행사장 물류실에 도착했다고 하는데 인수 담당자 이름이 비어 있습니다.
실제 인계가 완료됐는지 확인하고 싶습니다.",shipping,inquiries-hard-v1-g022,team-added-synthetic:inquiries-hard-v1
inquiries-hard-v1-g022-v3,"- 제품 취소나 회원 탈퇴를 원하는 건 아닙니다.
- 발송된 물품이 행사장 물류실에 도착했다고 하는데 인수 담당자 이름이 비어 있습니다.
- 실제 인계가 완료됐는지 확인하고 싶습니다.",shipping,inquiries-hard-v1-g022,team-added-synthetic:inquiries-hard-v1
inquiries-hard-v1-g022-v4,현재 문의 상황은 다음과 같습니다. 제품 취소나 회원 탈퇴를 원하는 건 아닙니다. 발송된 물품이 행사장 물류실에 도착했다고 하는데 인수 담당자 이름이 비어 있습니다. 실제 인계가 완료됐는지 확인하고 싶습니다.,shipping,inquiries-hard-v1-g022,team-added-synthetic:inquiries-hard-v1
inquiries-hard-v1-g023-v1,지연 보상 금액을 묻기 전에 배송 상태부터 알고 싶어요. 운송 기록이 같은 두 지점을 계속 왕복한 것으로 표시됩니다. 물품이 실제로 재이동한 건지 조회 기록만 반복된 건지 확인하는 방법을 알려 주세요.,shipping,inquiries-hard-v1-g023,team-added-synthetic:inquiries-hard-v1
inquiries-hard-v1-g023-v2,"지연 보상 금액을 묻기 전에 배송 상태부터 알고 싶어요.
운송 기록이 같은 두 지점을 계속 왕복한 것으로 표시됩니다.
물품이 실제로 재이동한 건지 조회 기록만 반복된 건지 확인하는 방법을 알려 주세요.",shipping,inquiries-hard-v1-g023,team-added-synthetic:inquiries-hard-v1
inquiries-hard-v1-g023-v3,"- 지연 보상 금액을 묻기 전에 배송 상태부터 알고 싶어요.
- 운송 기록이 같은 두 지점을 계속 왕복한 것으로 표시됩니다.
- 물품이 실제로 재이동한 건지 조회 기록만 반복된 건지 확인하는 방법을 알려 주세요.",shipping,inquiries-hard-v1-g023,team-added-synthetic:inquiries-hard-v1
inquiries-hard-v1-g023-v4,지연 보상 금액을 묻기 전에 배송 상태부터 알고 싶습니다. 운송 기록이 같은 두 지점을 계속 왕복한 것으로 표시됩니다. 물품이 실제로 재이동한 건지 조회 기록만 반복된 건지 확인하는 방법을 안내해 주세요.,shipping,inquiries-hard-v1-g023,team-added-synthetic:inquiries-hard-v1
inquiries-hard-v1-g024-v1,회원 설정이나 결제 취소를 요청하는 건 아닙니다. 친환경 합배송을 선택했는데 묶음 중 한 상품의 예약 출고일이 연기됐어요. 다른 상품까지 그 날짜에 맞춰 출고가 미뤄지는지 이번 주문의 운송 계획을 확인하고 싶습니다.,shipping,inquiries-hard-v1-g024,team-added-synthetic:inquiries-hard-v1
inquiries-hard-v1-g024-v2,"회원 설정이나 결제 취소를 요청하는 건 아닙니다.
친환경 합배송을 선택했는데 묶음 중 한 상품의 예약 출고일이 연기됐어요.
다른 상품까지 그 날짜에 맞춰 출고가 미뤄지는지 이번 주문의 운송 계획을 확인하고 싶습니다.",shipping,inquiries-hard-v1-g024,team-added-synthetic:inquiries-hard-v1
inquiries-hard-v1-g024-v3,"- 회원 설정이나 결제 취소를 요청하는 건 아닙니다.
- 친환경 합배송을 선택했는데 묶음 중 한 상품의 예약 출고일이 연기됐어요.
- 다른 상품까지 그 날짜에 맞춰 출고가 미뤄지는지 이번 주문의 운송 계획을 확인하고 싶습니다.",shipping,inquiries-hard-v1-g024,team-added-synthetic:inquiries-hard-v1
inquiries-hard-v1-g024-v4,현재 문의 상황은 다음과 같습니다. 회원 설정이나 결제 취소를 요청하는 건 아닙니다. 친환경 합배송을 선택했는데 묶음 중 한 상품의 예약 출고일이 연기됐어요. 다른 상품까지 그 날짜에 맞춰 출고가 미뤄지는지 이번 주문의 운송 계획을 확인하고 싶습니다.,shipping,inquiries-hard-v1-g024,team-added-synthetic:inquiries-hard-v1
inquiries-hard-v1-g025-v1,환불이 가능하더라도 지금은 받는 쪽으로 진행하고 싶습니다. 택배 조회에는 목적지 근처까지 왔다가 발송지로 되돌아가는 이동 기록이 보입니다. 반송이 확정된 건지 일시적인 운송 경로인지 공식 확인을 받고 싶어요.,shipping,inquiries-hard-v1-g025,team-added-synthetic:inquiries-hard-v1
inquiries-hard-v1-g025-v2,"환불이 가능하더라도 지금은 받는 쪽으로 진행하고 싶습니다.
택배 조회에는 목적지 근처까지 왔다가 발송지로 되돌아가는 이동 기록이 보입니다.
반송이 확정된 건지 일시적인 운송 경로인지 공식 확인을 받고 싶어요.",shipping,inquiries-hard-v1-g025,team-added-synthetic:inquiries-hard-v1
inquiries-hard-v1-g025-v3,"- 환불이 가능하더라도 지금은 받는 쪽으로 진행하고 싶습니다.
- 택배 조회에는 목적지 근처까지 왔다가 발송지로 되돌아가는 이동 기록이 보입니다.
- 반송이 확정된 건지 일시적인 운송 경로인지 공식 확인을 받고 싶어요.",shipping,inquiries-hard-v1-g025,team-added-synthetic:inquiries-hard-v1
inquiries-hard-v1-g025-v4,환불이 가능하더라도 지금은 받는 쪽으로 진행하고 싶습니다. 택배 조회에는 목적지 근처까지 왔다가 발송지로 되돌아가는 이동 기록이 보입니다. 반송이 확정된 건지 일시적인 운송 경로인지 공식 확인을 받고 싶습니다.,shipping,inquiries-hard-v1-g025,team-added-synthetic:inquiries-hard-v1
inquiries-hard-v1-g026-v1,로그인은 정상이고 주문 내역에도 접근할 수 있습니다. 출발 전 취소를 눌렀지만 배송 알림이 뒤늦게 왔어요. 물품 위치보다 취소 접수가 유지되는지와 결제 반환 절차를 확인하고 싶습니다.,refund,inquiries-hard-v1-g026,team-added-synthetic:inquiries-hard-v1
inquiries-hard-v1-g026-v2,"로그인은 정상이고 주문 내역에도 접근할 수 있습니다.
출발 전 취소를 눌렀지만 배송 알림이 뒤늦게 왔어요.
물품 위치보다 취소 접수가 유지되는지와 결제 반환 절차를 확인하고 싶습니다.",refund,inquiries-hard-v1-g026,team-added-synthetic:inquiries-hard-v1
inquiries-hard-v1-g026-v3,"- 로그인은 정상이고 주문 내역에도 접근할 수 있습니다.
- 출발 전 취소를 눌렀지만 배송 알림이 뒤늦게 왔어요.
- 물품 위치보다 취소 접수가 유지되는지와 결제 반환 절차를 확인하고 싶습니다.",refund,inquiries-hard-v1-g026,team-added-synthetic:inquiries-hard-v1
inquiries-hard-v1-g026-v4,현재 문의 상황은 다음과 같습니다. 로그인은 정상이고 주문 내역에도 접근할 수 있습니다. 출발 전 취소를 눌렀지만 배송 알림이 뒤늦게 왔어요. 물품 위치보다 취소 접수가 유지되는지와 결제 반환 절차를 확인하고 싶습니다.,refund,inquiries-hard-v1-g026,team-added-synthetic:inquiries-hard-v1
inquiries-hard-v1-g027-v1,배송 기사님이 물건을 찾아준다고 했지만 이제는 구매를 유지하지 않겠습니다. 아직 받지 못한 주문을 취소하고 싶은데 운송 중이라고 뜹니다. 이 상태에서 취소 또는 반환 요청을 접수할 공식 경로를 알려 주세요.,refund,inquiries-hard-v1-g027,team-added-synthetic:inquiries-hard-v1
inquiries-hard-v1-g027-v2,"배송 기사님이 물건을 찾아준다고 했지만 이제는 구매를 유지하지 않겠습니다.
아직 받지 못한 주문을 취소하고 싶은데 운송 중이라고 뜹니다.
이 상태에서 취소 또는 반환 요청을 접수할 공식 경로를 알려 주세요.",refund,inquiries-hard-v1-g027,team-added-synthetic:inquiries-hard-v1
inquiries-hard-v1-g027-v3,"- 배송 기사님이 물건을 찾아준다고 했지만 이제는 구매를 유지하지 않겠습니다.
- 아직 받지 못한 주문을 취소하고 싶은데 운송 중이라고 뜹니다.
- 이 상태에서 취소 또는 반환 요청을 접수할 공식 경로를 알려 주세요.",refund,inquiries-hard-v1-g027,team-added-synthetic:inquiries-hard-v1
inquiries-hard-v1-g027-v4,배송 기사님이 물건을 찾아준다고 했지만 이제는 구매를 유지하지 않겠습니다. 아직 받지 못한 주문을 취소하고 싶은데 운송 중이라고 뜹니다. 이 상태에서 취소 또는 반환 요청을 접수할 공식 경로를 안내해 주세요.,refund,inquiries-hard-v1-g027,team-added-synthetic:inquiries-hard-v1
inquiries-hard-v1-g028-v1,회원 탈퇴나 계정 권한 변경만을 요청하는 건 아닙니다. 자료 이용권을 잘못 결제했지만 아직 자료를 열거나 내려받지는 않았어요. 이용권 구매 자체를 취소하고 결제 금액을 반환받을 수 있는지 공식 기준을 확인하고 싶습니다.,refund,inquiries-hard-v1-g028,team-added-synthetic:inquiries-hard-v1
inquiries-hard-v1-g028-v2,"회원 탈퇴나 계정 권한 변경만을 요청하는 건 아닙니다.
자료 이용권을 잘못 결제했지만 아직 자료를 열거나 내려받지는 않았어요.
이용권 구매 자체를 취소하고 결제 금액을 반환받을 수 있는지 공식 기준을 확인하고 싶습니다.",refund,inquiries-hard-v1-g028,team-added-synthetic:inquiries-hard-v1
inquiries-hard-v1-g028-v3,"- 회원 탈퇴나 계정 권한 변경만을 요청하는 건 아닙니다.
- 자료 이용권을 잘못 결제했지만 아직 자료를 열거나 내려받지는 않았어요.
- 이용권 구매 자체를 취소하고 결제 금액을 반환받을 수 있는지 공식 기준을 확인하고 싶습니다.",refund,inquiries-hard-v1-g028,team-added-synthetic:inquiries-hard-v1
inquiries-hard-v1-g028-v4,현재 문의 상황은 다음과 같습니다. 회원 탈퇴나 계정 권한 변경만을 요청하는 건 아닙니다. 자료 이용권을 잘못 결제했지만 아직 자료를 열거나 내려받지는 않았어요. 이용권 구매 자체를 취소하고 결제 금액을 반환받을 수 있는지 공식 기준을 확인하고 싶습니다.,refund,inquiries-hard-v1-g028,team-added-synthetic:inquiries-hard-v1
inquiries-hard-v1-g029-v1,수령 주소를 바꾸려는 요청은 아닙니다. 잘못 주문한 상품이 도착해 포장은 개봉했지만 사용하지 않았어요. 수령 후 7일 안인데 반품 접수와 상태 확인 절차를 알고 싶습니다.,refund,inquiries-hard-v1-g029,team-added-synthetic:inquiries-hard-v1
inquiries-hard-v1-g029-v2,"수령 주소를 바꾸려는 요청은 아닙니다.
잘못 주문한 상품이 도착해 포장은 개봉했지만 사용하지 않았어요.
수령 후 7일 안인데 반품 접수와 상태 확인 절차를 알고 싶습니다.",refund,inquiries-hard-v1-g029,team-added-synthetic:inquiries-hard-v1
inquiries-hard-v1-g029-v3,"- 수령 주소를 바꾸려는 요청은 아닙니다.
- 잘못 주문한 상품이 도착해 포장은 개봉했지만 사용하지 않았어요.
- 수령 후 7일 안인데 반품 접수와 상태 확인 절차를 알고 싶습니다.",refund,inquiries-hard-v1-g029,team-added-synthetic:inquiries-hard-v1
inquiries-hard-v1-g029-v4,현재 문의 상황은 다음과 같습니다. 수령 주소를 바꾸려는 요청은 아닙니다. 잘못 주문한 상품이 도착해 포장은 개봉했지만 사용하지 않았어요. 수령 후 7일 안인데 반품 접수와 상태 확인 절차를 알고 싶습니다.,refund,inquiries-hard-v1-g029,team-added-synthetic:inquiries-hard-v1
inquiries-hard-v1-g030-v1,배송 완료 기록은 맞고 제품도 가지고 있습니다. 제품을 반품 접수했더니 승인됐다는 말 없이 수거 신청만 완료됐다고 나와요. 수거 접수와 반품 승인이 다른 건지 처리 상태를 확인하고 싶습니다.,refund,inquiries-hard-v1-g030,team-added-synthetic:inquiries-hard-v1
inquiries-hard-v1-g030-v2,"배송 완료 기록은 맞고 제품도 가지고 있습니다.
제품을 반품 접수했더니 승인됐다는 말 없이 수거 신청만 완료됐다고 나와요.
수거 접수와 반품 승인이 다른 건지 처리 상태를 확인하고 싶습니다.",refund,inquiries-hard-v1-g030,team-added-synthetic:inquiries-hard-v1
inquiries-hard-v1-g030-v3,"- 배송 완료 기록은 맞고 제품도 가지고 있습니다.
- 제품을 반품 접수했더니 승인됐다는 말 없이 수거 신청만 완료됐다고 나와요.
- 수거 접수와 반품 승인이 다른 건지 처리 상태를 확인하고 싶습니다.",refund,inquiries-hard-v1-g030,team-added-synthetic:inquiries-hard-v1
inquiries-hard-v1-g030-v4,현재 문의 상황은 다음과 같습니다. 배송 완료 기록은 맞고 제품도 가지고 있습니다. 제품을 반품 접수했더니 승인됐다는 말 없이 수거 신청만 완료됐다고 나와요. 수거 접수와 반품 승인이 다른 건지 처리 상태를 확인하고 싶습니다.,refund,inquiries-hard-v1-g030,team-added-synthetic:inquiries-hard-v1
inquiries-hard-v1-g031-v1,비밀번호를 바꾼 뒤에도 계정에는 정상 접속됩니다. 취소한 주문의 반환 예정 금액에 일부 옵션 가격이 빠져 있어요. 환급 계산에 포함된 항목과 제외 이유를 공식 경로에서 확인하고 싶습니다.,refund,inquiries-hard-v1-g031,team-added-synthetic:inquiries-hard-v1
inquiries-hard-v1-g031-v2,"비밀번호를 바꾼 뒤에도 계정에는 정상 접속됩니다.
취소한 주문의 반환 예정 금액에 일부 옵션 가격이 빠져 있어요.
환급 계산에 포함된 항목과 제외 이유를 공식 경로에서 확인하고 싶습니다.",refund,inquiries-hard-v1-g031,team-added-synthetic:inquiries-hard-v1
inquiries-hard-v1-g031-v3,"- 비밀번호를 바꾼 뒤에도 계정에는 정상 접속됩니다.
- 취소한 주문의 반환 예정 금액에 일부 옵션 가격이 빠져 있어요.
- 환급 계산에 포함된 항목과 제외 이유를 공식 경로에서 확인하고 싶습니다.",refund,inquiries-hard-v1-g031,team-added-synthetic:inquiries-hard-v1
inquiries-hard-v1-g031-v4,현재 문의 상황은 다음과 같습니다. 비밀번호를 바꾼 뒤에도 계정에는 정상 접속됩니다. 취소한 주문의 반환 예정 금액에 일부 옵션 가격이 빠져 있어요. 환급 계산에 포함된 항목과 제외 이유를 공식 경로에서 확인하고 싶습니다.,refund,inquiries-hard-v1-g031,team-added-synthetic:inquiries-hard-v1
inquiries-hard-v1-g032-v1,운송장 조회를 대신해 달라는 건 아닙니다. 반품 물품을 접수한 뒤 추가 공제 안내를 받았는데 무엇 때문에 공제되는지 설명이 없어요. 반환 금액 산정 근거를 확인할 방법을 알려 주세요.,refund,inquiries-hard-v1-g032,team-added-synthetic:inquiries-hard-v1
inquiries-hard-v1-g032-v2,"운송장 조회를 대신해 달라는 건 아닙니다.
반품 물품을 접수한 뒤 추가 공제 안내를 받았는데 무엇 때문에 공제되는지 설명이 없어요.
반환 금액 산정 근거를 확인할 방법을 알려 주세요.",refund,inquiries-hard-v1-g032,team-added-synthetic:inquiries-hard-v1
inquiries-hard-v1-g032-v3,"- 운송장 조회를 대신해 달라는 건 아닙니다.
- 반품 물품을 접수한 뒤 추가 공제 안내를 받았는데 무엇 때문에 공제되는지 설명이 없어요.
- 반환 금액 산정 근거를 확인할 방법을 알려 주세요.",refund,inquiries-hard-v1-g032,team-added-synthetic:inquiries-hard-v1
inquiries-hard-v1-g032-v4,운송장 조회를 대신해 달라는 건 아닙니다. 반품 물품을 접수한 뒤 추가 공제 안내를 받았는데 무엇 때문에 공제되는지 설명이 없어요. 반환 금액 산정 근거를 확인할 방법을 안내해 주세요.,refund,inquiries-hard-v1-g032,team-added-synthetic:inquiries-hard-v1
inquiries-hard-v1-g033-v1,계정에 등록한 카드를 삭제할 생각은 없습니다. 할부로 구매한 주문을 전부 취소했는데 일부 회차의 청구 예정액이 아직 남아 있어요. 취소가 할부 결제 전체에 반영됐는지 공식 환급 처리 상태를 확인하고 싶습니다.,refund,inquiries-hard-v1-g033,team-added-synthetic:inquiries-hard-v1
inquiries-hard-v1-g033-v2,"계정에 등록한 카드를 삭제할 생각은 없습니다.
할부로 구매한 주문을 전부 취소했는데 일부 회차의 청구 예정액이 아직 남아 있어요.
취소가 할부 결제 전체에 반영됐는지 공식 환급 처리 상태를 확인하고 싶습니다.",refund,inquiries-hard-v1-g033,team-added-synthetic:inquiries-hard-v1
inquiries-hard-v1-g033-v3,"- 계정에 등록한 카드를 삭제할 생각은 없습니다.
- 할부로 구매한 주문을 전부 취소했는데 일부 회차의 청구 예정액이 아직 남아 있어요.
- 취소가 할부 결제 전체에 반영됐는지 공식 환급 처리 상태를 확인하고 싶습니다.",refund,inquiries-hard-v1-g033,team-added-synthetic:inquiries-hard-v1
inquiries-hard-v1-g033-v4,현재 문의 상황은 다음과 같습니다. 계정에 등록한 카드를 삭제할 생각은 없습니다. 할부로 구매한 주문을 전부 취소했는데 일부 회차의 청구 예정액이 아직 남아 있어요. 취소가 할부 결제 전체에 반영됐는지 공식 환급 처리 상태를 확인하고 싶습니다.,refund,inquiries-hard-v1-g033,team-added-synthetic:inquiries-hard-v1
inquiries-hard-v1-g034-v1,교환 상품을 보내겠다는 배송 연락이 왔지만 저는 교환을 신청하지 않았습니다. 원래 요청은 구매 취소와 반환이었습니다. 반품 요청이 교환으로 처리된 건지 확인하고 환불 요청을 전달하는 공식 경로가 필요합니다.,refund,inquiries-hard-v1-g034,team-added-synthetic:inquiries-hard-v1
inquiries-hard-v1-g034-v2,"교환 상품을 보내겠다는 배송 연락이 왔지만 저는 교환을 신청하지 않았습니다.
원래 요청은 구매 취소와 반환이었습니다.
반품 요청이 교환으로 처리된 건지 확인하고 환불 요청을 전달하는 공식 경로가 필요합니다.",refund,inquiries-hard-v1-g034,team-added-synthetic:inquiries-hard-v1
inquiries-hard-v1-g034-v3,"- 교환 상품을 보내겠다는 배송 연락이 왔지만 저는 교환을 신청하지 않았습니다.
- 원래 요청은 구매 취소와 반환이었습니다.
- 반품 요청이 교환으로 처리된 건지 확인하고 환불 요청을 전달하는 공식 경로가 필요합니다.",refund,inquiries-hard-v1-g034,team-added-synthetic:inquiries-hard-v1
inquiries-hard-v1-g034-v4,현재 문의 상황은 다음과 같습니다. 교환 상품을 보내겠다는 배송 연락이 왔지만 저는 교환을 신청하지 않았습니다. 원래 요청은 구매 취소와 반환이었습니다. 반품 요청이 교환으로 처리된 건지 확인하고 환불 요청을 전달하는 공식 경로가 필요합니다.,refund,inquiries-hard-v1-g034,team-added-synthetic:inquiries-hard-v1
inquiries-hard-v1-g035-v1,회원 이름 수정은 이미 끝났습니다. 그런데 취소 결제의 반환 확인서에는 예전 이름이 남아 있어요. 계정 이름을 다시 바꾸는 게 아니라 이번 환급 증빙을 정정하는 경로를 알고 싶습니다.,refund,inquiries-hard-v1-g035,team-added-synthetic:inquiries-hard-v1
inquiries-hard-v1-g035-v2,"회원 이름 수정은 이미 끝났습니다.
그런데 취소 결제의 반환 확인서에는 예전 이름이 남아 있어요.
계정 이름을 다시 바꾸는 게 아니라 이번 환급 증빙을 정정하는 경로를 알고 싶습니다.",refund,inquiries-hard-v1-g035,team-added-synthetic:inquiries-hard-v1
inquiries-hard-v1-g035-v3,"- 회원 이름 수정은 이미 끝났습니다.
- 그런데 취소 결제의 반환 확인서에는 예전 이름이 남아 있어요.
- 계정 이름을 다시 바꾸는 게 아니라 이번 환급 증빙을 정정하는 경로를 알고 싶습니다.",refund,inquiries-hard-v1-g035,team-added-synthetic:inquiries-hard-v1
inquiries-hard-v1-g035-v4,현재 문의 상황은 다음과 같습니다. 회원 이름 수정은 이미 끝났습니다. 그런데 취소 결제의 반환 확인서에는 예전 이름이 남아 있어요. 계정 이름을 다시 바꾸는 게 아니라 이번 환급 증빙을 정정하는 경로를 알고 싶습니다.,refund,inquiries-hard-v1-g035,team-added-synthetic:inquiries-hard-v1
inquiries-hard-v1-g036-v1,배송받은 날짜는 확실하고 수령 후 7일 안에 반품을 접수했습니다. 담당자는 검토 중이라고 했는데 화면에는 접수 기록이 사라졌어요. 접수 사실과 승인 여부를 구분해서 반품 처리 상태를 확인하고 싶습니다.,refund,inquiries-hard-v1-g036,team-added-synthetic:inquiries-hard-v1
inquiries-hard-v1-g036-v2,"배송받은 날짜는 확실하고 수령 후 7일 안에 반품을 접수했습니다.
담당자는 검토 중이라고 했는데 화면에는 접수 기록이 사라졌어요.
접수 사실과 승인 여부를 구분해서 반품 처리 상태를 확인하고 싶습니다.",refund,inquiries-hard-v1-g036,team-added-synthetic:inquiries-hard-v1
inquiries-hard-v1-g036-v3,"- 배송받은 날짜는 확실하고 수령 후 7일 안에 반품을 접수했습니다.
- 담당자는 검토 중이라고 했는데 화면에는 접수 기록이 사라졌어요.
- 접수 사실과 승인 여부를 구분해서 반품 처리 상태를 확인하고 싶습니다.",refund,inquiries-hard-v1-g036,team-added-synthetic:inquiries-hard-v1
inquiries-hard-v1-g036-v4,현재 문의 상황은 다음과 같습니다. 배송받은 날짜는 확실하고 수령 후 7일 안에 반품을 접수했습니다. 담당자는 검토 중이라고 했는데 화면에는 접수 기록이 사라졌어요. 접수 사실과 승인 여부를 구분해서 반품 처리 상태를 확인하고 싶습니다.,refund,inquiries-hard-v1-g036,team-added-synthetic:inquiries-hard-v1
inquiries-hard-v1-g037-v1,계정에 저장된 포인트 내역을 정리하려는 것이 아닙니다. 포인트와 카드로 나눠 결제한 주문을 취소했는데 카드 반환 안내만 있습니다. 취소 건의 각 결제분이 어떻게 되돌아오는지 확인하고 싶어요.,refund,inquiries-hard-v1-g037,team-added-synthetic:inquiries-hard-v1
inquiries-hard-v1-g037-v2,"계정에 저장된 포인트 내역을 정리하려는 것이 아닙니다.
포인트와 카드로 나눠 결제한 주문을 취소했는데 카드 반환 안내만 있습니다.
취소 건의 각 결제분이 어떻게 되돌아오는지 확인하고 싶어요.",refund,inquiries-hard-v1-g037,team-added-synthetic:inquiries-hard-v1
inquiries-hard-v1-g037-v3,"- 계정에 저장된 포인트 내역을 정리하려는 것이 아닙니다.
- 포인트와 카드로 나눠 결제한 주문을 취소했는데 카드 반환 안내만 있습니다.
- 취소 건의 각 결제분이 어떻게 되돌아오는지 확인하고 싶어요.",refund,inquiries-hard-v1-g037,team-added-synthetic:inquiries-hard-v1
inquiries-hard-v1-g037-v4,계정에 저장된 포인트 내역을 정리하려는 것이 아닙니다. 포인트와 카드로 나눠 결제한 주문을 취소했는데 카드 반환 안내만 있습니다. 취소 건의 각 결제분이 어떻게 되돌아오는지 확인하고 싶습니다.,refund,inquiries-hard-v1-g037,team-added-synthetic:inquiries-hard-v1
inquiries-hard-v1-g038-v1,상품을 어디에 배송할지 정하려는 건 아닙니다. 반품 접수 화면에 새 배송 주문을 만들라는 안내가 떠서 별도 비용이 생길까 걱정입니다. 공식 반품 접수에 필요한 절차와 비용 조건을 확인하고 싶습니다.,refund,inquiries-hard-v1-g038,team-added-synthetic:inquiries-hard-v1
inquiries-hard-v1-g038-v2,"상품을 어디에 배송할지 정하려는 건 아닙니다.
반품 접수 화면에 새 배송 주문을 만들라는 안내가 떠서 별도 비용이 생길까 걱정입니다.
공식 반품 접수에 필요한 절차와 비용 조건을 확인하고 싶습니다.",refund,inquiries-hard-v1-g038,team-added-synthetic:inquiries-hard-v1
inquiries-hard-v1-g038-v3,"- 상품을 어디에 배송할지 정하려는 건 아닙니다.
- 반품 접수 화면에 새 배송 주문을 만들라는 안내가 떠서 별도 비용이 생길까 걱정입니다.
- 공식 반품 접수에 필요한 절차와 비용 조건을 확인하고 싶습니다.",refund,inquiries-hard-v1-g038,team-added-synthetic:inquiries-hard-v1
inquiries-hard-v1-g038-v4,현재 문의 상황은 다음과 같습니다. 상품을 어디에 배송할지 정하려는 건 아닙니다. 반품 접수 화면에 새 배송 주문을 만들라는 안내가 떠서 별도 비용이 생길까 걱정입니다. 공식 반품 접수에 필요한 절차와 비용 조건을 확인하고 싶습니다.,refund,inquiries-hard-v1-g038,team-added-synthetic:inquiries-hard-v1
inquiries-hard-v1-g039-v1,회원 탈퇴 전에 주문 취소부터 처리하려 합니다. 계정 삭제 요청은 아직 하지 않았고 결제된 상품 한 건만 취소하고 싶어요. 해당 주문의 취소 신청과 환급 상태 확인 경로를 알려 주세요.,refund,inquiries-hard-v1-g039,team-added-synthetic:inquiries-hard-v1
inquiries-hard-v1-g039-v2,"회원 탈퇴 전에 주문 취소부터 처리하려 합니다.
계정 삭제 요청은 아직 하지 않았고 결제된 상품 한 건만 취소하고 싶어요.
해당 주문의 취소 신청과 환급 상태 확인 경로를 알려 주세요.",refund,inquiries-hard-v1-g039,team-added-synthetic:inquiries-hard-v1
inquiries-hard-v1-g039-v3,"- 회원 탈퇴 전에 주문 취소부터 처리하려 합니다.
- 계정 삭제 요청은 아직 하지 않았고 결제된 상품 한 건만 취소하고 싶어요.
- 해당 주문의 취소 신청과 환급 상태 확인 경로를 알려 주세요.",refund,inquiries-hard-v1-g039,team-added-synthetic:inquiries-hard-v1
inquiries-hard-v1-g039-v4,회원 탈퇴 전에 주문 취소부터 처리하려 합니다. 계정 삭제 요청은 아직 하지 않았고 결제된 상품 한 건만 취소하고 싶습니다. 해당 주문의 취소 신청과 환급 상태 확인 경로를 안내해 주세요.,refund,inquiries-hard-v1-g039,team-added-synthetic:inquiries-hard-v1
inquiries-hard-v1-g040-v1,배송 지연 문의에 판매자가 기다리거나 취소하라고 답했습니다. 이번에는 기다리지 않고 주문을 취소하기로 했어요. 취소 요청이 접수되었는지와 이후 반환 절차를 확인하고 싶습니다.,refund,inquiries-hard-v1-g040,team-added-synthetic:inquiries-hard-v1
inquiries-hard-v1-g040-v2,"배송 지연 문의에 판매자가 기다리거나 취소하라고 답했습니다.
이번에는 기다리지 않고 주문을 취소하기로 했어요.
취소 요청이 접수되었는지와 이후 반환 절차를 확인하고 싶습니다.",refund,inquiries-hard-v1-g040,team-added-synthetic:inquiries-hard-v1
inquiries-hard-v1-g040-v3,"- 배송 지연 문의에 판매자가 기다리거나 취소하라고 답했습니다.
- 이번에는 기다리지 않고 주문을 취소하기로 했어요.
- 취소 요청이 접수되었는지와 이후 반환 절차를 확인하고 싶습니다.",refund,inquiries-hard-v1-g040,team-added-synthetic:inquiries-hard-v1
inquiries-hard-v1-g040-v4,현재 문의 상황은 다음과 같습니다. 배송 지연 문의에 판매자가 기다리거나 취소하라고 답했습니다. 이번에는 기다리지 않고 주문을 취소하기로 했어요. 취소 요청이 접수되었는지와 이후 반환 절차를 확인하고 싶습니다.,refund,inquiries-hard-v1-g040,team-added-synthetic:inquiries-hard-v1
inquiries-hard-v1-g041-v1,비밀번호나 연락처는 문제없습니다. 반품을 접수한 뒤 검수 결과를 알려주지 않고 일부 금액만 반환됐어요. 부분 환급의 근거와 남은 금액의 처리 상태를 확인하려 합니다.,refund,inquiries-hard-v1-g041,team-added-synthetic:inquiries-hard-v1
inquiries-hard-v1-g041-v2,"비밀번호나 연락처는 문제없습니다.
반품을 접수한 뒤 검수 결과를 알려주지 않고 일부 금액만 반환됐어요.
부분 환급의 근거와 남은 금액의 처리 상태를 확인하려 합니다.",refund,inquiries-hard-v1-g041,team-added-synthetic:inquiries-hard-v1
inquiries-hard-v1-g041-v3,"- 비밀번호나 연락처는 문제없습니다.
- 반품을 접수한 뒤 검수 결과를 알려주지 않고 일부 금액만 반환됐어요.
- 부분 환급의 근거와 남은 금액의 처리 상태를 확인하려 합니다.",refund,inquiries-hard-v1-g041,team-added-synthetic:inquiries-hard-v1
inquiries-hard-v1-g041-v4,현재 문의 상황은 다음과 같습니다. 비밀번호나 연락처는 문제없습니다. 반품을 접수한 뒤 검수 결과를 알려주지 않고 일부 금액만 반환됐어요. 부분 환급의 근거와 남은 금액의 처리 상태를 확인하려 합니다.,refund,inquiries-hard-v1-g041,team-added-synthetic:inquiries-hard-v1
inquiries-hard-v1-g042-v1,받은 물건은 더 이상 사용할 계획이 없고 수령 후 7일은 지났습니다. 기간이 지났다고 바로 거절되는지 단정해 달라는 것은 아닙니다. 상품 상태를 설명하고 반품 가능 여부를 공식적으로 문의할 경로를 알려 주세요.,refund,inquiries-hard-v1-g042,team-added-synthetic:inquiries-hard-v1
inquiries-hard-v1-g042-v2,"받은 물건은 더 이상 사용할 계획이 없고 수령 후 7일은 지났습니다.
기간이 지났다고 바로 거절되는지 단정해 달라는 것은 아닙니다.
상품 상태를 설명하고 반품 가능 여부를 공식적으로 문의할 경로를 알려 주세요.",refund,inquiries-hard-v1-g042,team-added-synthetic:inquiries-hard-v1
inquiries-hard-v1-g042-v3,"- 받은 물건은 더 이상 사용할 계획이 없고 수령 후 7일은 지났습니다.
- 기간이 지났다고 바로 거절되는지 단정해 달라는 것은 아닙니다.
- 상품 상태를 설명하고 반품 가능 여부를 공식적으로 문의할 경로를 알려 주세요.",refund,inquiries-hard-v1-g042,team-added-synthetic:inquiries-hard-v1
inquiries-hard-v1-g042-v4,받은 물건은 더 이상 사용할 계획이 없고 수령 후 7일은 지났습니다. 기간이 지났다고 바로 거절되는지 단정해 달라는 것은 아닙니다. 상품 상태를 설명하고 반품 가능 여부를 공식적으로 문의할 경로를 안내해 주세요.,refund,inquiries-hard-v1-g042,team-added-synthetic:inquiries-hard-v1
inquiries-hard-v1-g043-v1,배송 주소를 변경한 일은 있지만 그 수정은 이미 끝났습니다. 이후 구매를 취소했는데 취소 화면에는 반품비만 표시되고 반환 총액이 안 나옵니다. 최종 환급액을 산정한 내역을 확인하고 싶어요.,refund,inquiries-hard-v1-g043,team-added-synthetic:inquiries-hard-v1
inquiries-hard-v1-g043-v2,"배송 주소를 변경한 일은 있지만 그 수정은 이미 끝났습니다.
이후 구매를 취소했는데 취소 화면에는 반품비만 표시되고 반환 총액이 안 나옵니다.
최종 환급액을 산정한 내역을 확인하고 싶어요.",refund,inquiries-hard-v1-g043,team-added-synthetic:inquiries-hard-v1
inquiries-hard-v1-g043-v3,"- 배송 주소를 변경한 일은 있지만 그 수정은 이미 끝났습니다.
- 이후 구매를 취소했는데 취소 화면에는 반품비만 표시되고 반환 총액이 안 나옵니다.
- 최종 환급액을 산정한 내역을 확인하고 싶어요.",refund,inquiries-hard-v1-g043,team-added-synthetic:inquiries-hard-v1
inquiries-hard-v1-g043-v4,배송 주소를 변경한 일은 있지만 그 수정은 이미 끝났습니다. 이후 구매를 취소했는데 취소 화면에는 반품비만 표시되고 반환 총액이 안 나옵니다. 최종 환급액을 산정한 내역을 확인하고 싶습니다.,refund,inquiries-hard-v1-g043,team-added-synthetic:inquiries-hard-v1
inquiries-hard-v1-g044-v1,회원 등급을 낮추려는 요청이 아닙니다. 유료 등급 상품을 잘못 결제해서 이번 결제만 취소하려고 합니다. 결제 취소 접수와 환급 조건을 확인하는 방법을 알려 주세요.,refund,inquiries-hard-v1-g044,team-added-synthetic:inquiries-hard-v1
inquiries-hard-v1-g044-v2,"회원 등급을 낮추려는 요청이 아닙니다.
유료 등급 상품을 잘못 결제해서 이번 결제만 취소하려고 합니다.
결제 취소 접수와 환급 조건을 확인하는 방법을 알려 주세요.",refund,inquiries-hard-v1-g044,team-added-synthetic:inquiries-hard-v1
inquiries-hard-v1-g044-v3,"- 회원 등급을 낮추려는 요청이 아닙니다.
- 유료 등급 상품을 잘못 결제해서 이번 결제만 취소하려고 합니다.
- 결제 취소 접수와 환급 조건을 확인하는 방법을 알려 주세요.",refund,inquiries-hard-v1-g044,team-added-synthetic:inquiries-hard-v1
inquiries-hard-v1-g044-v4,회원 등급을 낮추려는 요청이 아닙니다. 유료 등급 상품을 잘못 결제해서 이번 결제만 취소하려고 합니다. 결제 취소 접수와 환급 조건을 확인하는 방법을 안내해 주세요.,refund,inquiries-hard-v1-g044,team-added-synthetic:inquiries-hard-v1
inquiries-hard-v1-g045-v1,반품 수거 날짜를 변경할 필요는 없습니다. 이미 접수한 반품을 판매자가 주문 취소로 기록해 반환 금액이 달라졌어요. 요청 유형과 환급 계산이 맞는지 확인할 공식 문의 경로가 필요합니다.,refund,inquiries-hard-v1-g045,team-added-synthetic:inquiries-hard-v1
inquiries-hard-v1-g045-v2,"반품 수거 날짜를 변경할 필요는 없습니다.
이미 접수한 반품을 판매자가 주문 취소로 기록해 반환 금액이 달라졌어요.
요청 유형과 환급 계산이 맞는지 확인할 공식 문의 경로가 필요합니다.",refund,inquiries-hard-v1-g045,team-added-synthetic:inquiries-hard-v1
inquiries-hard-v1-g045-v3,"- 반품 수거 날짜를 변경할 필요는 없습니다.
- 이미 접수한 반품을 판매자가 주문 취소로 기록해 반환 금액이 달라졌어요.
- 요청 유형과 환급 계산이 맞는지 확인할 공식 문의 경로가 필요합니다.",refund,inquiries-hard-v1-g045,team-added-synthetic:inquiries-hard-v1
inquiries-hard-v1-g045-v4,현재 문의 상황은 다음과 같습니다. 반품 수거 날짜를 변경할 필요는 없습니다. 이미 접수한 반품을 판매자가 주문 취소로 기록해 반환 금액이 달라졌어요. 요청 유형과 환급 계산이 맞는지 확인할 공식 문의 경로가 필요합니다.,refund,inquiries-hard-v1-g045,team-added-synthetic:inquiries-hard-v1
inquiries-hard-v1-g046-v1,대여 물품은 이미 반납했고 배송이나 수거를 다시 신청할 필요는 없습니다. 대여료와 보증금을 함께 냈는데 반납 후 반환 안내에는 대여료 금액이 적혀 있어요. 보증금 반환 건과 대여료 환급 건이 혼동된 것인지 결제 반환 내역을 확인하고 싶습니다.,refund,inquiries-hard-v1-g046,team-added-synthetic:inquiries-hard-v1
inquiries-hard-v1-g046-v2,"대여 물품은 이미 반납했고 배송이나 수거를 다시 신청할 필요는 없습니다.
대여료와 보증금을 함께 냈는데 반납 후 반환 안내에는 대여료 금액이 적혀 있어요.
보증금 반환 건과 대여료 환급 건이 혼동된 것인지 결제 반환 내역을 확인하고 싶습니다.",refund,inquiries-hard-v1-g046,team-added-synthetic:inquiries-hard-v1
inquiries-hard-v1-g046-v3,"- 대여 물품은 이미 반납했고 배송이나 수거를 다시 신청할 필요는 없습니다.
- 대여료와 보증금을 함께 냈는데 반납 후 반환 안내에는 대여료 금액이 적혀 있어요.
- 보증금 반환 건과 대여료 환급 건이 혼동된 것인지 결제 반환 내역을 확인하고 싶습니다.",refund,inquiries-hard-v1-g046,team-added-synthetic:inquiries-hard-v1
inquiries-hard-v1-g046-v4,현재 문의 상황은 다음과 같습니다. 대여 물품은 이미 반납했고 배송이나 수거를 다시 신청할 필요는 없습니다. 대여료와 보증금을 함께 냈는데 반납 후 반환 안내에는 대여료 금액이 적혀 있어요. 보증금 반환 건과 대여료 환급 건이 혼동된 것인지 결제 반환 내역을 확인하고 싶습니다.,refund,inquiries-hard-v1-g046,team-added-synthetic:inquiries-hard-v1
inquiries-hard-v1-g047-v1,계정 로그인은 되고 인증도 완료했습니다. 같은 주문의 결제가 두 번 잡혔는데 상품을 추가로 산 적은 없습니다. 추가 결제분을 취소하고 돌려받는 요청을 어디에 해야 하나요?,refund,inquiries-hard-v1-g047,team-added-synthetic:inquiries-hard-v1
inquiries-hard-v1-g047-v2,"계정 로그인은 되고 인증도 완료했습니다.
같은 주문의 결제가 두 번 잡혔는데 상품을 추가로 산 적은 없습니다.
추가 결제분을 취소하고 돌려받는 요청을 어디에 해야 하나요?",refund,inquiries-hard-v1-g047,team-added-synthetic:inquiries-hard-v1
inquiries-hard-v1-g047-v3,"- 계정 로그인은 되고 인증도 완료했습니다.
- 같은 주문의 결제가 두 번 잡혔는데 상품을 추가로 산 적은 없습니다.
- 추가 결제분을 취소하고 돌려받는 요청을 어디에 해야 하나요?",refund,inquiries-hard-v1-g047,team-added-synthetic:inquiries-hard-v1
inquiries-hard-v1-g047-v4,현재 문의 상황은 다음과 같습니다. 계정 로그인은 되고 인증도 완료했습니다. 같은 주문의 결제가 두 번 잡혔는데 상품을 추가로 산 적은 없습니다. 추가 결제분을 취소하고 돌려받는 요청을 어디에 해야 하나요?,refund,inquiries-hard-v1-g047,team-added-synthetic:inquiries-hard-v1
inquiries-hard-v1-g048-v1,물품 배송을 재개하라는 요청은 아닙니다. 취소한 주문이 예약 주문이라 지금 반환이 안 되고 출고 후 처리한다고 안내받았어요. 취소 건의 환급 보류 근거와 공식 처리 상태를 확인하고 싶습니다.,refund,inquiries-hard-v1-g048,team-added-synthetic:inquiries-hard-v1
inquiries-hard-v1-g048-v2,"물품 배송을 재개하라는 요청은 아닙니다.
취소한 주문이 예약 주문이라 지금 반환이 안 되고 출고 후 처리한다고 안내받았어요.
취소 건의 환급 보류 근거와 공식 처리 상태를 확인하고 싶습니다.",refund,inquiries-hard-v1-g048,team-added-synthetic:inquiries-hard-v1
inquiries-hard-v1-g048-v3,"- 물품 배송을 재개하라는 요청은 아닙니다.
- 취소한 주문이 예약 주문이라 지금 반환이 안 되고 출고 후 처리한다고 안내받았어요.
- 취소 건의 환급 보류 근거와 공식 처리 상태를 확인하고 싶습니다.",refund,inquiries-hard-v1-g048,team-added-synthetic:inquiries-hard-v1
inquiries-hard-v1-g048-v4,현재 문의 상황은 다음과 같습니다. 물품 배송을 재개하라는 요청은 아닙니다. 취소한 주문이 예약 주문이라 지금 반환이 안 되고 출고 후 처리한다고 안내받았어요. 취소 건의 환급 보류 근거와 공식 처리 상태를 확인하고 싶습니다.,refund,inquiries-hard-v1-g048,team-added-synthetic:inquiries-hard-v1
inquiries-hard-v1-g049-v1,회원정보에 적힌 연락처를 바꾸려는 건 아닙니다. 반품 접수 후 승인 연락을 받았다고 생각했는데 실제 문구는 심사 접수였어요. 반품이 승인된 상태인지와 환급 절차가 시작됐는지 확인하고 싶습니다.,refund,inquiries-hard-v1-g049,team-added-synthetic:inquiries-hard-v1
inquiries-hard-v1-g049-v2,"회원정보에 적힌 연락처를 바꾸려는 건 아닙니다.
반품 접수 후 승인 연락을 받았다고 생각했는데 실제 문구는 심사 접수였어요.
반품이 승인된 상태인지와 환급 절차가 시작됐는지 확인하고 싶습니다.",refund,inquiries-hard-v1-g049,team-added-synthetic:inquiries-hard-v1
inquiries-hard-v1-g049-v3,"- 회원정보에 적힌 연락처를 바꾸려는 건 아닙니다.
- 반품 접수 후 승인 연락을 받았다고 생각했는데 실제 문구는 심사 접수였어요.
- 반품이 승인된 상태인지와 환급 절차가 시작됐는지 확인하고 싶습니다.",refund,inquiries-hard-v1-g049,team-added-synthetic:inquiries-hard-v1
inquiries-hard-v1-g049-v4,현재 문의 상황은 다음과 같습니다. 회원정보에 적힌 연락처를 바꾸려는 건 아닙니다. 반품 접수 후 승인 연락을 받았다고 생각했는데 실제 문구는 심사 접수였어요. 반품이 승인된 상태인지와 환급 절차가 시작됐는지 확인하고 싶습니다.,refund,inquiries-hard-v1-g049,team-added-synthetic:inquiries-hard-v1
inquiries-hard-v1-g050-v1,택배가 아직 이동 중이지만 물건을 더 기다릴 생각은 없습니다. 다른 판매처에서 구입했으니 이 주문의 구매를 취소하려 합니다. 운송 중 취소 접수 가능 여부와 반환 절차를 공식 지원에서 확인하고 싶습니다.,refund,inquiries-hard-v1-g050,team-added-synthetic:inquiries-hard-v1
inquiries-hard-v1-g050-v2,"택배가 아직 이동 중이지만 물건을 더 기다릴 생각은 없습니다.
다른 판매처에서 구입했으니 이 주문의 구매를 취소하려 합니다.
운송 중 취소 접수 가능 여부와 반환 절차를 공식 지원에서 확인하고 싶습니다.",refund,inquiries-hard-v1-g050,team-added-synthetic:inquiries-hard-v1
inquiries-hard-v1-g050-v3,"- 택배가 아직 이동 중이지만 물건을 더 기다릴 생각은 없습니다.
- 다른 판매처에서 구입했으니 이 주문의 구매를 취소하려 합니다.
- 운송 중 취소 접수 가능 여부와 반환 절차를 공식 지원에서 확인하고 싶습니다.",refund,inquiries-hard-v1-g050,team-added-synthetic:inquiries-hard-v1
inquiries-hard-v1-g050-v4,현재 문의 상황은 다음과 같습니다. 택배가 아직 이동 중이지만 물건을 더 기다릴 생각은 없습니다. 다른 판매처에서 구입했으니 이 주문의 구매를 취소하려 합니다. 운송 중 취소 접수 가능 여부와 반환 절차를 공식 지원에서 확인하고 싶습니다.,refund,inquiries-hard-v1-g050,team-added-synthetic:inquiries-hard-v1
inquiries-hard-v1-g051-v1,환불 건의 금액은 이미 확인했고 추가 반환은 필요 없습니다. 환급 기록을 볼 때마다 제 계정에서 다른 가족의 주문도 함께 보여요. 결제 처리보다 계정에 연결된 사용자 자료 범위를 확인하고 싶습니다.,account,inquiries-hard-v1-g051,team-added-synthetic:inquiries-hard-v1
inquiries-hard-v1-g051-v2,"환불 건의 금액은 이미 확인했고 추가 반환은 필요 없습니다.
환급 기록을 볼 때마다 제 계정에서 다른 가족의 주문도 함께 보여요.
결제 처리보다 계정에 연결된 사용자 자료 범위를 확인하고 싶습니다.",account,inquiries-hard-v1-g051,team-added-synthetic:inquiries-hard-v1
inquiries-hard-v1-g051-v3,"- 환불 건의 금액은 이미 확인했고 추가 반환은 필요 없습니다.
- 환급 기록을 볼 때마다 제 계정에서 다른 가족의 주문도 함께 보여요.
- 결제 처리보다 계정에 연결된 사용자 자료 범위를 확인하고 싶습니다.",account,inquiries-hard-v1-g051,team-added-synthetic:inquiries-hard-v1
inquiries-hard-v1-g051-v4,현재 문의 상황은 다음과 같습니다. 환불 건의 금액은 이미 확인했고 추가 반환은 필요 없습니다. 환급 기록을 볼 때마다 제 계정에서 다른 가족의 주문도 함께 보여요. 결제 처리보다 계정에 연결된 사용자 자료 범위를 확인하고 싶습니다.,account,inquiries-hard-v1-g051,team-added-synthetic:inquiries-hard-v1
inquiries-hard-v1-g052-v1,배송지는 이번 주문에 맞게 입력되어 있어서 배송 변경은 필요 없습니다. 회원 프로필의 직장 주소만 오래된 정보로 남아 있어요. 이미 접수된 주문은 유지하면서 회원정보만 수정하는 공식 경로가 궁금합니다.,account,inquiries-hard-v1-g052,team-added-synthetic:inquiries-hard-v1
inquiries-hard-v1-g052-v2,"배송지는 이번 주문에 맞게 입력되어 있어서 배송 변경은 필요 없습니다.
회원 프로필의 직장 주소만 오래된 정보로 남아 있어요.
이미 접수된 주문은 유지하면서 회원정보만 수정하는 공식 경로가 궁금합니다.",account,inquiries-hard-v1-g052,team-added-synthetic:inquiries-hard-v1
inquiries-hard-v1-g052-v3,"- 배송지는 이번 주문에 맞게 입력되어 있어서 배송 변경은 필요 없습니다.
- 회원 프로필의 직장 주소만 오래된 정보로 남아 있어요.
- 이미 접수된 주문은 유지하면서 회원정보만 수정하는 공식 경로가 궁금합니다.",account,inquiries-hard-v1-g052,team-added-synthetic:inquiries-hard-v1
inquiries-hard-v1-g052-v4,배송지는 이번 주문에 맞게 입력되어 있어서 배송 변경은 필요 없습니다. 회원 프로필의 직장 주소만 오래된 정보로 남아 있어요. 이미 접수된 주문은 유지하면서 회원정보만 수정하는 공식 경로가 알고 싶습니다.,account,inquiries-hard-v1-g052,team-added-synthetic:inquiries-hard-v1
inquiries-hard-v1-g053-v1,주문 취소가 아니라 회원 탈퇴를 하려는 것입니다. 구매 내역을 확인할 권한이 필요한 공동 사용자와 제 계정이 연결되어 있습니다. 탈퇴 전에 계정 연결과 자료 접근이 어떻게 처리되는지 확인하고 싶어요.,account,inquiries-hard-v1-g053,team-added-synthetic:inquiries-hard-v1
inquiries-hard-v1-g053-v2,"주문 취소가 아니라 회원 탈퇴를 하려는 것입니다.
구매 내역을 확인할 권한이 필요한 공동 사용자와 제 계정이 연결되어 있습니다.
탈퇴 전에 계정 연결과 자료 접근이 어떻게 처리되는지 확인하고 싶어요.",account,inquiries-hard-v1-g053,team-added-synthetic:inquiries-hard-v1
inquiries-hard-v1-g053-v3,"- 주문 취소가 아니라 회원 탈퇴를 하려는 것입니다.
- 구매 내역을 확인할 권한이 필요한 공동 사용자와 제 계정이 연결되어 있습니다.
- 탈퇴 전에 계정 연결과 자료 접근이 어떻게 처리되는지 확인하고 싶어요.",account,inquiries-hard-v1-g053,team-added-synthetic:inquiries-hard-v1
inquiries-hard-v1-g053-v4,주문 취소가 아니라 회원 탈퇴를 하려는 것입니다. 구매 내역을 확인할 권한이 필요한 공동 사용자와 제 계정이 연결되어 있습니다. 탈퇴 전에 계정 연결과 자료 접근이 어떻게 처리되는지 확인하고 싶습니다.,account,inquiries-hard-v1-g053,team-added-synthetic:inquiries-hard-v1
inquiries-hard-v1-g054-v1,반품을 신청할 생각은 없고 제품도 계속 쓸 겁니다. 상품 설명 자료를 보는 권한이 제 계정에는 없는데 같은 팀 사람은 볼 수 있어요. 구매 내역이 아니라 회원의 자료 접근 권한을 확인하고 싶습니다.,account,inquiries-hard-v1-g054,team-added-synthetic:inquiries-hard-v1
inquiries-hard-v1-g054-v2,"반품을 신청할 생각은 없고 제품도 계속 쓸 겁니다.
상품 설명 자료를 보는 권한이 제 계정에는 없는데 같은 팀 사람은 볼 수 있어요.
구매 내역이 아니라 회원의 자료 접근 권한을 확인하고 싶습니다.",account,inquiries-hard-v1-g054,team-added-synthetic:inquiries-hard-v1
inquiries-hard-v1-g054-v3,"- 반품을 신청할 생각은 없고 제품도 계속 쓸 겁니다.
- 상품 설명 자료를 보는 권한이 제 계정에는 없는데 같은 팀 사람은 볼 수 있어요.
- 구매 내역이 아니라 회원의 자료 접근 권한을 확인하고 싶습니다.",account,inquiries-hard-v1-g054,team-added-synthetic:inquiries-hard-v1
inquiries-hard-v1-g054-v4,현재 문의 상황은 다음과 같습니다. 반품을 신청할 생각은 없고 제품도 계속 쓸 겁니다. 상품 설명 자료를 보는 권한이 제 계정에는 없는데 같은 팀 사람은 볼 수 있어요. 구매 내역이 아니라 회원의 자료 접근 권한을 확인하고 싶습니다.,account,inquiries-hard-v1-g054,team-added-synthetic:inquiries-hard-v1
inquiries-hard-v1-g055-v1,배송 완료 알림은 정상적으로 받았습니다. 하지만 새 기기에서 로그인하면 제가 등록하지 않은 복구 이메일이 나타납니다. 계정 보안 정보를 공식적으로 확인하고 정정하는 방법을 알려 주세요.,account,inquiries-hard-v1-g055,team-added-synthetic:inquiries-hard-v1
inquiries-hard-v1-g055-v2,"배송 완료 알림은 정상적으로 받았습니다.
하지만 새 기기에서 로그인하면 제가 등록하지 않은 복구 이메일이 나타납니다.
계정 보안 정보를 공식적으로 확인하고 정정하는 방법을 알려 주세요.",account,inquiries-hard-v1-g055,team-added-synthetic:inquiries-hard-v1
inquiries-hard-v1-g055-v3,"- 배송 완료 알림은 정상적으로 받았습니다.
- 하지만 새 기기에서 로그인하면 제가 등록하지 않은 복구 이메일이 나타납니다.
- 계정 보안 정보를 공식적으로 확인하고 정정하는 방법을 알려 주세요.",account,inquiries-hard-v1-g055,team-added-synthetic:inquiries-hard-v1
inquiries-hard-v1-g055-v4,배송 완료 알림은 정상적으로 받았습니다. 하지만 새 기기에서 로그인하면 제가 등록하지 않은 복구 이메일이 나타납니다. 계정 보안 정보를 공식적으로 확인하고 정정하는 방법을 안내해 주세요.,account,inquiries-hard-v1-g055,team-added-synthetic:inquiries-hard-v1
inquiries-hard-v1-g056-v1,주문 취소나 배송 날짜 변경은 필요 없습니다. 회원정보의 생일을 음력으로 등록했는데 프로필에는 양력 날짜로 표시되고 있어요. 계정에 저장된 생일과 달력 구분이 맞는지 확인하고 정정할 공식 경로를 알고 싶습니다.,account,inquiries-hard-v1-g056,team-added-synthetic:inquiries-hard-v1
inquiries-hard-v1-g056-v2,"주문 취소나 배송 날짜 변경은 필요 없습니다.
회원정보의 생일을 음력으로 등록했는데 프로필에는 양력 날짜로 표시되고 있어요.
계정에 저장된 생일과 달력 구분이 맞는지 확인하고 정정할 공식 경로를 알고 싶습니다.",account,inquiries-hard-v1-g056,team-added-synthetic:inquiries-hard-v1
inquiries-hard-v1-g056-v3,"- 주문 취소나 배송 날짜 변경은 필요 없습니다.
- 회원정보의 생일을 음력으로 등록했는데 프로필에는 양력 날짜로 표시되고 있어요.
- 계정에 저장된 생일과 달력 구분이 맞는지 확인하고 정정할 공식 경로를 알고 싶습니다.",account,inquiries-hard-v1-g056,team-added-synthetic:inquiries-hard-v1
inquiries-hard-v1-g056-v4,현재 문의 상황은 다음과 같습니다. 주문 취소나 배송 날짜 변경은 필요 없습니다. 회원정보의 생일을 음력으로 등록했는데 프로필에는 양력 날짜로 표시되고 있어요. 계정에 저장된 생일과 달력 구분이 맞는지 확인하고 정정할 공식 경로를 알고 싶습니다.,account,inquiries-hard-v1-g056,team-added-synthetic:inquiries-hard-v1
inquiries-hard-v1-g057-v1,상품을 배송받을 이름은 그대로 두려 합니다. 게시판에서 사용하는 회원 표시 이름만 실명으로 노출되지 않게 바꾸고 싶습니다. 계정 프로필에서 어떤 정보를 관리할 수 있는지 공식 경로를 알려 주세요.,account,inquiries-hard-v1-g057,team-added-synthetic:inquiries-hard-v1
inquiries-hard-v1-g057-v2,"상품을 배송받을 이름은 그대로 두려 합니다.
게시판에서 사용하는 회원 표시 이름만 실명으로 노출되지 않게 바꾸고 싶습니다.
계정 프로필에서 어떤 정보를 관리할 수 있는지 공식 경로를 알려 주세요.",account,inquiries-hard-v1-g057,team-added-synthetic:inquiries-hard-v1
inquiries-hard-v1-g057-v3,"- 상품을 배송받을 이름은 그대로 두려 합니다.
- 게시판에서 사용하는 회원 표시 이름만 실명으로 노출되지 않게 바꾸고 싶습니다.
- 계정 프로필에서 어떤 정보를 관리할 수 있는지 공식 경로를 알려 주세요.",account,inquiries-hard-v1-g057,team-added-synthetic:inquiries-hard-v1
inquiries-hard-v1-g057-v4,상품을 배송받을 이름은 그대로 두려 합니다. 게시판에서 사용하는 회원 표시 이름만 실명으로 노출되지 않게 바꾸고 싶습니다. 계정 프로필에서 어떤 정보를 관리할 수 있는지 공식 경로를 안내해 주세요.,account,inquiries-hard-v1-g057,team-added-synthetic:inquiries-hard-v1
inquiries-hard-v1-g058-v1,환급을 위한 결제 확인은 끝났습니다. 지원 상담이 종료됐는데 상담 담당자의 계정 접근 권한이 계속 남는지 궁금해요. 내 계정의 연결 권한과 해제 가능 여부를 확인하려 합니다.,account,inquiries-hard-v1-g058,team-added-synthetic:inquiries-hard-v1
inquiries-hard-v1-g058-v2,"환급을 위한 결제 확인은 끝났습니다.
지원 상담이 종료됐는데 상담 담당자의 계정 접근 권한이 계속 남는지 궁금해요.
내 계정의 연결 권한과 해제 가능 여부를 확인하려 합니다.",account,inquiries-hard-v1-g058,team-added-synthetic:inquiries-hard-v1
inquiries-hard-v1-g058-v3,"- 환급을 위한 결제 확인은 끝났습니다.
- 지원 상담이 종료됐는데 상담 담당자의 계정 접근 권한이 계속 남는지 궁금해요.
- 내 계정의 연결 권한과 해제 가능 여부를 확인하려 합니다.",account,inquiries-hard-v1-g058,team-added-synthetic:inquiries-hard-v1
inquiries-hard-v1-g058-v4,현재 문의 상황은 다음과 같습니다. 환급을 위한 결제 확인은 끝났습니다. 지원 상담이 종료됐는데 상담 담당자의 계정 접근 권한이 계속 남는지 궁금해요. 내 계정의 연결 권한과 해제 가능 여부를 확인하려 합니다.,account,inquiries-hard-v1-g058,team-added-synthetic:inquiries-hard-v1
inquiries-hard-v1-g059-v1,배송 알림을 전부 끄려는 것은 아닙니다. 누군가 로그인했다는 보안 알림이 와서 내 계정의 접속 기록을 확인하고 싶어요. 배송 상태와 관계없이 계정 보호를 위한 공식 확인 방법이 필요합니다.,account,inquiries-hard-v1-g059,team-added-synthetic:inquiries-hard-v1
inquiries-hard-v1-g059-v2,"배송 알림을 전부 끄려는 것은 아닙니다.
누군가 로그인했다는 보안 알림이 와서 내 계정의 접속 기록을 확인하고 싶어요.
배송 상태와 관계없이 계정 보호를 위한 공식 확인 방법이 필요합니다.",account,inquiries-hard-v1-g059,team-added-synthetic:inquiries-hard-v1
inquiries-hard-v1-g059-v3,"- 배송 알림을 전부 끄려는 것은 아닙니다.
- 누군가 로그인했다는 보안 알림이 와서 내 계정의 접속 기록을 확인하고 싶어요.
- 배송 상태와 관계없이 계정 보호를 위한 공식 확인 방법이 필요합니다.",account,inquiries-hard-v1-g059,team-added-synthetic:inquiries-hard-v1
inquiries-hard-v1-g059-v4,배송 알림을 전부 끄려는 것은 아닙니다. 누군가 로그인했다는 보안 알림이 와서 내 계정의 접속 기록을 확인하고 싶습니다. 배송 상태와 관계없이 계정 보호를 위한 공식 확인 방법이 필요합니다.,account,inquiries-hard-v1-g059,team-added-synthetic:inquiries-hard-v1
inquiries-hard-v1-g060-v1,반품 상품의 접수 상태는 정상적으로 조회됩니다. 그런데 예전에 공동으로 쓰던 기기에서 제 회원정보를 아직 볼 수 있다고 해요. 그 기기의 계정 접속을 관리할 수 있는지 확인하고 싶습니다.,account,inquiries-hard-v1-g060,team-added-synthetic:inquiries-hard-v1
inquiries-hard-v1-g060-v2,"반품 상품의 접수 상태는 정상적으로 조회됩니다.
그런데 예전에 공동으로 쓰던 기기에서 제 회원정보를 아직 볼 수 있다고 해요.
그 기기의 계정 접속을 관리할 수 있는지 확인하고 싶습니다.",account,inquiries-hard-v1-g060,team-added-synthetic:inquiries-hard-v1
inquiries-hard-v1-g060-v3,"- 반품 상품의 접수 상태는 정상적으로 조회됩니다.
- 그런데 예전에 공동으로 쓰던 기기에서 제 회원정보를 아직 볼 수 있다고 해요.
- 그 기기의 계정 접속을 관리할 수 있는지 확인하고 싶습니다.",account,inquiries-hard-v1-g060,team-added-synthetic:inquiries-hard-v1
inquiries-hard-v1-g060-v4,현재 문의 상황은 다음과 같습니다. 반품 상품의 접수 상태는 정상적으로 조회됩니다. 그런데 예전에 공동으로 쓰던 기기에서 제 회원정보를 아직 볼 수 있다고 해요. 그 기기의 계정 접속을 관리할 수 있는지 확인하고 싶습니다.,account,inquiries-hard-v1-g060,team-added-synthetic:inquiries-hard-v1
inquiries-hard-v1-g061-v1,이번 주문의 배송 연락처는 올바릅니다. 회원 본인 확인에 쓰이는 번호는 회사 공용 번호라 개인 번호로 변경하고 싶어요. 주문 내용을 바꾸지 않고 계정 인증 정보를 수정하는 공식 방법을 알려 주세요.,account,inquiries-hard-v1-g061,team-added-synthetic:inquiries-hard-v1
inquiries-hard-v1-g061-v2,"이번 주문의 배송 연락처는 올바릅니다.
회원 본인 확인에 쓰이는 번호는 회사 공용 번호라 개인 번호로 변경하고 싶어요.
주문 내용을 바꾸지 않고 계정 인증 정보를 수정하는 공식 방법을 알려 주세요.",account,inquiries-hard-v1-g061,team-added-synthetic:inquiries-hard-v1
inquiries-hard-v1-g061-v3,"- 이번 주문의 배송 연락처는 올바릅니다.
- 회원 본인 확인에 쓰이는 번호는 회사 공용 번호라 개인 번호로 변경하고 싶어요.
- 주문 내용을 바꾸지 않고 계정 인증 정보를 수정하는 공식 방법을 알려 주세요.",account,inquiries-hard-v1-g061,team-added-synthetic:inquiries-hard-v1
inquiries-hard-v1-g061-v4,이번 주문의 배송 연락처는 올바릅니다. 회원 본인 확인에 쓰이는 번호는 회사 공용 번호라 개인 번호로 변경하고 싶습니다. 주문 내용을 바꾸지 않고 계정 인증 정보를 수정하는 공식 방법을 안내해 주세요.,account,inquiries-hard-v1-g061,team-added-synthetic:inquiries-hard-v1
inquiries-hard-v1-g062-v1,결제 취소를 요청한 적은 없습니다. 오래 사용하지 않은 계정에 다시 들어가려니 사용 제한 사유가 표시되지 않습니다. 회원 계정의 제한 상태와 복구 요청 경로를 확인하고 싶습니다.,account,inquiries-hard-v1-g062,team-added-synthetic:inquiries-hard-v1
inquiries-hard-v1-g062-v2,"결제 취소를 요청한 적은 없습니다.
오래 사용하지 않은 계정에 다시 들어가려니 사용 제한 사유가 표시되지 않습니다.
회원 계정의 제한 상태와 복구 요청 경로를 확인하고 싶습니다.",account,inquiries-hard-v1-g062,team-added-synthetic:inquiries-hard-v1
inquiries-hard-v1-g062-v3,"- 결제 취소를 요청한 적은 없습니다.
- 오래 사용하지 않은 계정에 다시 들어가려니 사용 제한 사유가 표시되지 않습니다.
- 회원 계정의 제한 상태와 복구 요청 경로를 확인하고 싶습니다.",account,inquiries-hard-v1-g062,team-added-synthetic:inquiries-hard-v1
inquiries-hard-v1-g062-v4,현재 문의 상황은 다음과 같습니다. 결제 취소를 요청한 적은 없습니다. 오래 사용하지 않은 계정에 다시 들어가려니 사용 제한 사유가 표시되지 않습니다. 회원 계정의 제한 상태와 복구 요청 경로를 확인하고 싶습니다.,account,inquiries-hard-v1-g062,team-added-synthetic:inquiries-hard-v1
inquiries-hard-v1-g063-v1,물건을 받는 데 필요한 택배 인증이 아닙니다. 회원 가입을 마치려는데 이미 다른 계정에 연결된 이메일이라고 표시돼요. 내 이메일의 계정 연결 상태를 확인하는 공식 경로가 필요합니다.,account,inquiries-hard-v1-g063,team-added-synthetic:inquiries-hard-v1
inquiries-hard-v1-g063-v2,"물건을 받는 데 필요한 택배 인증이 아닙니다.
회원 가입을 마치려는데 이미 다른 계정에 연결된 이메일이라고 표시돼요.
내 이메일의 계정 연결 상태를 확인하는 공식 경로가 필요합니다.",account,inquiries-hard-v1-g063,team-added-synthetic:inquiries-hard-v1
inquiries-hard-v1-g063-v3,"- 물건을 받는 데 필요한 택배 인증이 아닙니다.
- 회원 가입을 마치려는데 이미 다른 계정에 연결된 이메일이라고 표시돼요.
- 내 이메일의 계정 연결 상태를 확인하는 공식 경로가 필요합니다.",account,inquiries-hard-v1-g063,team-added-synthetic:inquiries-hard-v1
inquiries-hard-v1-g063-v4,현재 문의 상황은 다음과 같습니다. 물건을 받는 데 필요한 택배 인증이 아닙니다. 회원 가입을 마치려는데 이미 다른 계정에 연결된 이메일이라고 표시돼요. 내 이메일의 계정 연결 상태를 확인하는 공식 경로가 필요합니다.,account,inquiries-hard-v1-g063,team-added-synthetic:inquiries-hard-v1
inquiries-hard-v1-g064-v1,환불받을 계좌를 입력하려는 것이 아닙니다. 가입 때 남긴 선택 정보 중 소속 기관을 더 이상 공개하고 싶지 않아요. 계정 프로필의 공개 범위를 관리할 수 있는지 확인하려 합니다.,account,inquiries-hard-v1-g064,team-added-synthetic:inquiries-hard-v1
inquiries-hard-v1-g064-v2,"환불받을 계좌를 입력하려는 것이 아닙니다.
가입 때 남긴 선택 정보 중 소속 기관을 더 이상 공개하고 싶지 않아요.
계정 프로필의 공개 범위를 관리할 수 있는지 확인하려 합니다.",account,inquiries-hard-v1-g064,team-added-synthetic:inquiries-hard-v1
inquiries-hard-v1-g064-v3,"- 환불받을 계좌를 입력하려는 것이 아닙니다.
- 가입 때 남긴 선택 정보 중 소속 기관을 더 이상 공개하고 싶지 않아요.
- 계정 프로필의 공개 범위를 관리할 수 있는지 확인하려 합니다.",account,inquiries-hard-v1-g064,team-added-synthetic:inquiries-hard-v1
inquiries-hard-v1-g064-v4,현재 문의 상황은 다음과 같습니다. 환불받을 계좌를 입력하려는 것이 아닙니다. 가입 때 남긴 선택 정보 중 소속 기관을 더 이상 공개하고 싶지 않아요. 계정 프로필의 공개 범위를 관리할 수 있는지 확인하려 합니다.,account,inquiries-hard-v1-g064,team-added-synthetic:inquiries-hard-v1
inquiries-hard-v1-g065-v1,구매한 자료의 환급은 원하지 않습니다. 개인 계정으로 산 자료를 회사 공동 계정에서 보려고 했더니 권한이 없다고 나옵니다. 계정 사이에서 이용 권한을 연결할 수 있는지 공식 지원에 확인하고 싶어요.,account,inquiries-hard-v1-g065,team-added-synthetic:inquiries-hard-v1
inquiries-hard-v1-g065-v2,"구매한 자료의 환급은 원하지 않습니다.
개인 계정으로 산 자료를 회사 공동 계정에서 보려고 했더니 권한이 없다고 나옵니다.
계정 사이에서 이용 권한을 연결할 수 있는지 공식 지원에 확인하고 싶어요.",account,inquiries-hard-v1-g065,team-added-synthetic:inquiries-hard-v1
inquiries-hard-v1-g065-v3,"- 구매한 자료의 환급은 원하지 않습니다.
- 개인 계정으로 산 자료를 회사 공동 계정에서 보려고 했더니 권한이 없다고 나옵니다.
- 계정 사이에서 이용 권한을 연결할 수 있는지 공식 지원에 확인하고 싶어요.",account,inquiries-hard-v1-g065,team-added-synthetic:inquiries-hard-v1
inquiries-hard-v1-g065-v4,구매한 자료의 환급은 원하지 않습니다. 개인 계정으로 산 자료를 회사 공동 계정에서 보려고 했더니 권한이 없다고 나옵니다. 계정 사이에서 이용 권한을 연결할 수 있는지 공식 지원에 확인하고 싶습니다.,account,inquiries-hard-v1-g065,team-added-synthetic:inquiries-hard-v1
inquiries-hard-v1-g066-v1,배송 상태 조회는 잘 되는데 회원 로그인 비밀번호를 잊었습니다. 자동 로그인 중인 기기에서 나가기 전에 계정 접근 방법을 다시 설정하고 싶어요. 안전한 비밀번호 재설정 안내를 부탁드립니다.,account,inquiries-hard-v1-g066,team-added-synthetic:inquiries-hard-v1
inquiries-hard-v1-g066-v2,"배송 상태 조회는 잘 되는데 회원 로그인 비밀번호를 잊었습니다.
자동 로그인 중인 기기에서 나가기 전에 계정 접근 방법을 다시 설정하고 싶어요.
안전한 비밀번호 재설정 안내를 부탁드립니다.",account,inquiries-hard-v1-g066,team-added-synthetic:inquiries-hard-v1
inquiries-hard-v1-g066-v3,"- 배송 상태 조회는 잘 되는데 회원 로그인 비밀번호를 잊었습니다.
- 자동 로그인 중인 기기에서 나가기 전에 계정 접근 방법을 다시 설정하고 싶어요.
- 안전한 비밀번호 재설정 안내를 부탁드립니다.",account,inquiries-hard-v1-g066,team-added-synthetic:inquiries-hard-v1
inquiries-hard-v1-g066-v4,배송 상태 조회는 잘 되는데 회원 로그인 비밀번호를 잊었습니다. 자동 로그인 중인 기기에서 나가기 전에 계정 접근 방법을 다시 설정하고 싶습니다. 안전한 비밀번호 재설정 안내를 부탁드립니다.,account,inquiries-hard-v1-g066,team-added-synthetic:inquiries-hard-v1
inquiries-hard-v1-g067-v1,반품이 끝났다고 회원 탈퇴까지 처리해 달라는 뜻은 아니었습니다. 계정 화면에 탈퇴 대기라고 표시돼 있어 이용을 계속할 수 있을지 걱정입니다. 계정 탈퇴 요청 여부와 취소 가능 여부를 공식적으로 확인하고 싶어요.,account,inquiries-hard-v1-g067,team-added-synthetic:inquiries-hard-v1
inquiries-hard-v1-g067-v2,"반품이 끝났다고 회원 탈퇴까지 처리해 달라는 뜻은 아니었습니다.
계정 화면에 탈퇴 대기라고 표시돼 있어 이용을 계속할 수 있을지 걱정입니다.
계정 탈퇴 요청 여부와 취소 가능 여부를 공식적으로 확인하고 싶어요.",account,inquiries-hard-v1-g067,team-added-synthetic:inquiries-hard-v1
inquiries-hard-v1-g067-v3,"- 반품이 끝났다고 회원 탈퇴까지 처리해 달라는 뜻은 아니었습니다.
- 계정 화면에 탈퇴 대기라고 표시돼 있어 이용을 계속할 수 있을지 걱정입니다.
- 계정 탈퇴 요청 여부와 취소 가능 여부를 공식적으로 확인하고 싶어요.",account,inquiries-hard-v1-g067,team-added-synthetic:inquiries-hard-v1
inquiries-hard-v1-g067-v4,반품이 끝났다고 회원 탈퇴까지 처리해 달라는 뜻은 아니었습니다. 계정 화면에 탈퇴 대기라고 표시돼 있어 이용을 계속할 수 있을지 걱정입니다. 계정 탈퇴 요청 여부와 취소 가능 여부를 공식적으로 확인하고 싶습니다.,account,inquiries-hard-v1-g067,team-added-synthetic:inquiries-hard-v1
inquiries-hard-v1-g068-v1,이번 상품의 수령 담당자를 바꾸려는 것은 아닙니다. 회사 공동 계정의 관리자가 퇴사해서 새 직원에게 관리 권한을 넘기려 합니다. 계정 관리자 변경에 필요한 확인 절차를 알려 주세요.,account,inquiries-hard-v1-g068,team-added-synthetic:inquiries-hard-v1
inquiries-hard-v1-g068-v2,"이번 상품의 수령 담당자를 바꾸려는 것은 아닙니다.
회사 공동 계정의 관리자가 퇴사해서 새 직원에게 관리 권한을 넘기려 합니다.
계정 관리자 변경에 필요한 확인 절차를 알려 주세요.",account,inquiries-hard-v1-g068,team-added-synthetic:inquiries-hard-v1
inquiries-hard-v1-g068-v3,"- 이번 상품의 수령 담당자를 바꾸려는 것은 아닙니다.
- 회사 공동 계정의 관리자가 퇴사해서 새 직원에게 관리 권한을 넘기려 합니다.
- 계정 관리자 변경에 필요한 확인 절차를 알려 주세요.",account,inquiries-hard-v1-g068,team-added-synthetic:inquiries-hard-v1
inquiries-hard-v1-g068-v4,이번 상품의 수령 담당자를 바꾸려는 것은 아닙니다. 회사 공동 계정의 관리자가 퇴사해서 새 직원에게 관리 권한을 넘기려 합니다. 계정 관리자 변경에 필요한 확인 절차를 안내해 주세요.,account,inquiries-hard-v1-g068,team-added-synthetic:inquiries-hard-v1
inquiries-hard-v1-g069-v1,반환 금액이 맞는지는 확인했고 주문 관련 문의는 없습니다. 계정 자료 삭제 요청이 결제 기록까지 포함하는지 알고 싶어요. 회원 자료의 삭제 범위와 보관 대상에 대해 공식 확인을 받고 싶습니다.,account,inquiries-hard-v1-g069,team-added-synthetic:inquiries-hard-v1
inquiries-hard-v1-g069-v2,"반환 금액이 맞는지는 확인했고 주문 관련 문의는 없습니다.
계정 자료 삭제 요청이 결제 기록까지 포함하는지 알고 싶어요.
회원 자료의 삭제 범위와 보관 대상에 대해 공식 확인을 받고 싶습니다.",account,inquiries-hard-v1-g069,team-added-synthetic:inquiries-hard-v1
inquiries-hard-v1-g069-v3,"- 반환 금액이 맞는지는 확인했고 주문 관련 문의는 없습니다.
- 계정 자료 삭제 요청이 결제 기록까지 포함하는지 알고 싶어요.
- 회원 자료의 삭제 범위와 보관 대상에 대해 공식 확인을 받고 싶습니다.",account,inquiries-hard-v1-g069,team-added-synthetic:inquiries-hard-v1
inquiries-hard-v1-g069-v4,반환 금액이 맞는지는 확인했고 주문 관련 문의는 없습니다. 계정 자료 삭제 요청이 결제 기록까지 포함하는지 알고 싶습니다. 회원 자료의 삭제 범위와 보관 대상에 대해 공식 확인을 받고 싶습니다.,account,inquiries-hard-v1-g069,team-added-synthetic:inquiries-hard-v1
inquiries-hard-v1-g070-v1,배송 안내 메일은 받아야 하지만 회원 프로필의 이메일을 변경할 필요가 생겼습니다. 기존 이메일을 더 이상 사용할 수 없는데 로그인은 유지되고 있어요. 계정 연락 정보를 바꾸는 공식 확인 경로를 알려 주세요.,account,inquiries-hard-v1-g070,team-added-synthetic:inquiries-hard-v1
inquiries-hard-v1-g070-v2,"배송 안내 메일은 받아야 하지만 회원 프로필의 이메일을 변경할 필요가 생겼습니다.
기존 이메일을 더 이상 사용할 수 없는데 로그인은 유지되고 있어요.
계정 연락 정보를 바꾸는 공식 확인 경로를 알려 주세요.",account,inquiries-hard-v1-g070,team-added-synthetic:inquiries-hard-v1
inquiries-hard-v1-g070-v3,"- 배송 안내 메일은 받아야 하지만 회원 프로필의 이메일을 변경할 필요가 생겼습니다.
- 기존 이메일을 더 이상 사용할 수 없는데 로그인은 유지되고 있어요.
- 계정 연락 정보를 바꾸는 공식 확인 경로를 알려 주세요.",account,inquiries-hard-v1-g070,team-added-synthetic:inquiries-hard-v1
inquiries-hard-v1-g070-v4,배송 안내 메일은 받아야 하지만 회원 프로필의 이메일을 변경할 필요가 생겼습니다. 기존 이메일을 더 이상 사용할 수 없는데 로그인은 유지되고 있어요. 계정 연락 정보를 바꾸는 공식 확인 경로를 안내해 주세요.,account,inquiries-hard-v1-g070,team-added-synthetic:inquiries-hard-v1
inquiries-hard-v1-g071-v1,상품 정기 결제 해지가 아니라 회원 가입 자체를 중단하려는 요청입니다. 가입 확인 전에 입력한 자료가 남아 있는지 모르겠어요. 가입 미완료 계정의 자료 처리와 철회 방법을 확인하고 싶습니다.,account,inquiries-hard-v1-g071,team-added-synthetic:inquiries-hard-v1
inquiries-hard-v1-g071-v2,"상품 정기 결제 해지가 아니라 회원 가입 자체를 중단하려는 요청입니다.
가입 확인 전에 입력한 자료가 남아 있는지 모르겠어요.
가입 미완료 계정의 자료 처리와 철회 방법을 확인하고 싶습니다.",account,inquiries-hard-v1-g071,team-added-synthetic:inquiries-hard-v1
inquiries-hard-v1-g071-v3,"- 상품 정기 결제 해지가 아니라 회원 가입 자체를 중단하려는 요청입니다.
- 가입 확인 전에 입력한 자료가 남아 있는지 모르겠어요.
- 가입 미완료 계정의 자료 처리와 철회 방법을 확인하고 싶습니다.",account,inquiries-hard-v1-g071,team-added-synthetic:inquiries-hard-v1
inquiries-hard-v1-g071-v4,현재 문의 상황은 다음과 같습니다. 상품 정기 결제 해지가 아니라 회원 가입 자체를 중단하려는 요청입니다. 가입 확인 전에 입력한 자료가 남아 있는지 모르겠어요. 가입 미완료 계정의 자료 처리와 철회 방법을 확인하고 싶습니다.,account,inquiries-hard-v1-g071,team-added-synthetic:inquiries-hard-v1
inquiries-hard-v1-g072-v1,반품 상담에서 자료를 보내 달라고 했지만 여기에서 인증코드를 알려주려는 건 아닙니다. 내 계정의 본인 확인 기록을 공식 지원에 전달할 수 있는지 궁금합니다. 민감한 인증정보를 공개하지 않고 계정 확인을 진행할 방법을 알려 주세요.,account,inquiries-hard-v1-g072,team-added-synthetic:inquiries-hard-v1
inquiries-hard-v1-g072-v2,"반품 상담에서 자료를 보내 달라고 했지만 여기에서 인증코드를 알려주려는 건 아닙니다.
내 계정의 본인 확인 기록을 공식 지원에 전달할 수 있는지 궁금합니다.
민감한 인증정보를 공개하지 않고 계정 확인을 진행할 방법을 알려 주세요.",account,inquiries-hard-v1-g072,team-added-synthetic:inquiries-hard-v1
inquiries-hard-v1-g072-v3,"- 반품 상담에서 자료를 보내 달라고 했지만 여기에서 인증코드를 알려주려는 건 아닙니다.
- 내 계정의 본인 확인 기록을 공식 지원에 전달할 수 있는지 궁금합니다.
- 민감한 인증정보를 공개하지 않고 계정 확인을 진행할 방법을 알려 주세요.",account,inquiries-hard-v1-g072,team-added-synthetic:inquiries-hard-v1
inquiries-hard-v1-g072-v4,반품 상담에서 자료를 보내 달라고 했지만 여기에서 인증코드를 알려주려는 건 아닙니다. 내 계정의 본인 확인 기록을 공식 지원에 전달할 수 있는지 알고 싶습니다. 민감한 인증정보를 공개하지 않고 계정 확인을 진행할 방법을 안내해 주세요.,account,inquiries-hard-v1-g072,team-added-synthetic:inquiries-hard-v1
inquiries-hard-v1-g073-v1,택배를 다시 보내 달라는 요청은 없습니다. 예전 조직에서 탈퇴했는데 계정에 그 조직의 내부 문서가 계속 표시됩니다. 조직 연결과 회원 자료 접근 권한을 정리할 공식 경로를 알고 싶습니다.,account,inquiries-hard-v1-g073,team-added-synthetic:inquiries-hard-v1
inquiries-hard-v1-g073-v2,"택배를 다시 보내 달라는 요청은 없습니다.
예전 조직에서 탈퇴했는데 계정에 그 조직의 내부 문서가 계속 표시됩니다.
조직 연결과 회원 자료 접근 권한을 정리할 공식 경로를 알고 싶습니다.",account,inquiries-hard-v1-g073,team-added-synthetic:inquiries-hard-v1
inquiries-hard-v1-g073-v3,"- 택배를 다시 보내 달라는 요청은 없습니다.
- 예전 조직에서 탈퇴했는데 계정에 그 조직의 내부 문서가 계속 표시됩니다.
- 조직 연결과 회원 자료 접근 권한을 정리할 공식 경로를 알고 싶습니다.",account,inquiries-hard-v1-g073,team-added-synthetic:inquiries-hard-v1
inquiries-hard-v1-g073-v4,현재 문의 상황은 다음과 같습니다. 택배를 다시 보내 달라는 요청은 없습니다. 예전 조직에서 탈퇴했는데 계정에 그 조직의 내부 문서가 계속 표시됩니다. 조직 연결과 회원 자료 접근 권한을 정리할 공식 경로를 알고 싶습니다.,account,inquiries-hard-v1-g073,team-added-synthetic:inquiries-hard-v1
inquiries-hard-v1-g074-v1,결제한 상품과 환급 기록은 정상입니다. 다른 계정에서 작성한 평가가 내 프로필에 연결된 것으로 보여요. 회원 활동 자료의 잘못된 연결을 확인하고 정정 요청을 하고 싶습니다.,account,inquiries-hard-v1-g074,team-added-synthetic:inquiries-hard-v1
inquiries-hard-v1-g074-v2,"결제한 상품과 환급 기록은 정상입니다.
다른 계정에서 작성한 평가가 내 프로필에 연결된 것으로 보여요.
회원 활동 자료의 잘못된 연결을 확인하고 정정 요청을 하고 싶습니다.",account,inquiries-hard-v1-g074,team-added-synthetic:inquiries-hard-v1
inquiries-hard-v1-g074-v3,"- 결제한 상품과 환급 기록은 정상입니다.
- 다른 계정에서 작성한 평가가 내 프로필에 연결된 것으로 보여요.
- 회원 활동 자료의 잘못된 연결을 확인하고 정정 요청을 하고 싶습니다.",account,inquiries-hard-v1-g074,team-added-synthetic:inquiries-hard-v1
inquiries-hard-v1-g074-v4,현재 문의 상황은 다음과 같습니다. 결제한 상품과 환급 기록은 정상입니다. 다른 계정에서 작성한 평가가 내 프로필에 연결된 것으로 보여요. 회원 활동 자료의 잘못된 연결을 확인하고 정정 요청을 하고 싶습니다.,account,inquiries-hard-v1-g074,team-added-synthetic:inquiries-hard-v1
inquiries-hard-v1-g075-v1,배송 조회를 위해 접속했다가 비밀번호가 맞지 않는다는 안내를 받았습니다. 주문 운송 상태보다 먼저 회원 로그인 접근을 복구하려 합니다. 비밀번호 재설정을 어디에서 진행해야 하는지 안전하게 안내해 주세요.,account,inquiries-hard-v1-g075,team-added-synthetic:inquiries-hard-v1
inquiries-hard-v1-g075-v2,"배송 조회를 위해 접속했다가 비밀번호가 맞지 않는다는 안내를 받았습니다.
주문 운송 상태보다 먼저 회원 로그인 접근을 복구하려 합니다.
비밀번호 재설정을 어디에서 진행해야 하는지 안전하게 안내해 주세요.",account,inquiries-hard-v1-g075,team-added-synthetic:inquiries-hard-v1
inquiries-hard-v1-g075-v3,"- 배송 조회를 위해 접속했다가 비밀번호가 맞지 않는다는 안내를 받았습니다.
- 주문 운송 상태보다 먼저 회원 로그인 접근을 복구하려 합니다.
- 비밀번호 재설정을 어디에서 진행해야 하는지 안전하게 안내해 주세요.",account,inquiries-hard-v1-g075,team-added-synthetic:inquiries-hard-v1
inquiries-hard-v1-g075-v4,현재 문의 상황은 다음과 같습니다. 배송 조회를 위해 접속했다가 비밀번호가 맞지 않는다는 안내를 받았습니다. 주문 운송 상태보다 먼저 회원 로그인 접근을 복구하려 합니다. 비밀번호 재설정을 어디에서 진행해야 하는지 안전하게 안내해 주세요.,account,inquiries-hard-v1-g075,team-added-synthetic:inquiries-hard-v1
