id,text,label,group_id,source
c-8759241728df,"모니터 받침대를 주문해 택배함 수령을 선택했는데, 배송 조회에는 오늘 도착 예정이라고만 표시되고 택배함 번호가 안내되지 않습니다. 건물 관리실에는 아직 물품이 들어오지 않았다고 하니 현재 위치와 실제 수령 가능 시간을 확인해 주세요.",shipping,ctx-i-039,original-synthetic:advanced-context-ko-1.0
c-2d106b86ad8c,"종료된 별도 상담 건
독서대 주문과 관련해 지난주에 남긴 상담 기록을 먼저 확인했습니다. 당시 카드 결제 승인은 정상적으로 끝났지만 판매처 사정으로 출고가 하루 늦어졌고, 상담원은 운송장 등록 후 영업일 기준 이틀 안에 도착할 가능성이 높다고 안내했습니다. 주문 당시에는 주말 독서 모임 장소를 수령지로 지정했으며, 회원정보에 등록된 전화번호와 배송지 주소도 상담 과정에서 대조해 이상이 없다는 확인을 받았습니다. 결제 승인이나 주문자 정보에 문제가 있어 배송이 멈춘 상황은 아닌 것으로 안내받았습니다. 운송장 번호는 어제 오후 주문 화면에 표시되었고, 그 사실 자체는 확인했지만 이후 물류센터 입고나 간선 이동 기록은 아직 나타나지 않았습니다. 상담원에게 들은 배송 기준과 실제 조회 화면을 비교해 보았으나, 현재 어느 단계에 있는지는 화면만으로 판단하기 어렵습니다. 수령지로 지정한 모임 장소는 오늘부터 운영 시간이 바뀌어 낮에는 담당자가 없고, 부재 시 택배가 반송될 수 있다는 안내도 받았습니다. 주소를 잘못 입력했거나 결제를 다시 처리해 달라는 요청은 아니며, 기존 주문을 취소하려는 것도 아닙니다. 이번에는 독서대가 실제로 어느 물류 단계에 있는지와 예상 도착일을 확인해 주시고, 기사 연락이 가능한 시점이나 저녁 수령처럼 적용할 수 있는 전달 방법이 있다면 함께 안내해 주시기 바랍니다.
이 상담은 필요한 확인과 처리를 마쳐 종료된 기록입니다.

아래 문의는 이후 별도로 접수한 건입니다.
새로 접수한 문의
독서대 주문을 확인하려고 했던 과거 상담 기록과 오늘 화면에서 나온 안내를 함께 적습니다. 이전에는 결제 승인 지연으로 주문이 목록에 늦게 나타났지만 상담원이 결제 내역과 주문 번호를 대조해 정상 주문임을 확인했고 그 건은 처리 완료되었습니다. 오늘 영수증을 내려받으려고 로그인했더니 비밀번호가 맞는데도 추가 본인 인증에서 실패했다는 메시지가 반복됩니다. 인증 수단을 다른 번호로 바꾼 적은 없고, 등록된 연락처로 받은 알림도 정상입니다. 계정에 접근할 수 없어 주문 상태나 결제 내역을 확인하지 못하고 있으니, 본인 확인 절차를 다시 진행할 수 있게 인증 오류를 해제해 주세요. 필요하다면 계정 잠금 여부와 복구 완료 시점을 함께 알려 주시기 바랍니다.",account,ctx-i-054,original-synthetic:advanced-context-ko-1.0
c-71a7e2b839b6,"종료된 별도 상담 건
독서대 주문을 확인하는 과정에서 발생한 계정 접근 문제를 이전 상담 내용과 나누어 기록합니다. 며칠 전에는 카드 결제 승인 반영이 늦어 주문 목록에 상품이 바로 표시되지 않았지만, 상담원이 결제 승인 내역과 주문 번호를 대조해 정상 주문임을 확인했고 그 건은 완료 처리되었습니다. 회원정보에 등록된 이름과 연락처, 배송지는 당시 확인한 내용과 현재 정보가 같으며, 결제 취소나 주문 누락이 발생한 것은 아닙니다. 그때 안내받은 주문 조회 방법과 영수증 다운로드 절차를 참고해 오늘 다시 로그인했습니다. 비밀번호는 평소와 동일하게 입력했고 문자 알림도 등록된 번호로 정상 수신되었지만, 추가 본인 인증 단계에서 실패했다는 메시지가 반복되었습니다. 다른 브라우저와 휴대전화에서도 같은 결과가 나타났고, 인증 수단을 변경하거나 해외 접속을 한 사실은 없습니다. 따라서 주문 상태나 결제 내역 자체를 다시 조사해 달라는 것이 아니라, 인증 단계에서 계정 접근이 막힌 원인을 확인할 필요가 있습니다. 비밀번호 재설정이나 배송지 수정은 현재 요청이 아니며, 이미 확인된 결제 지연 건을 다시 처리할 필요도 없습니다. 이번에는 본인 확인 절차를 다시 진행할 수 있도록 해당 인증 오류 또는 잠금 상태를 해제해 주시고, 복구에 필요한 추가 확인 사항과 접근 가능 시점을 안내해 주시기 바랍니다.
이 상담은 필요한 확인과 처리를 마쳐 종료된 기록입니다.

아래 문의는 이후 별도로 접수한 건입니다.
새로 접수한 문의
독서대 주문에 관해 예전에 문의했던 내용부터 설명드립니다. 처음 받은 제품은 받침 고정 나사가 빠져 있어 교환을 신청했고, 회수 기사 방문 뒤 새 제품이 발송되었다는 안내를 받았습니다. 교환품은 지난 월요일 도착했지만 펼쳐 보니 같은 부위에 균열이 있어 사용하지 않고 상자에 다시 넣어 두었습니다. 상담 기록에는 두 번째 문제가 확인되면 주문 전체를 반품하고 환급할 수 있다고 적혀 있으나, 현재 주문 화면에는 교환 완료로만 표시됩니다. 오늘 촬영한 균열 사진과 회수 가능한 포장 상태를 기준으로 반품 접수를 열어 주시고, 최초 결제액 전부가 환급되는지 배송비 처리까지 포함해 안내해 주세요. 이미 한 차례 교환을 진행한 건이라 추가 교환을 기다리기보다는 이번 주문을 종료하고 싶습니다.",refund,ctx-i-054,original-synthetic:advanced-context-ko-1.0
c-596c0c3d2a95,"종료된 별도 상담 건
전시용 액자 주문서를 다시 출력하려고 회원 페이지에 들어갔는데 로그인 단계에서 계정이 잠겼다는 안내가 나옵니다. 등록된 이메일로 재설정을 시도했지만 인증 메시지가 오지 않으니 본인 확인과 잠금 해제를 진행해 주세요.
이 상담은 필요한 확인과 처리를 마쳐 종료된 기록입니다.

아래 문의는 이후 별도로 접수한 건입니다.
새로 접수한 문의
전시용 액자를 받아 보니 모서리 유리가 깨져 있어 설치를 진행할 수 없습니다. 포장과 파손 상태를 촬영해 두었으니 반품 회수 접수 후 결제 금액을 환급해 주세요.",refund,ctx-i-053,original-synthetic:advanced-context-ko-1.0
c-210c9fabe307,원두 보관통을 다시 주문하려고 회원 계정에 로그인했는데 비밀번호 재설정 화면에서 인증이 되지 않습니다. 구매 내역은 확인할 수 있으니 본인 인증을 다시 진행해 로그인할 수 있게 도와주세요.,account,ctx-i-025,original-synthetic:advanced-context-ko-1.0
c-12b1dde3715d,패브릭 포스터가 배송 완료로 표시됐지만 수령하지 못했습니다. 공동 현관과 관리실을 확인했으니 배송 사진과 실제 전달 장소를 알려 주세요.,shipping,ctx-i-035,original-synthetic:advanced-context-ko-1.0
c-e26218efc752,카메라 스트랩 주문 건이 어제 출고됐다는 알림은 받았는데 아직 배송 기사 배정 전으로 표시됩니다. 오늘 받을 수 있는지와 현재 이동 위치를 확인해 주세요.,shipping,ctx-i-051,original-synthetic:advanced-context-ko-1.0
c-844f1f3d885c,수납 바구니를 주문했는데 배송 조회가 이틀째 집하 완료에서 멈춰 있습니다. 현재 위치와 도착 예정일을 확인해 주세요.,shipping,ctx-i-049,original-synthetic:advanced-context-ko-1.0
c-4f1a44090c21,도서 운반 카트를 주문했는데 오늘 조회해 보니 아직 집하 전으로 표시됩니다. 이번 주말 행사에 써야 해서 현재 어느 물류 단계인지와 수령 가능한 날짜를 확인해 주세요.,shipping,ctx-i-041,original-synthetic:advanced-context-ko-1.0
c-3ec5090062af,"종료된 별도 상담 건
지난여름 물놀이 튜브를 구매할 때 계정에 저장된 주소가 실제 거주지와 달라 상담을 받은 적이 있습니다. 상담원은 주문별 배송지와 회원 기본 주소가 다를 수 있다는 점, 다음 주문 전에 기본 주소를 직접 확인하는 방법을 안내했습니다. 그 주문은 올바른 주소로 배송되어 이미 정상 수령했고, 당시 배송지 문제와 결제 처리는 모두 종료되었습니다.

이번에는 새 물놀이 튜브를 주문한 뒤 과거 구매 내역과 영수증을 확인하려고 계정에 로그인했습니다. 비밀번호를 재설정하려고 여러 차례 메일 발송을 요청했지만 등록된 받은편지함에는 안내 메일이 도착하지 않았습니다. 스팸함과 휴지통도 확인했으며, 휴대전화 번호는 현재 사용 중이지만 보조 이메일 주소는 해지되어 접근할 수 없습니다.

웹 브라우저와 모바일 앱에서 각각 로그인을 시도했으나 같은 인증 단계에서 진행이 중단되었습니다. 새 주문의 결제 자체가 실패한 것은 아니고, 주문번호와 결제 승인 알림은 보유하고 있습니다. 따라서 이번 문제는 상품 배송이나 환급 상태를 확인해 달라는 요청이 아니라, 구매 내역에 접근하지 못하는 계정 인증 문제입니다.

과거 상담에서 주소를 수정하는 방법을 안내받았다는 사실은 회원정보 확인에 참고할 수 있습니다. 다만 그 안내를 다시 설명하거나 예전 배송지를 변경할 필요는 없으며, 이미 끝난 주문을 재처리할 필요도 없습니다. 본인 확인에 필요한 주문번호와 결제 정보는 제출할 수 있으니 안전한 복구 절차를 적용해 주시기 바랍니다.

본인 확인 후 로그인 수단을 복구하고, 더 이상 사용할 수 없는 보조 이메일을 새 이메일 주소로 변경할 수 있도록 도와주세요. 비밀번호 재설정 메일을 받을 수 있는 방법과 이메일 변경 뒤 구매 내역을 다시 확인하기까지 필요한 절차를 안내해 주시기 바랍니다.
이 상담은 필요한 확인과 처리를 마쳐 종료된 기록입니다.

아래 문의는 이후 별도로 접수한 건입니다.
새로 접수한 문의
물놀이 튜브는 주문 당시 주말 출고라고 안내받았지만 일주일이 지나도 준비 중이었습니다. 배송 지연 사유를 문의하니 재고 수량을 다시 확인하고 있다는 답변을 받았고, 오늘도 발송 알림은 오지 않았습니다. 예정된 여행이 끝난 뒤에는 사용할 일이 없으므로 더 기다리지 않고 주문을 취소하려 합니다. 결제 취소와 환급이 언제 완료되는지, 아직 발송 전인 주문을 반품 절차 없이 처리할 수 있는지 알려 주세요.",refund,ctx-i-018,original-synthetic:advanced-context-ko-1.0
c-2df6e7f23d97,"종료된 별도 상담 건
휴대용 스피커를 배송받은 첫날부터 전원이 간헐적으로 꺼지는 현상이 있어 판매처에 교환을 신청했습니다. 상담 기록에는 제품 불량 증상과 구매일이 남아 있고, 판매처는 동일 모델의 대체 재고가 없어 교환 대신 반품으로 처리하겠다고 안내했습니다. 반품 배송비는 판매처가 부담하며 회수 기사가 방문하기 전까지 원래 포장에 제품을 넣어 두면 된다는 설명도 받았고, 실제로 포장과 구성품 확인까지 마쳤습니다. 주문 화면에는 반품 승인과 회수 준비 상태가 표시되어 있어 접수 자체가 누락된 것은 아닌 것으로 보입니다. 다만 카드사 승인 취소나 환급 금액의 처리 예정일은 주문 상세 화면에서 확인되지 않으며, 회수 완료 뒤 어느 시점에 돈이 돌아오는지도 안내받지 못했습니다. 이전에 같은 카드로 결제한 다른 주문은 정상적으로 환급되었으므로 카드 변경이나 회원정보 수정이 아니라, 이번 반품 건의 실제 환급 예정일을 확인해 주시기 바랍니다.
이 상담은 필요한 확인과 처리를 마쳐 종료된 기록입니다.

아래 문의는 이후 별도로 접수한 건입니다.
새로 접수한 문의
휴대용 스피커 주문서를 다시 내려받으려다 로그아웃된 계정에 들어가지 못했습니다. 예전에 배송지에 가족 주소를 추가하면서 본인 인증을 완료했고, 그때 등록한 주소는 현재도 정상적으로 남아 있습니다. 오늘은 새 배송지를 등록하려는 것이 아니라 주문 내역을 확인하려는 상황인데, 비밀번호 재설정 화면에서 인증 메일이 반복해서 실패합니다. 본인 확인 방법을 바꾸거나 계정 접근을 복구할 수 있는 절차를 안내해 주세요. 스피커의 배송 상태와 결제 승인 여부는 이미 확인했으니 계정 문제만 처리해 주시면 됩니다.",account,ctx-i-034,original-synthetic:advanced-context-ko-1.0
c-ebc45f497e64,여행용 파우치를 받아 보니 지퍼가 벌어져 사용하기 어렵습니다. 반품 접수 방법과 결제한 금액이 환급되는 시점을 안내해 주세요.,refund,ctx-i-001,original-synthetic:advanced-context-ko-1.0
c-5aee234a6c1d,"종료된 별도 상담 건
배낭 방수 커버와 관련해 먼저 처리된 주문 이력을 함께 확인해 둡니다. 처음 주문한 회색 커버는 색상 오류로 반품되었고 판매처의 환급도 완료되었으며, 당시 배송지에 잘못 입력된 공동현관 번호는 회원정보에서 수정했습니다. 그 뒤 같은 상품의 검은색 모델을 새로 주문하면서 카드 결제까지 정상 승인되었고, 주문 화면에는 출고 완료로 표시되어 발송 알림도 받았습니다. 이처럼 이전 반품과 주소 수정은 이미 끝난 건이며, 현재 확인할 대상은 새 주문입니다. 그런데 운송장 조회에는 이틀째 상품 인수 전이라는 문구만 남아 있어 판매처의 출고 처리와 실제 택배 인계가 서로 다른 것인지 판단하기 어렵습니다. 주말 산행 전에 받아야 하므로 택배사에 실제로 전달되었는지, 현재 어느 단계에서 멈췄는지, 지연이 확인되면 예상 수령일이 언제인지 확인해 주세요.
이 상담은 필요한 확인과 처리를 마쳐 종료된 기록입니다.

아래 문의는 이후 별도로 접수한 건입니다.
새로 접수한 문의
배낭 방수 커버는 주문 당시 안내된 날짜보다 나흘 늦게 도착했고, 산행 일정이 지나 더 이상 필요하지 않습니다. 배송 지연에 대해서는 판매처가 물류센터 적체 때문이라고 설명했으며, 수령 후 포장만 열어 크기만 확인한 상태입니다. 예전에 다른 주문에서 주소를 수정한 기록과 계정 로그인 문의가 있었지만 모두 처리되어 이번 건의 배경으로만 참고해 주세요. 이번 커버를 반품하고 결제 금액을 환급받으려면 회수 신청을 어디에서 해야 하는지, 환급 시점은 언제인지 알려 주세요.",refund,ctx-i-010,original-synthetic:advanced-context-ko-1.0
c-fb9756fe31c2,"종료된 별도 상담 건
지난해 수채화 물감 주문에서 배송지가 잘못 등록되어 주문을 취소한 일이 있었고, 그 주문의 환급은 카드사에 정상 반영되었습니다. 당시 상담을 통해 잘못된 주소도 회원정보에서 삭제했으며, 현재 배송 중인 상품이나 미처리 결제는 계정에 남아 있지 않습니다. 이 과거 주문과 환급 기록은 회원 본인임을 확인할 때 참고할 수 있는 자료입니다.

최근 휴대전화를 교체한 뒤 예전 구매 내역의 색상 구성을 확인하려고 계정에 로그인했습니다. 비밀번호 입력까지는 정상적으로 진행되지만 추가 인증 단계에서 이전 전화번호로 인증번호가 전송되어 더 이상 접속할 수 없습니다. 이메일 인증을 선택해도 오래전에 사용을 중단한 주소로 안내가 발송되어 본인 확인이 완료되지 않습니다.

상담 과정에서 계정에 등록된 이름과 과거 주문 정보는 현재 보유한 신분 확인 자료와 일치하는 것으로 확인했습니다. 배송지 오류로 취소했던 주문은 이미 종결되었고, 그 주소를 다시 등록하거나 새 상품을 배송해 달라는 요청도 아닙니다. 결제 취소를 재처리할 사유도 없으므로 카드 승인이나 환급 상태를 다시 조정할 필요는 없습니다.

현재 문제는 비밀번호 자체를 잊은 것이 아니라, 변경된 휴대전화와 사용하지 않는 이메일 때문에 추가 인증을 통과하지 못하는 데 있습니다. 상담 시 본인 확인에 필요한 주문번호와 결제 정보는 제공할 수 있으며, 기존 이름 표기와 구매 기록은 그대로 보존되기를 바랍니다. 과거 배송 및 환급 상담 기록은 접근 권한을 복구하기 위한 확인 자료로만 사용해 주세요.

새 휴대전화 번호를 기준으로 회원정보의 인증 수단을 변경하고 로그인 권한을 복구해 주시기 바랍니다. 변경 전에 필요한 본인 확인 절차와 완료 후 다시 로그인할 수 있는 방법도 안내해 주세요. 이번 요청은 배송 현황이나 주문 취소가 아니라 과거 구매 내역을 확인할 수 있도록 계정 접근 상태를 바로잡는 것입니다.
이 상담은 필요한 확인과 처리를 마쳐 종료된 기록입니다.

아래 문의는 이후 별도로 접수한 건입니다.
새로 접수한 문의
수채화 물감을 주문한 뒤 카드 결제 금액이 예상보다 높게 표시되어 상담을 신청했습니다. 당시에는 할인 적용이 늦어 임시 승인액이 크게 보인다는 설명을 들었고, 며칠 뒤 최종 청구액은 정상 금액으로 바뀌었습니다. 그러나 배송 예정일이 지나도 상품이 출고되지 않아 다시 확인하니 일부 색상 재고가 부족해 발송이 보류된 상태였습니다. 재입고 날짜를 기다렸지만 안내받은 시점에도 준비되지 않았고, 수업 일정상 더 이상 주문을 유지하기 어렵습니다. 해당 주문을 취소하고 카드로 결제된 금액을 환급받고 싶습니다. 아직 발송되지 않았으므로 반품 회수는 필요하지 않은지, 취소 신청 후 카드 승인 취소가 반영되는 기간은 얼마나 되는지도 알려 주세요. 계정에는 정상적으로 로그인할 수 있고 배송지 변경도 요청하지 않습니다.",refund,ctx-i-030,original-synthetic:advanced-context-ko-1.0
c-7903cb2a2fd8,"새로 접수한 문의
휴대용 선풍기를 주문한 뒤 결제 승인 알림이 두 번 도착해 중복 결제인지 먼저 문의했습니다. 상담 기록에는 한 건은 승인 보류였다가 자동 해제되었고 실제 청구는 한 번만 이루어진 것으로 남아 있습니다. 이후 상품이 출고되었다는 안내를 받았으나, 약속된 날짜가 지나도록 도착하지 않아 배송 지연 사유를 확인하려고 다시 조회했습니다. 판매처에서는 재고 이동 과정에서 포장이 늦어졌다고 설명했고, 새로 안내받은 날짜에도 물건을 받지 못해 더 기다리기 어렵습니다. 주문을 취소하고 이미 결제된 금액을 환급받고 싶으며, 배송 중인 상품을 어떤 방식으로 반품 처리해야 하는지도 함께 안내해 주세요. 계정에 등록된 연락처와 주소는 변동이 없습니다.

아래에는 상담 시 참고할 수 있도록 종료된 별도 건의 기록을 덧붙였습니다.
종료된 별도 상담 건
오늘 휴대용 선풍기 주문 내역을 확인하려고 로그인했으나 계정에 접근하지 못하고 있습니다. 지난달에는 배송비가 별도로 청구된 이유를 확인하기 위해 주문 목록과 결제 내역을 열람했고, 그 과정에서 비밀번호를 여러 번 잘못 입력해 일시 잠금이 발생했습니다. 당시 상담원의 안내에 따라 본인 확인을 완료했고 잠금 해제도 처리되어, 이전 주문의 배송 지연과 수령 여부를 확인하는 업무는 모두 끝났습니다. 회원정보에 등록된 이메일 주소와 휴대전화 번호는 변경하지 않았으며, 최근 다른 기기에서 로그인하거나 비정상적인 접속을 시도한 사실도 없습니다. 이번에는 새로 로그인하려는 과정에서 등록 이메일로 인증번호가 발송되지 않고, 재전송을 눌러도 메시지가 도착하지 않습니다. 브라우저를 종료한 뒤 다시 접속하고 다른 네트워크에서도 시도했지만 동일한 화면만 나타났으며, 비밀번호 재설정으로 넘어갈 대체 인증 메뉴도 보이지 않습니다. 과거 배송비 확인, 결제 내역 열람, 잠금 해제 기록은 참고용이며 주문 상태나 환불을 다시 처리해 달라는 내용이 아닙니다. 본인 인증을 진행할 수 있는 방법을 안내하고 로그인 접근을 복구해 비밀번호 재설정 화면까지 이동할 수 있도록 조치해 주시기 바랍니다.
이 상담은 필요한 확인과 처리를 마쳐 종료된 기록입니다.",refund,ctx-i-026,original-synthetic:advanced-context-ko-1.0
c-3d713d6ecd0b,"새로 접수한 문의
스테인리스 식판을 주문했는데 예정일보다 일주일 늦게 도착해 행사에 사용할 수 없었습니다. 포장 상태와 배송 지연 안내 문자는 보관 중이며, 상품을 사용하지 않은 채 다시 포장해 두었습니다. 주문을 취소한 뒤 식판을 반품할 수 있는 접수 방법과 결제 금액의 환급 일정을 확인해 주세요.

아래에는 상담 시 참고할 수 있도록 종료된 별도 건의 기록을 덧붙였습니다.
종료된 별도 상담 건
스테인리스 식판을 주문하면서 회사 수령 시간에 맞춰 평일 오후 배송을 요청했습니다. 결제는 완료됐고 주문 화면에는 출고로 표시되지만, 이틀째 운송장 이동 기록이 갱신되지 않아 실제로 어느 물류 단계에 있는지 확인이 필요합니다. 건물 안내 데스크가 오후 6시에 문을 닫으니 도착 예정일과 수령 방법을 알려 주세요.
이 상담은 필요한 확인과 처리를 마쳐 종료된 기록입니다.",refund,ctx-i-037,original-synthetic:advanced-context-ko-1.0
c-473f27da2f46,"종료된 별도 상담 건
지난달 베이킹 실리콘 틀을 주문했을 때 배송지가 공동현관으로 지정되어 있었고, 수령 알림이 늦어 경비실에 맡겨진 상품을 다음 날 찾아온 일이 있습니다. 당시 상담 과정에서 배송지 기본 설정을 문 앞 수령으로 바꾸었으며, 그 주문의 배송 완료와 수령 사실도 확인되었습니다. 주소 변경이 정상 반영되었는지 확인하기 위해 상담원이 주문 내역과 배송지 화면을 함께 검토했지만, 그 확인은 이전 주문에 관한 것이었습니다.

이번에는 같은 판매처에서 새 실리콘 틀을 주문했고 결제 완료 알림과 상품 준비 안내까지 받았습니다. 주문 화면에는 출고 완료로 표시되지만 운송장 번호를 눌러도 이틀째 집하 이후의 이동 기록이 나타나지 않습니다. 모레 제빵 수업에서 사용할 예정이라 단순히 주문이 접수되었는지보다 실제 배송 단계가 어디까지 진행되었는지가 중요합니다.

판매처 안내문에는 출고 후 배송사 시스템에 반영되기까지 영업일 기준 시간이 걸릴 수 있고, 공동현관 출입이 어려운 경우 배송 기사가 별도 연락할 수 있다고 적혀 있습니다. 이 내용은 일반적인 참고 안내로 읽었으며, 이전에 주소를 수정한 사실이나 경비실 수령이 이번 배송의 지연을 의미한다고 보지는 않습니다. 새 주문의 결제나 상품 자체를 다시 처리해 달라는 요청도 아닙니다.

현재 주문번호와 운송장 번호를 상담 화면에 남길 수 있고, 주문 당시 입력한 주소와 연락처도 확인했습니다. 다만 배송사로 실제 인계되었는지, 아직 판매처 창고 단계인지 화면만으로는 판단하기 어렵습니다. 예정일 전에 배송이 어려운 상황이라면 배송사에 전달된 마지막 위치와 지연 사유를 함께 안내받고 싶습니다.

이번 문의에서는 오늘 주문한 실리콘 틀의 배송 위치와 예상 도착 가능성을 확인해 주시기 바랍니다. 가능하다면 배송사 인계 여부를 조회하고, 주소 설정이 문 앞 수령으로 적용되었는지도 이번 주문 기준으로 확인해 주세요. 과거 주문의 수령 문제를 다시 보상하거나 주소를 재변경하는 것이 아니라 현재 배송 상태를 확인하는 것이 목적입니다.
이 상담은 필요한 확인과 처리를 마쳐 종료된 기록입니다.

아래 문의는 이후 별도로 접수한 건입니다.
새로 접수한 문의
베이킹 실리콘 틀을 처음 주문했을 때 배송이 일주일 늦어 수업에 쓰지 못했고, 상담 후 배송비 일부를 보상받은 기록이 있습니다. 그 보상 건은 이미 처리되어 더 확인할 필요가 없습니다. 이번에 받은 새 틀은 가장자리 변형이 심해 반죽이 새고, 포장과 상품 사진도 보관하고 있습니다. 사용하지 않은 상태로 반품하려고 하니 회수 접수 방법과 결제 취소 후 환급되는 금액 및 시점을 확인해 주세요. 이전 배송 지연 보상과 이번 불량 반품은 별개의 주문입니다.",refund,ctx-i-058,original-synthetic:advanced-context-ko-1.0
c-580da08a6e9c,"종료된 별도 상담 건
라탄 트레이를 받아 보니 가장자리가 깨져 있어 사진을 촬영해 두었습니다. 이전 문의에서 새 상품 재발송 제안을 받았지만 같은 모델이 더 필요하지 않아 반품으로 처리하고 결제 금액을 환급받고 싶습니다. 회수 일정과 환급 완료 시점을 확인해 주세요.
이 상담은 필요한 확인과 처리를 마쳐 종료된 기록입니다.

아래 문의는 이후 별도로 접수한 건입니다.
새로 접수한 문의
라탄 트레이를 주문하면서 문 앞 수령을 선택했는데 배송 기사님이 오늘 오후 방문 예정이라는 알림만 남겼습니다. 외출 시간이 겹칠 수 있어 현재 배송 위치와 도착 예상 시간을 확인하고, 필요하면 경비실 수령으로 전달해 주세요.",shipping,ctx-i-023,original-synthetic:advanced-context-ko-1.0
c-a513080718a4,"종료된 별도 상담 건
방한 귀마개를 다시 사려고 주문 목록에 들어가려 했는데 로그인 화면에서 계속 인증 실패가 납니다. 등록된 번호를 바꾼 적이 있어 문자 인증을 받을 수 없으니, 본인 확인을 거쳐 연락처를 수정하고 계정 이용을 재개할 수 있게 도와주세요.
이 상담은 필요한 확인과 처리를 마쳐 종료된 기록입니다.

아래 문의는 이후 별도로 접수한 건입니다.
새로 접수한 문의
방한 귀마개를 주문했지만 귀를 압박해 착용할 수 없어 반품하려고 합니다. 포장은 훼손하지 않았고 결제 승인도 완료된 상태이니, 회수 신청 뒤 환급까지 걸리는 기간과 배송비 처리 기준을 알려 주세요.",refund,ctx-i-003,original-synthetic:advanced-context-ko-1.0
c-cde952a60248,"종료된 별도 상담 건
방한 귀마개를 주문하고 배송비까지 결제했는데, 운송장에는 사흘째 집하 완료로만 표시됩니다. 다음 주 출근 때 쓰려면 언제 받을 수 있는지 확인하고, 주소지에서 직접 수령하지 못할 경우 보관 장소를 지정할 수 있는지도 알려 주세요.
이 상담은 필요한 확인과 처리를 마쳐 종료된 기록입니다.

아래 문의는 이후 별도로 접수한 건입니다.
새로 접수한 문의
방한 귀마개를 다시 사려고 주문 목록에 들어가려 했는데 로그인 화면에서 계속 인증 실패가 납니다. 등록된 번호를 바꾼 적이 있어 문자 인증을 받을 수 없으니, 본인 확인을 거쳐 연락처를 수정하고 계정 이용을 재개할 수 있게 도와주세요.",account,ctx-i-003,original-synthetic:advanced-context-ko-1.0
c-9d854e5bdf52,패브릭 포스터의 인쇄 색상이 화면과 크게 달라 반품하려고 합니다. 회수 방법과 결제 금액 환급 시점을 안내해 주세요.,refund,ctx-i-035,original-synthetic:advanced-context-ko-1.0
c-06b665f212f0,"종료된 별도 상담 건
재사용 빨대의 이전 구매 내역에서 옵션별 가격과 주문 시점을 확인하려고 회원 계정에 접속했습니다. 예전에 배송지를 잘못 입력해 주문을 취소한 기록이 있지만 그 주문의 카드 환급은 이미 완료되었고, 현재 배송 중인 주문과는 별개의 거래입니다. 따라서 과거 주문을 다시 취소하거나 결제 내역을 수정해 달라는 요청은 아닙니다.

며칠 전에는 등록된 이메일로 보안 알림을 받은 뒤 비밀번호를 변경했습니다. 비밀번호 변경 자체는 완료되었고 가입 이메일도 현재 사용할 수 있지만, 오늘 새 비밀번호로 로그인하자 추가 본인 인증 화면이 나타났습니다. 인증번호를 정상적으로 입력해도 오류 메시지가 반복되어 다음 단계로 넘어가지 않으며, 일정 횟수 이후에는 접근이 일시 차단된 상태입니다.

고객센터에서 안내한 기본 점검에 따라 브라우저를 종료하고 다시 접속했으며, 휴대전화 데이터 환경에서도 같은 현상이 발생했습니다. 캐시 삭제와 앱 업데이트를 확인했지만 인증 오류는 계속되었습니다. 배송 중인 주문의 위치를 확인하려는 목적도 있었으나, 현재는 계정에 들어갈 수 없어 주문 목록과 관련 자료를 열람하지 못하는 것이 직접적인 문제입니다.

등록 이메일로 재설정 안내를 다시 보내는 방법이 있는지, 또는 상담원이 본인 확인 후 잠금을 해제할 수 있는지 안내해 주시기 바랍니다. 필요한 경우 가입 당시의 연락처나 최근 주문번호 등 확인 가능한 정보를 제출하겠습니다. 단순히 비밀번호를 다시 알려 달라는 것이 아니라 추가 인증 실패로 막힌 계정 접근 권한을 복구해 달라는 요청입니다.

따라서 본인 확인 절차를 재개할 수 있도록 인증 오류 원인을 확인하고 계정 잠금을 해제해 주세요. 해제 후 새 비밀번호로 정상 로그인할 수 있는 시점과 추가로 해야 할 보안 조치가 있다면 함께 알려 주시면 됩니다. 과거 배송지 오류로 끝난 주문과 이미 완료된 환급, 현재 배송 상품의 위치는 이번 요청의 처리 대상이 아닙니다.
이 상담은 필요한 확인과 처리를 마쳐 종료된 기록입니다.

아래 문의는 이후 별도로 접수한 건입니다.
새로 접수한 문의
재사용 빨대 세트를 주문하면서 배송 메모에 무인 보관함 수령을 적었습니다. 이전 상담에서는 결제 승인 지연이 일시적인 카드사 문제였다는 설명을 들었고, 실제 결제는 한 번만 완료되어 그 건은 더 확인하지 않아도 됩니다. 이번 주문은 출고되었다는 알림을 받았지만 사흘째 운송장에 집하 완료만 표시되고 다음 이동 기록이 없습니다. 보관함 이용 기간을 맞추려면 도착 예정일을 알아야 하므로 현재 물류센터에 머물러 있는지, 오늘 발송될 가능성이 있는지 확인해 주세요. 주소와 연락처는 주문 당시 입력한 내용이 맞고, 상품을 취소하거나 환불받으려는 문의는 아닙니다.",shipping,ctx-i-028,original-synthetic:advanced-context-ko-1.0
c-2e9dee50074c,비치 타월 주문 건이 출고됐다는 알림은 받았는데 아직 집하장에 머물러 있습니다. 주말에 사용할 예정이라 현재 위치와 예상 수령일을 확인해 주세요.,shipping,ctx-i-011,original-synthetic:advanced-context-ko-1.0
c-92a40f76b921,"종료된 별도 상담 건
지난주 화요일 샌드위치 메이커를 주문하면서 회사 주소를 배송지로 입력했습니다. 주문 직후 카드 승인 상태가 결제 대기에서 바로 바뀌지 않아 상담센터에 문의했고, 상담원은 승인 확인이 늦어지면 출고가 하루 정도 미뤄질 수 있다고 안내했습니다. 이후 카드사 승인 내역과 쇼핑몰 주문 상세 화면을 다시 확인한 결과 결제는 정상 완료되었으며, 중복 결제나 취소 건은 없었습니다.

상담 당시에는 결제가 확인되면 물류센터에서 순차적으로 포장하고 발송 시 운송장 알림을 보내겠다는 설명을 들었습니다. 배송지의 회사명과 우편번호도 주문서와 회원정보에 동일하게 표시되어 있어 주소 오류는 없는 것으로 확인했습니다. 다만 상담 후 이틀이 지났는데도 문자나 앱 알림이 오지 않았고, 주문 상태는 계속 상품 준비 중으로 남아 있습니다.

이번 주 금요일 오후에는 사무실을 비우고 주말에는 공동 현관 수령이 어려워 배송 시점을 미리 알아야 합니다. 과거 결제 지연 가능성은 이미 해소된 사실이며, 카드 승인 재확인이나 결제 취소를 요청하는 상황은 아닙니다. 참고로 이전 상담 기록에는 출고 후 운송장 번호를 등록한다는 안내가 남아 있습니다.

현재 필요한 것은 주문이 실제로 물류센터에 전달되었는지와 발송 예정일을 확인하는 일입니다. 아직 출고 전이라면 주말 이후 평일 저녁에 받을 수 있도록 배송 메모를 남길 수 있는지도 함께 확인해 주시기 바랍니다. 이미 배송이 시작된 경우에는 운송장 번호와 예상 도착일을 알려 주시면 일정 조정에 활용하겠습니다.

따라서 이번 문의에서는 샌드위치 메이커 주문의 현재 출고 상태와 배송 예정일을 확인해 주세요. 배송 메모 등록이 가능한 경우에는 평일 저녁 수령 희망을 주문에 반영해 주시고, 불가능하다면 택배사에서 변경할 수 있는 방법만 안내해 주시면 됩니다. 결제 승인 지연이나 회원정보 수정은 이번 문의에서 다시 처리할 사항이 아닙니다.
이 상담은 필요한 확인과 처리를 마쳐 종료된 기록입니다.

아래 문의는 이후 별도로 접수한 건입니다.
새로 접수한 문의
샌드위치 메이커를 다시 주문하려고 예전 구매 내역에 들어가려 했는데 등록된 휴대전화로 인증번호가 오지 않습니다. 지난달 배송지 변경 상담 때 본인 확인은 정상적으로 끝났고, 당시 상담원이 주소도 수정해 주어 그 문제는 해결됐습니다. 오늘은 새 주문을 진행하기 전에 계정에 저장된 주문 목록과 결제 내역을 확인해야 하는 상황입니다. 비밀번호 재설정도 시도했지만 같은 인증 화면에서 멈추니 회원정보를 확인하고 로그인 접근을 복구해 주세요.",account,ctx-i-012,original-synthetic:advanced-context-ko-1.0
c-041553d665ee,"종료된 별도 상담 건
캘리그래피 펜 세트를 주문하고 배송비 결제까지 끝냈는데, 운송장에는 어제부터 지역 물류센터에 도착한 것으로만 나옵니다. 오늘 작업에 써야 해서 언제 받을 수 있는지와 직접 수령 가능한 장소가 있는지 확인해 주세요.
이 상담은 필요한 확인과 처리를 마쳐 종료된 기록입니다.

아래 문의는 이후 별도로 접수한 건입니다.
새로 접수한 문의
캘리그래피 펜 구매 내역을 출력하려고 로그인했는데 인증번호가 오지 않아 접근이 막혔습니다. 본인 확인을 다시 진행해 계정에 들어갈 수 있게 해 주세요. 배송 상태는 이미 확인했습니다.",account,ctx-i-033,original-synthetic:advanced-context-ko-1.0
c-bc7414c90278,"새로 접수한 문의
탁상용 달력은 지난 상담에서 배송지의 동 호수를 잘못 입력해 수정 요청을 넣었고, 상담원은 출고 전 반영했다고 답했습니다. 그 주문은 다음 날 정상 수령했으므로 주소 문제는 끝난 건입니다. 이번 달 새로 주문한 달력은 결제와 제작 완료 알림까지 받았지만 배송 조회에 사흘째 첫 집하 기록만 남아 있습니다. 행사 준비에 사용할 물량이라 도착일을 다시 잡아야 하니 현재 택배사에 인계된 상태인지, 어느 날 받을 수 있는지 확인해 주세요.

아래에는 상담 시 참고할 수 있도록 종료된 별도 건의 기록을 덧붙였습니다.
종료된 별도 상담 건
탁상용 달력 주문 뒤 인쇄 시안에서 날짜 배열이 잘못된 것을 발견해 제작 중단을 요청한 이력이 있습니다. 상담원은 제작팀에 취소 가능 여부를 확인하겠다고 접수했지만, 다음 날 제작 상태가 이미 인쇄 단계로 넘어갔다는 답변을 받았습니다. 당시 안내는 취소 규정과 환급 가능 범위를 검토하겠다는 내용이었고, 아직 환급이나 주문 철회가 완료된 것은 아닙니다.

현재 주문은 완성품을 수령하지 않았으며 배송 조회에는 운송장 번호만 등록되어 있습니다. 카드 결제 승인은 완료되었고 결제 취소가 자동으로 처리되었다는 알림은 받지 못했습니다. 회원 계정의 주문자 이름과 결제자 정보는 일치하고, 로그인 환경이나 주소 오류 때문에 배송이 멈춘 상황도 아닌 것으로 확인했습니다.

잘못된 시안으로 제작되는 상품을 더 진행하지 않도록 이번 주문의 철회 가능 여부를 판단해 주시기 바랍니다. 제작이 이미 시작된 경우에도 적용되는 취소 또는 반품 조건이 무엇인지 확인하고, 수령 후 반품해야 한다면 필요한 절차와 비용 부담 주체를 안내해 주세요. 철회가 승인될 경우 결제 금액을 어떤 방식과 일정으로 돌려받는지도 함께 알려 주시기 바랍니다.

이전 상담에서 제작팀에 확인을 요청한 사실과 운송장만 발급된 상태는 현재 요청을 판단하기 위한 참고 이력입니다. 배송이 늦어졌다는 이유로 도착일을 문의하는 것이 아니며, 새 상품을 다시 제작해 달라는 요청도 아닙니다. 또한 카드 승인 내역을 다시 확인해 달라는 업무가 아니라 주문을 취소하고 결제 금액을 환급받을 수 있는지 확인하려는 것입니다.

검토할 때 시안 오류가 발견된 시점, 인쇄 시작 시점, 운송장 등록 시점을 주문 기록과 대조해 주시기 바랍니다. 취소가 불가능하다면 그 근거가 되는 규정과 이후 반품 절차를 구체적으로 회신해 주세요. 이번 문의의 처리 결과는 철회 승인 여부와 환급 방법을 중심으로 안내해 주시면 됩니다.
이 상담은 필요한 확인과 처리를 마쳐 종료된 기록입니다.",shipping,ctx-i-020,original-synthetic:advanced-context-ko-1.0
c-9a9364fa598a,카메라 스트랩 구매 내역을 확인하려고 로그인했는데 비밀번호 오류가 계속 나며 인증 문자도 도착하지 않습니다. 본인 확인 후 계정 접근을 복구해 주세요.,account,ctx-i-051,original-synthetic:advanced-context-ko-1.0
c-f42b3967ca52,"종료된 별도 상담 건
지난달 스케치북 묶음을 주문했을 때 포장지 한쪽 모서리가 눌린 상태로 도착해 판매처에 상담을 접수했습니다. 판매처는 훼손된 포장 대신 새 상품을 보내 주기로 했고, 교환 발송이 완료된 뒤 해당 상담은 종결되었습니다. 그때 별도로 환급받은 배송비 내역도 주문 기록에서 확인했으며, 회원정보에 저장된 배송지는 현재까지 변경하지 않았습니다.

이번에는 같은 스케치북 묶음을 다시 구매하려고 새 주문을 넣었고, 카드 승인과 결제 완료 알림까지 정상적으로 받았습니다. 주문서에 표시된 수령인 이름과 연락처도 기존 회원정보와 일치하며, 주소 오류로 보이는 안내는 없었습니다. 다만 주문 다음 날부터 사흘이 지난 현재까지 배송조회 화면에는 운송장 번호와 함께 집하 대기라는 상태만 반복해서 나타나고 있습니다.

이전 교환 건에서 판매처가 발송 약속을 지켰다는 사실이나 당시 포장 훼손이 해결되었다는 기록은 이번 주문의 진행 상황과 별개의 참고 이력입니다. 과거 배송비 환급이 완료된 사실도 이번 결제의 취소나 환급을 요청하는 근거가 아닙니다. 현재 확인이 필요한 것은 새 주문이 실제 물류 단계로 넘어갔는지 여부입니다.

주문번호와 결제 시각은 앱 주문 상세 화면에서 확인해 두었고, 배송조회 화면도 같은 시점에 다시 열어 보았습니다. 택배사 조회가 아직 판매처의 출고 등록 전 상태일 가능성은 이해하고 있으나, 판매처와 택배사 중 어느 쪽에서 처리가 멈췄는지는 알 수 없습니다. 수령지나 연락처를 다시 등록하는 조치는 이미 끝난 확인이라 이번 문의의 핵심은 아닙니다.

새 주문이 실제로 출고되었는지와 현재 어느 배송 단계에 있는지 확인해 주시기 바랍니다. 출고 전이라면 예정된 발송일을, 출고되었다면 현재 위치와 다음 이동 계획을 알려 주시고, 이를 바탕으로 수령 가능한 예상 날짜도 함께 안내해 주세요. 이전 파손 상담의 재처리나 배송비 환급이 아니라 이번 주문의 출고 상태와 도착 예정일 확인을 부탁드립니다.
이 상담은 필요한 확인과 처리를 마쳐 종료된 기록입니다.

아래 문의는 이후 별도로 접수한 건입니다.
새로 접수한 문의
스케치북 묶음을 다시 사려고 구매 내역을 열었는데, 로그인 화면에서 계속 인증이 실패합니다. 예전에 배송지 변경을 문의하면서 휴대전화 번호를 바꾼 뒤부터 이런 현상이 생겼고, 당시 배송 자체는 정상적으로 완료되어 그 문제는 끝났습니다. 비밀번호 재설정 메일은 예전 주소로만 발송된다고 나오며, 새 번호로 본인 확인을 시도해도 진행되지 않습니다. 주문 목록을 확인할 수 있도록 계정 접근을 복구하고 등록된 인증 정보를 갱신해 주세요.",account,ctx-i-006,original-synthetic:advanced-context-ko-1.0
c-38633b65db40,"새로 접수한 문의
오카리나를 다시 주문하려고 계정에 접속했는데, 비밀번호를 재설정한 뒤에도 본인 인증 화면이 반복되어 구매 내역으로 넘어가지 않습니다. 예전에 같은 계정으로 오카리나를 주문했을 때 배송 중 파손이 발생해 반품과 환급을 진행했고, 그 건은 판매처의 처리 완료 안내와 카드 명세를 통해 종결된 상태입니다. 오늘 확인하려는 것은 그 환급 건의 재처리가 아니라 새 주문에 사용할 배송지와 결제 내역입니다. 등록된 이메일은 현재도 사용할 수 있지만 인증 메일의 버튼을 누르면 이미 처리된 요청이라는 오류가 나오고, 휴대전화 인증은 시도 횟수 초과로 잠겼습니다. 본인 확인 절차를 다시 진행할 수 있도록 인증 제한을 해제하고 로그인 권한을 복구해 주세요. 계정에 들어간 뒤에는 저장된 주소를 직접 점검하겠습니다. 배송 중인 오카리나의 위치나 환불 금액을 확인해 달라는 뜻으로 접수하지 않으셔도 됩니다.

아래에는 상담 시 참고할 수 있도록 종료된 별도 건의 기록을 덧붙였습니다.
종료된 별도 상담 건
지난달 주문한 오카리나는 운송 중 외부 상자가 눌린 상태로 도착해 개봉 사진을 판매처에 보냈고, 상담 결과 반품 후 새 상품을 보내기로 했습니다. 파손된 첫 상품은 회수되었으며 해당 주문의 결제 취소와 카드 환급도 이미 완료되었다는 안내를 받았습니다. 이후 판매처가 재발송한 오카리나의 운송장 번호를 상담 채팅에서 확인했지만, 출고 처리 뒤 닷새 동안 집하 지점 외에는 새로운 이동 기록이 나타나지 않았습니다. 이번 문의의 목적은 재발송 상품이 현재 판매처에 남아 있는지, 택배사로 넘어갔는지, 배송 지연이나 분실 조사 접수가 필요한지 확인하는 것입니다. 다음 주 예정된 연습에 사용해야 하므로 실제 물류 단계와 예상 수령일을 알려 주시고, 아직 출고 전이라면 판매처의 출고 예정일도 함께 확인해 주세요. 주문 당시 입력한 주소와 연락처는 그대로이며 배송지 변경은 요청하지 않습니다. 과거 파손품의 반품이나 이미 끝난 환급을 다시 처리해 달라는 뜻도 아니고, 새 상품의 위치와 도착 전망만 확인해 주시면 됩니다. 이전 상담에서 안내받은 운송장 정보는 참고 자료로 첨부했으니 현재 조회 결과와 대조해 주세요.
이 상담은 필요한 확인과 처리를 마쳐 종료된 기록입니다.",account,ctx-i-050,original-synthetic:advanced-context-ko-1.0
c-5318ec3bad1c,"종료된 별도 상담 건
목공 클램프 네 개를 주문하면서 작업실이 아닌 경비실 수령으로 지정했습니다. 결제 승인과 영수증 발급은 정상 처리되었고, 이전에 등록했던 배송지는 지난달 상담에서 삭제해 현재 주문서에는 새 주소만 남아 있습니다. 그런데 운송장 조회에는 어제부터 지역 터미널 도착으로 표시되는데 경비실에는 물건이 들어오지 않았다고 합니다. 기사님이 오늘 방문할 예정인지, 경비실 전달이 어려우면 작업실 앞 수령으로 변경할 수 있는지 확인해 주세요. 상품의 품질이나 결제 취소를 문의하는 것은 아니고, 이번 주문이 어디에 있으며 어떻게 받을 수 있는지 조율하려는 것입니다.
이 상담은 필요한 확인과 처리를 마쳐 종료된 기록입니다.

아래 문의는 이후 별도로 접수한 건입니다.
새로 접수한 문의
목공 클램프 구매 내역을 내려받으려고 로그인했는데 비밀번호가 맞지 않는다는 안내가 반복됩니다. 가입할 때 사용한 휴대전화 번호는 최근 변경되어 예전 번호로 인증 문자가 전송되는 상태이고, 이메일 주소도 오래전에 폐기한 계정으로 등록되어 있습니다. 결제나 배송은 이미 완료된 주문이라 급히 취소할 사안은 아니며, 주문 내역을 확인할 수 있도록 본인 확인 절차를 새 번호 기준으로 진행하고 싶습니다. 등록된 연락처를 바꾸고 로그인 권한을 되찾는 방법을 안내해 주세요.",account,ctx-i-027,original-synthetic:advanced-context-ko-1.0
c-e3dd8275da30,"종료된 별도 상담 건
전시용 액자를 받아 보니 모서리 유리가 깨져 있어 설치를 진행할 수 없습니다. 포장과 파손 상태를 촬영해 두었으니 반품 회수 접수 후 결제 금액을 환급해 주세요.
이 상담은 필요한 확인과 처리를 마쳐 종료된 기록입니다.

아래 문의는 이후 별도로 접수한 건입니다.
새로 접수한 문의
전시용 액자는 오늘 오전 출고 처리되었다고 확인했습니다. 설치 일정이 내일 오후라 현재 배송 위치와 도착 예정 시간을 먼저 알려 주시면 현장에서 수령인을 조정하겠습니다.",shipping,ctx-i-053,original-synthetic:advanced-context-ko-1.0
c-79a8cb40972c,"종료된 별도 상담 건
차량용 햇빛 가리개를 주문하면서 배송지는 자택이 아니라 회사 주차장으로 지정했습니다. 주문 결제는 정상 승인되었고 주문번호와 상품 옵션도 구매 내역에서 확인했으며, 과거 같은 상품의 반품비 환급 문의는 상담원이 처리 완료로 안내한 뒤 종료되었습니다. 회원정보에 등록된 연락처와 배송지 표기도 현재 주문 당시 입력한 내용과 일치합니다.

어제 발송 알림을 받았지만 운송장 조회 화면에는 상품이 아직 간선 이동 중이라고 표시됩니다. 판매처에 발송 여부를 확인한 기록은 남아 있고, 출고 자체가 누락된 것은 아니라는 답변도 받았습니다. 다만 조회 정보가 하루 이상 갱신되지 않아 실제로 어느 지역 물류센터에 있는지는 확인하지 못했습니다.

회사 주차장은 저녁 늦게 출입이 제한되고 경비실 수령 여부도 건물 규정에 따라 달라집니다. 이전 상담에서 반품비 환급 건을 다시 처리해 달라는 내용은 아니었으며, 배송지 변경을 이미 완료했다는 기록도 이번 문의의 해결을 뜻하지 않습니다. 이번에는 현재 주문의 이동 상태를 정확히 파악하는 일이 필요합니다.

오늘 저녁 차량을 찾아가야 하므로 도착 예정 시간이 그대로인지, 지연되었다면 새 예상 배달일이 언제인지 확인해 주십시오. 운송장에 표시된 간선 이동 단계가 실제 배달 전 어느 절차를 의미하는지도 함께 설명해 주시면 좋겠습니다. 늦은 시간 도착할 경우 경비실 위탁이 가능한지는 배송 상태를 확인한 뒤 별도로 판단하겠습니다.

따라서 이번 본문에서 요청하는 행동은 해당 주문의 최신 물류 위치와 예상 배달 일정을 확인해 알려 주시는 것입니다. 과거 환급 처리, 결제 승인, 회원정보 확인은 참고 이력이며 다시 요청하는 업무가 아닙니다. 주문 취소나 환급 재신청이 아니라 현재 배송 진행 상황을 확인해 주시기 바랍니다.
이 상담은 필요한 확인과 처리를 마쳐 종료된 기록입니다.

아래 문의는 이후 별도로 접수한 건입니다.
새로 접수한 문의
차량용 햇빛 가리개 주문을 확인하려고 계정에 접속했는데, 보안 설정을 바꾼 뒤 로그아웃되어 다시 들어가지 못하고 있습니다. 예전에 배송지 주소를 수정한 기록은 있으나 현재 주소 문제나 주문 취소를 요청하는 것은 아닙니다. 등록된 이메일로 재설정 안내를 받으려 했지만 메일이 도착하지 않고, 다른 기기에서도 같은 로그인 화면으로 돌아갑니다. 본인 소유 계정임을 확인할 수 있으니 로그인 복구 절차와 인증 정보 갱신 방법을 알려 주세요. 주문 내역을 확인할 수 있게 접근 권한을 되찾는 것이 우선입니다.",account,ctx-i-024,original-synthetic:advanced-context-ko-1.0
c-623b19dcda30,"종료된 별도 상담 건
배낭 방수 커버를 주문할 때 안내받은 도착 예정일은 지난달 금요일이었으나 실제 상품은 나흘 뒤에 도착했습니다. 판매처는 물류센터 적체로 출고가 늦어졌다고 설명했고, 배송 완료 기록과 수령 사실은 확인된 상태입니다. 산행 일정이 이미 지나 상품을 사용할 필요가 없어 포장만 개봉해 크기만 확인한 뒤 다시 보관하고 있습니다. 과거에 다른 주문의 배송지 오기재를 수정한 일과 계정 로그인 문제는 각각 처리 완료되었으므로 이번 문의의 미해결 사항이 아니며, 결제 승인도 정상적으로 끝난 참고 이력입니다. 이번에는 배송 위치를 다시 조회하거나 회원정보를 바꾸려는 것이 아니라, 도착이 늦어 필요 없어진 커버를 반품하고 결제 금액을 돌려받고자 합니다. 반품 가능 조건에 해당하는지 확인한 뒤 회수 신청 경로와 판매처에 상품이 도착한 후 환급되는 시점을 안내해 주세요.
이 상담은 필요한 확인과 처리를 마쳐 종료된 기록입니다.

아래 문의는 이후 별도로 접수한 건입니다.
새로 접수한 문의
배낭 방수 커버의 구매확정과 결제 내역을 확인하려고 로그인했는데 계정이 잠겼습니다. 이전에 배송지 오기재를 수정하면서 회원정보의 주소는 바로잡았고, 그 주문은 정상 배송되어 이미 종료되었습니다. 최근 휴대전화 인증 방식을 바꾼 뒤 비밀번호 재설정 문자도 오지 않아 본인 확인을 진행할 수 없습니다. 현재 보유한 주문 기록과 결제 내역을 확인할 수 있도록 잠긴 계정을 해제하고 인증 연락처를 갱신해 주세요. 배송이나 환급 상태는 별도로 확인할 필요가 없습니다.",account,ctx-i-010,original-synthetic:advanced-context-ko-1.0
c-3747777d4e56,향초 받침 주문 내역을 확인하려는데 로그인 비밀번호가 기억나지 않습니다. 가입할 때 사용한 이메일로 재설정할 수 있도록 인증 절차를 안내해 주세요.,account,ctx-i-015,original-synthetic:advanced-context-ko-1.0
c-d8f42ec5bb48,"도서 운반 카트가 행사에 맞지 않아 주문을 철회하려고 합니다. 포장을 열지는 않았고 결제 승인만 된 상태인데, 반품 접수와 환급이 진행되는 순서를 알려 주세요.",refund,ctx-i-041,original-synthetic:advanced-context-ko-1.0
c-bda4c7adf93e,"종료된 별도 상담 건
재봉 도구 세트는 작업용으로 주문했으며 처음 결제할 때 상품 금액과 배송비가 함께 승인되었습니다. 주문 후 판매처는 부품 일부가 입고되지 않아 출고가 늦어진다고 두 차례 안내했고, 마지막 상담에서는 입고 예정일을 확인해 보겠다고 했습니다. 배송 지연 사유와 상담 날짜는 필요할 경우 확인할 수 있도록 보관해 두었습니다.
배송비가 별도로 중복 표시된 문제도 있었지만 상담원이 결제 내역과 주문서를 대조한 뒤 중복분을 취소했습니다. 그 취소 금액은 카드 명세에 반영되었고, 해당 처리에 대해서는 추가 설명을 요구하지 않습니다. 상자를 받은 뒤 구성품이 빠졌는지 확인하는 단계도 아직 진행하지 않았으므로, 이번 문의의 기준은 배송 완료 후 하자나 누락이 아닙니다.
처음에는 며칠 더 기다리면 출고될 것으로 생각했으나 예정된 작업일이 지나 주문을 유지할 실익이 없어졌습니다. 현재 주문 화면에는 여전히 배송 준비 중으로 표시되고 운송장 번호도 없습니다. 판매처가 일부 품목만 먼저 보내는 경우에도 전체 주문을 계속 유지할 수 있는지 고민했지만, 이번에는 주문 자체를 더 기다리지 않기로 했습니다.
결제에 사용한 카드는 주문 당시와 동일하며, 회원 계정의 연락처와 주소도 변경되지 않았습니다. 이미 취소된 배송비 조정분까지 다시 환급해 달라는 뜻은 아니고, 아직 반환되지 않은 상품 결제 금액의 처리 방법을 알고 싶습니다. 반품할 실물은 수령하지 못했으므로 일반적인 수령 후 반품과 다른 절차가 필요한지도 확인해 주시기 바랍니다.
이번 주문을 취소하고 아직 환급되지 않은 결제 금액을 어떤 방식으로 반환받을 수 있는지 안내해 주세요. 판매처에서 취소 접수를 먼저 해야 하는지, 카드 승인 취소로 처리되는지와 환급 완료까지 예상되는 기간을 함께 알려 주시면 됩니다. 배송 지연 사유나 이미 끝난 배송비 조정을 다시 검토해 달라는 요청이 아니라, 현재 주문 취소와 결제 금액 환급 절차를 진행해 달라는 요청입니다.
이 상담은 필요한 확인과 처리를 마쳐 종료된 기록입니다.

아래 문의는 이후 별도로 접수한 건입니다.
새로 접수한 문의
지난주에 주문한 재봉 도구 세트는 처음 안내받은 도착 예정일이 지나도 배송 준비 중으로 표시됐습니다. 이전 상담에서는 바늘 케이스의 재고 확인 때문에 출고가 늦어질 수 있다는 설명을 들었고, 배송비 조정도 이미 처리된 것으로 확인했습니다. 상담 내용을 저장해 두었으니 그 부분은 다시 검토하지 않으셔도 됩니다.
오늘 주문 조회를 해 보니 상태가 여전히 배송 준비 중이고 운송장 번호도 나타나지 않습니다. 세트 전체가 언제 출고되는지, 분리 배송이라면 각 물품의 이동 상황과 받을 수 있는 날짜를 알려 주세요.",shipping,ctx-i-036,original-synthetic:advanced-context-ko-1.0
c-cc02bb8d7e64,카메라 스트랩을 주문했지만 색상이 생각과 달라 반품하려고 합니다. 포장만 개봉한 상태인데 회수 신청과 결제 금액 환급 절차를 안내해 주세요.,refund,ctx-i-051,original-synthetic:advanced-context-ko-1.0
c-d700d8d41fec,"종료된 별도 상담 건
목공 클램프 구매 내역을 내려받으려고 로그인했는데 비밀번호가 맞지 않는다는 안내가 반복됩니다. 가입할 때 사용한 휴대전화 번호는 최근 변경되어 예전 번호로 인증 문자가 전송되는 상태이고, 이메일 주소도 오래전에 폐기한 계정으로 등록되어 있습니다. 결제나 배송은 이미 완료된 주문이라 급히 취소할 사안은 아니며, 주문 내역을 확인할 수 있도록 본인 확인 절차를 새 번호 기준으로 진행하고 싶습니다. 등록된 연락처를 바꾸고 로그인 권한을 되찾는 방법을 안내해 주세요.
이 상담은 필요한 확인과 처리를 마쳐 종료된 기록입니다.

아래 문의는 이후 별도로 접수한 건입니다.
새로 접수한 문의
목공 클램프를 주문한 뒤 카드 승인 문자가 오지 않아 결제가 실패한 줄 알고 다시 결제했습니다. 나중에 첫 승인도 정상 처리된 사실을 확인해 같은 상품이 두 세트로 잡혔고, 한 세트는 아직 발송 전이라는 안내를 받았습니다. 이미 필요한 수량은 확보했으므로 중복 주문 한 건을 취소하고 해당 결제액을 환급받고 싶습니다. 발송된 주문의 배송 일정은 그대로 유지해도 되며, 취소할 주문 번호를 확인하는 방법과 환급까지 걸리는 기간을 알려 주세요.",refund,ctx-i-027,original-synthetic:advanced-context-ko-1.0
c-9d8b20a5039b,필라테스 링 주문 내역을 보려는데 로그인 비밀번호를 여러 번 틀린 뒤 계정이 잠겼습니다. 등록된 이메일 인증은 완료했으니 추가 본인 확인 후 잠금을 풀어 주세요.,account,ctx-i-055,original-synthetic:advanced-context-ko-1.0
c-fd2c1679e4f6,"종료된 별도 상담 건
사진 앨범을 주문하면서 제작 완료 후 집으로 보내 달라고 요청했고, 결제도 정상 승인되었습니다. 제작 완료 알림은 받았지만 배송 조회 화면에는 운송장만 생성된 채 사흘째 이동 기록이 없습니다. 가족 행사가 다가와 수령 날짜를 조정해야 하니 현재 출고가 끝났는지와 기사 전달 예정일을 확인해 주세요.
이 상담은 필요한 확인과 처리를 마쳐 종료된 기록입니다.

아래 문의는 이후 별도로 접수한 건입니다.
새로 접수한 문의
사진 앨범 주문 내역을 확인하려고 로그인했는데 새 기기에서 추가 인증을 요구받았습니다. 등록된 이메일은 오래전에 사용을 중단해 인증번호를 받을 수 없고, 결제 영수증도 열람하지 못하고 있습니다. 본인 명의 확인에 필요한 절차를 안내하고 등록 이메일을 현재 사용하는 주소로 변경해 주세요.",account,ctx-i-017,original-synthetic:advanced-context-ko-1.0
c-48915c4fb94b,벽걸이 선반을 조립해 보니 고정 부품 하나가 빠져 반품하려고 합니다. 회수 접수와 결제 금액 환급이 언제 처리되는지 알려 주세요.,refund,ctx-i-021,original-synthetic:advanced-context-ko-1.0
c-5919efe8f16b,야외용 랜턴을 주문했는데 오늘 오전부터 배송 완료로 표시됩니다. 현관과 경비실을 확인해도 물건이 없어 배송 기사에게 전달 위치를 확인해 주세요.,shipping,ctx-i-031,original-synthetic:advanced-context-ko-1.0
c-59eed2e8c859,"종료된 별도 상담 건
정원용 호스 주문 내역을 확인하려고 회원 계정에 접속했는데, 휴대전화 번호를 변경한 뒤 본인 확인 단계에서 계속 실패하고 있습니다. 예전 번호는 해지되어 인증 문자를 받을 수 없고, 비밀번호 재설정 메일도 현재 사용하지 않는 주소로 발송되는 상태입니다. 주문 당시 사용한 카드 결제와 배송 완료 사실은 이미 확인했으며 상품을 다시 보내 달라는 문제는 아닙니다.

과거 상담에서는 주문의 배송 예정일과 운송장 등록 여부를 문의했고, 해당 주문은 정상적으로 수령한 것으로 처리되었습니다. 그 상담 기록과 결제 승인 내역은 계정에 남아 있을 가능성이 있어 확인이 필요하지만, 배송 상태를 다시 조회하거나 결제 취소를 요구하는 상황은 아닙니다. 현재 접속 오류 때문에 기존 주문 자료와 회원정보를 직접 열람하지 못하고 있습니다.

회원정보에는 이전 전화번호와 오래된 이메일 주소가 등록된 것으로 보입니다. 새 휴대전화 번호와 현재 사용하는 이메일 주소를 제출할 수 있으며, 필요하다면 신분증 일부를 가린 본인 확인 자료나 결제자 확인 절차에도 응할 수 있습니다. 다만 보안상 비밀번호를 상담원에게 전달하거나 다른 사람의 계정으로 주문을 확인해 달라는 요청은 하지 않습니다.

참고용으로 보관한 과거 배송 상담 기록, 주문번호 메모, 카드 승인 화면은 본인과 주문의 관계를 확인하는 데 사용할 수 있습니다. 이 자료는 배송 지연이나 상품 상태를 새로 처리해 달라는 의미가 아니라, 계정 복구 과정에서 기존 회원정보와 주문 기록을 대조하기 위한 것입니다. 이전에 안내받은 배송 예정일은 이미 지난 일정이므로 이번 문의의 처리 대상이 아닙니다.

이번에는 등록된 연락처와 이메일을 본인 확인 절차에 따라 갱신하고, 비밀번호 재설정 또는 다른 안전한 방법으로 계정에 다시 접근할 수 있도록 안내해 주세요. 필요한 인증 단계와 제출 자료, 처리 예상 시간을 알려 주시면 즉시 준비하겠습니다. 주문 재배송, 결제 취소, 배송 조회가 아니라 회원정보 갱신과 계정 접근 복구만 요청드립니다.
이 상담은 필요한 확인과 처리를 마쳐 종료된 기록입니다.

아래 문의는 이후 별도로 접수한 건입니다.
새로 접수한 문의
정원용 호스는 지난달 배송이 사흘 늦어져 사용 예정일을 놓쳤고, 그때 상담에서는 일단 수령한 뒤 상태를 확인하기로 했습니다. 물건은 사용하지 않은 채 포장 그대로 보관 중이며, 당시 배송 지연에 대한 기록과 결제 승인 내역도 남아 있습니다. 오늘 상자를 열어 보니 연결 부품 하나가 빠져 있어 더 보관하기 어렵습니다. 반품을 접수하고 결제 금액을 환급받을 수 있는지, 회수 방법과 환급 시점을 안내해 주세요. 배송 지연 사유를 다시 설명해 달라는 뜻은 아니며, 이미 받은 주문을 어떤 절차로 돌려보내야 하는지가 궁금합니다.",refund,ctx-i-042,original-synthetic:advanced-context-ko-1.0
c-9e0b4c866848,"종료된 별도 상담 건
안경 케이스를 주문한 뒤 받아 보니 내부 고정 밴드가 한쪽에서 떨어져 안경을 넣어도 흔들립니다. 판매처 안내에 따라 사진을 보내고 반품 접수를 했으며, 회수 기사가 가져간 뒤 배송 조회에는 판매처 도착으로 표시됩니다. 처음에는 교환도 생각했지만 같은 모델이 필요한 상황이 아니어서 주문을 취소하고 결제 금액을 돌려받고 싶습니다. 반품 승인 여부와 환급이 카드 명세에 반영되는 시점을 알려 주세요.
이 상담은 필요한 확인과 처리를 마쳐 종료된 기록입니다.

아래 문의는 이후 별도로 접수한 건입니다.
새로 접수한 문의
안경 케이스를 주문하면서 회사가 아닌 집으로 배송지를 지정했고, 결제 완료 알림도 받았습니다. 그런데 출고 뒤 조회 화면에는 이동 중이라는 표시만 있고 어제부터 같은 지역 물류센터에서 변동이 없습니다. 지난번에는 배송 기사와 연락이 닿지 않아 수령 장소를 바꾼 적이 있지만 이번 주문에는 그런 변경을 신청하지 않았습니다. 현재 안경 케이스가 실제로 어느 단계에 있는지와 오늘 받을 수 있는지 확인해 주세요.",shipping,ctx-i-047,original-synthetic:advanced-context-ko-1.0
c-6a04616c5d9d,"종료된 별도 상담 건
지난달 수채화 물감 주문에서 카드 승인 금액이 예상보다 크게 보인다는 문의를 접수했습니다. 상담 과정에서 묶음 할인은 최종 결제 단계에서 반영되고 처음 표시된 금액은 임시 승인이라는 사실을 확인했으며, 이후 카드 명세서에는 할인된 금액만 정상 청구되었습니다. 이 결제 확인 결과와 주문서 사본은 현재 배송 상황을 살피기 위한 참고 자료로 남아 있습니다.

결제 정정이 끝난 뒤 상품은 출고되었고 운송장 조회 화면에는 지역 배송점에 도착했다는 기록이 표시되었습니다. 상담원은 통상 당일 배달될 수 있다고 안내했지만, 배송점 도착 시각이나 기사 배정 여부까지 확정한 것은 아니었습니다. 주문 당시 입력한 주소와 공동현관 출입 메모는 상담 기록과 대조해 모두 일치하는 것으로 확인했습니다.

오늘 오후까지 배송 완료 알림이 오지 않아 배송점에 전화했으나 상담원도 아직 배달 기사에게 물품이 인계되었는지는 확인하지 못했습니다. 관리실에 맡겨 달라는 요청은 주문 메모에 등록되어 있지만, 관리실에 실제로 상품이 도착했다는 기록은 없습니다. 따라서 수령 실패나 주소 오류로 이미 반송된 상황으로 단정할 근거도 아직 없습니다.

이전 상담에서 결제 금액과 배송지 정보는 확인했으므로 같은 내용을 다시 수정하거나 주문을 취소할 필요는 없습니다. 카드 승인 취소나 할인 재적용을 요청하는 것도 아니며, 참고로 첨부한 결제 내역은 배송 문의의 배경을 설명하기 위한 자료입니다. 현재 확인이 필요한 범위는 지역 배송점 이후의 이동과 배달 일정입니다.

지역 배송점에서 물감이 아직 출발하지 않은 것인지, 기사에게 인계되었다면 오늘 배달이 가능한지 확인해 주시기 바랍니다. 오늘 수령이 어렵다면 다음 배송 예정일과 지연 사유를 함께 안내해 주세요. 확인 결과를 운송장 상태와 실제 배달 계획에 맞춰 알려 주시면 됩니다.
이 상담은 필요한 확인과 처리를 마쳐 종료된 기록입니다.

아래 문의는 이후 별도로 접수한 건입니다.
새로 접수한 문의
수채화 물감의 예전 주문에서 선택한 색상 구성을 확인하려고 회원 계정에 들어가려 했습니다. 지난해에는 배송지가 잘못 등록되어 주문을 취소한 일이 있었지만 환급은 완료되었고, 그 주소도 상담을 통해 삭제했습니다. 최근 휴대전화를 바꾸면서 로그인 인증 수단이 이전 번호로 남아 있다는 사실을 알게 되었고, 비밀번호를 입력해도 추가 인증 단계에서 진행이 멈춥니다. 이메일 인증을 선택하면 사용하지 않는 주소로 안내가 전송되어 본인 확인을 완료할 수 없습니다. 새 휴대전화 번호를 기준으로 본인 인증 수단을 변경하고 로그인 권한을 복구해 주세요. 현재 배송 중인 상품의 위치나 결제 취소를 묻는 것이 아니라, 과거 구매 내역을 확인할 수 있도록 회원정보와 접근 상태를 바로잡아 달라는 요청입니다. 상담 시 본인 확인에 필요한 주문 정보는 제공할 수 있으며, 계정에 등록된 이름 표기도 그대로 유지하면 됩니다.",account,ctx-i-030,original-synthetic:advanced-context-ko-1.0
c-ee6094cdb079,벽걸이 선반 구매 내역을 확인하려고 로그인했는데 비밀번호 오류가 계속 납니다. 본인 인증 후 계정 접근을 다시 열 수 있도록 안내해 주세요.,account,ctx-i-021,original-synthetic:advanced-context-ko-1.0
c-d93b34159f41,"종료된 별도 상담 건
사진 앨범을 받아 보니 주문 화면에서 선택한 표지 색상과 다른 색으로 제작되어 있었습니다. 상담센터에 사진을 보내 검수 요청을 했고, 재제작을 기다리는 대신 이번 주문을 철회하기로 결정했습니다. 반품 접수 방법과 이미 결제한 제작비를 돌려받는 절차를 알려 주세요.
이 상담은 필요한 확인과 처리를 마쳐 종료된 기록입니다.

아래 문의는 이후 별도로 접수한 건입니다.
새로 접수한 문의
사진 앨범을 주문하면서 제작 완료 후 집으로 보내 달라고 요청했고, 결제도 정상 승인되었습니다. 제작 완료 알림은 받았지만 배송 조회 화면에는 운송장만 생성된 채 사흘째 이동 기록이 없습니다. 가족 행사가 다가와 수령 날짜를 조정해야 하니 현재 출고가 끝났는지와 기사 전달 예정일을 확인해 주세요.",shipping,ctx-i-017,original-synthetic:advanced-context-ko-1.0
c-40bf13aee77e,"새로 접수한 문의
보드게임은 지난 상담에서 배송이 늦어도 행사 뒤에는 사용할 수 있어 기다리기로 했습니다. 그러나 행사 일정이 끝난 뒤에 도착했고, 상자는 개봉하지 않은 상태로 보관 중입니다. 배송 완료 기록과 당시 상담 내용은 제가 저장해 두었으며 결제도 정상 처리된 것으로 보입니다. 이제 상품을 보유할 이유가 없어 주문을 취소하고 반품하려 합니다. 회수 접수에 필요한 사진이나 포장 조건, 환급이 결제 수단으로 돌아오는 시점을 알려 주세요. 배송 지연 원인을 다시 확인하려는 것이 아니라 이미 수령한 보드게임의 반품 절차를 진행하고 싶습니다.

아래에는 상담 시 참고할 수 있도록 종료된 별도 건의 기록을 덧붙였습니다.
종료된 별도 상담 건
보드게임 주문을 추가로 비교하려고 회원 페이지에 접속하던 중 등록 이메일을 최근에 변경한 사실을 확인했습니다. 이메일 변경 뒤 기존 로그인 세션이 종료되었고, 평소 사용하던 비밀번호를 입력해도 인증에 실패하여 주문 내역과 회원 설정 화면에 들어갈 수 없습니다. 비밀번호 재설정 링크는 변경 전 이메일로만 발송되는 상태라 현재 주소에서는 계정 접근을 회복할 방법이 없습니다.

이전에 같은 주문과 관련해 배송 지연 보상 가능 여부를 문의한 적이 있지만, 판매자의 답변을 받은 뒤 해당 상담은 종료했습니다. 그때 확인된 배송 완료 기록과 보상 불가 안내는 이번 요청의 배경을 설명하기 위한 참고 자료일 뿐이며, 상품 배송이나 보상 금액을 다시 검토해 달라는 뜻은 아닙니다. 결제도 정상적으로 처리된 것으로 알고 있어 환불이나 주문 취소를 요청하는 상황도 아닙니다.

현재 필요한 조치는 본인 확인을 거쳐 회원 계정에 등록된 연락처를 새 이메일로 정정하고, 비밀번호 재설정 또는 다른 인증 방법을 통해 로그인 권한을 복구하는 것입니다. 계정에 저장된 주문 내역과 적립금 정보가 본인 소유임을 확인할 수 있도록 주문번호, 결제일, 수령 주소 일부 등을 제출할 수 있습니다. 다만 전체 카드번호나 비밀번호를 전달해야 하는 방식이라면 안전한 대체 확인 절차를 안내해 주시기 바랍니다.

고객센터에서 기존 이메일로 인증 메일을 보내는 절차만 제공한다면 현재 문제를 해결할 수 없으므로, 이메일 접근이 불가능한 회원을 위한 본인 확인 양식이나 상담원 검토 경로가 있는지 알려 주세요. 휴대전화 번호는 변경하지 않았고 문자 인증이 가능하지만, 로그인 전에는 회원정보 화면에서 번호를 확인할 수 없는 상태입니다. 새 이메일 주소를 바로 공개 답변에 적기보다 보안이 유지되는 제출 창구를 안내받은 뒤 입력하겠습니다.

과거 배송 보상 상담의 접수번호와 주문 결제 내역은 본인 확인을 돕기 위해 제출할 수 있으나, 그 상담을 다시 열거나 상품 상태를 조사해 달라는 요청은 아닙니다. 계정에 접근한 뒤에는 보안상 기존 세션을 모두 종료하고 새 비밀번호를 설정하고 싶습니다. 이번 문의의 목적은 회원정보 변경에 따른 로그인 장애를 확인하고 본인 인증 후 계정 접근 권한을 복구하는 것입니다.
이 상담은 필요한 확인과 처리를 마쳐 종료된 기록입니다.",refund,ctx-i-044,original-synthetic:advanced-context-ko-1.0
c-61c16246e6b7,"종료된 별도 상담 건
자전거 펌프를 주문했을 때 판매처의 발송이 예정일보다 늦어 여행 일정에 맞추지 못한 일이 있었습니다. 그때 상담을 통해 지연 사유를 확인했고 판매처가 약속한 배송비 일부 조정도 카드 결제 내역에 이미 반영되었습니다. 배송 지연에 대한 보상이나 추가 운송비를 다시 청구하려는 문의는 아닙니다.

상품은 어제 택배로 도착했으며 주문 상태도 배송 완료로 바뀌었습니다. 결제 금액은 정상 승인되었고 배송지와 수령자 정보도 주문서와 일치했습니다. 회원 계정의 주문 내역, 카드 승인 문자, 배송 완료 화면을 확인해 두었으므로 구매 사실이나 수령 여부를 다시 확인하는 절차는 필요하지 않습니다.

다만 포장을 개봉하는 과정에서 펌프 손잡이 부분이 깨져 있는 것을 발견했습니다. 작동 여부를 시험하지 않았고, 파손 부위와 외부 상자의 상태가 보이도록 사진을 촬영해 보관하고 있습니다. 제품은 구성품을 임의로 버리지 않은 채 받은 상태에 가깝게 보관 중이며 수리나 교환으로 사용할 생각은 없습니다.

이전 상담에서 처리된 배송비 조정과 발송 지연 확인은 이번 건의 참고 이력입니다. 이번 요청은 배송이 늦었다는 이유로 별도 보상을 다시 요구하는 것이 아니며, 정상 사용이 불가능한 파손 상품을 판매처에 반환한 뒤 결제 금액을 돌려받기 위한 것입니다. 사진과 주문 정보는 반품 심사에 필요한 자료로 제출할 수 있습니다.

이번에는 파손 상품의 회수 접수 방법과 포장 또는 택배 발송 시 유의사항을 안내해 주시기 바랍니다. 반품이 승인될 경우 결제 취소가 언제 이루어지고 환급액이 어느 범위로 계산되는지도 알려 주세요. 회수 완료 후 카드사 반영까지 예상되는 처리 단계와 시점을 함께 안내해 주시면 감사하겠습니다.
이 상담은 필요한 확인과 처리를 마쳐 종료된 기록입니다.

아래 문의는 이후 별도로 접수한 건입니다.
새로 접수한 문의
예전에 자전거 펌프를 결제한 뒤 주문 내역이 보이지 않아 상담했고, 당시에는 일시적인 화면 오류라는 답변을 받아 문제를 마무리했습니다. 오늘 다른 펌프의 영수증을 내려받으려고 다시 로그인했는데 등록된 휴대전화로 인증번호가 오지 않습니다. 번호를 바꾼 적은 없고 여러 번 재전송해도 같은 상태라 결제나 배송 정보를 확인할 수 없습니다. 본인 확인에 필요한 절차와 인증 수단을 복구하는 방법을 알려 주세요. 기존 주문을 취소하거나 환급하려는 요청은 아닙니다.",account,ctx-i-022,original-synthetic:advanced-context-ko-1.0
c-a4c2a0d4e20f,"새로 접수한 문의
지난달 냉장고 정리함을 주문했을 때 등록된 주소가 예전 집으로 표시되어 상담을 남겼고, 상담원은 출고 전 수정 가능 여부를 확인해 보겠다고 했습니다. 이후 주문서에는 새 주소가 반영된 것으로 보였지만, 택배사 인계 뒤에는 배송지가 다시 예전 주소로 나타나 문의를 한 번 더 넣었습니다. 당시 상담 기록에는 판매처에서 배송지 변경을 처리했다는 답변과 함께 운송장 번호가 남아 있고, 결제 승인도 정상적으로 끝난 상태입니다. 오늘 배송 조회를 해 보니 물품이 지역 터미널에 도착했으나 배달 기사에게 전달되기 전 단계에서 멈춰 있습니다. 새 주소로 배달되는 것이 맞는지, 주소 오류가 있다면 어느 쪽에서 수정해야 하는지 확인해 주세요. 주말에 냉장고를 정리할 예정이라 수령 가능일도 함께 알려 주시면 좋겠습니다.

아래에는 상담 시 참고할 수 있도록 종료된 별도 건의 기록을 덧붙였습니다.
종료된 별도 상담 건
냉장고 정리함을 받은 뒤 냉장고 내부 폭을 다시 측정한 결과 선반과 맞지 않아 사용할 수 없다는 사실을 확인했습니다. 상품은 포장만 열어 치수를 대조했을 뿐 조립하거나 사용하지 않았고, 구성품과 완충재도 모두 보관하고 있습니다. 배송 당시 별도 배송비가 결제되었으며 주문번호와 결제 승인 내역은 계정에서 확인할 수 있습니다. 이전 상담에서는 미사용 및 재포장 상태라면 반품 접수를 검토할 수 있고, 회수 방식은 판매처의 안내를 따라야 한다는 설명을 받았습니다. 계정 로그인 오류는 지난주 본인 인증을 마쳐 해결되었으므로 현재 문의의 원인은 접속 문제가 아닙니다. 이번에는 상품을 반품하기 위해 회수 신청을 어떻게 등록하는지와 반품 배송비를 누가 부담하는지 알려 주십시오. 상품 대금이 환급되는 시점과 별도로 결제한 배송비의 처리 기준도 함께 확인해 주시면 좋겠습니다. 교환이나 추가 배송을 요청하는 것이 아니며, 치수 불일치로 인해 반품 후 결제 금액을 돌려받는 절차를 진행하려는 것입니다. 과거 상담의 포장 조건과 결제 기록은 자격 확인을 위한 참고 자료이고, 아직 회수 접수나 환급이 완료된 상태는 아닙니다.
이 상담은 필요한 확인과 처리를 마쳐 종료된 기록입니다.",shipping,ctx-i-002,original-synthetic:advanced-context-ko-1.0
c-4f6f632f51e4,"새로 접수한 문의
탁상 시계가 도착한 뒤 초침이 멈추는 현상이 반복되어 배터리를 바꿔도 정상 작동하지 않았습니다. 배송 중 상자가 눌린 흔적은 있었지만 수령 당시 바로 사진을 남겼고, 이전에 문의했던 배송지 변경은 이미 반영되어 끝난 상태입니다. 판매처에서 안내한 점검 방법을 따라도 같은 증상이 계속되어 제품을 돌려보내려 합니다. 반품 회수 신청과 결제 금액 환급이 언제 처리되는지 확인해 주세요.

아래에는 상담 시 참고할 수 있도록 종료된 별도 건의 기록을 덧붙였습니다.
종료된 별도 상담 건
이번 요청은 탁상 시계 주문의 구매확정 상태를 확인하기 위해 계정에 다시 로그인할 수 있도록 잠금과 인증 문제를 해결해 달라는 것입니다. 주문 상품은 이미 배송 완료되었고 수령 사실도 확인했으므로 배송 상태를 변경하거나 구매확정을 대신 처리해 달라는 뜻은 아닙니다. 로그인 복구가 끝나면 고객이 직접 구매 내역과 구매확정 여부를 확인하려고 합니다.

현재 비밀번호를 입력하면 정보가 일치하지 않는다는 안내가 반복되고, 여러 차례 시도한 뒤에는 보안을 위해 계정이 잠겼다는 메시지가 표시됩니다. 비밀번호 재설정 메뉴로 이동해 등록된 연락처로 인증번호를 받는 단계까지는 진행되지만, 인증번호를 입력하면 화면이 처음 단계로 돌아갑니다. 다른 브라우저와 휴대전화에서도 같은 현상이 나타나 접속 환경만의 문제로 보이지 않습니다.

회원정보에는 몇 달 전 변경한 휴대전화 번호가 저장되어 있고, 주문 관련 문자와 배송 완료 알림은 현재도 정상적으로 수신됩니다. 따라서 연락처를 새로 등록하거나 주문자 정보를 수정할 필요는 없으며, 본인 확인에 사용할 정보는 이미 확인된 상태입니다. 계정 잠금을 해제하고 비밀번호 재설정 또는 다른 로그인 수단을 복구해 주세요.

해당 탁상 시계의 결제는 완료되었고 배송 완료일도 주문 내역에 기록되어 있습니다. 과거 상담에서 회원정보 변경 요청을 접수한 뒤 연락처 저장과 알림 수신 여부를 확인했으며, 그 조치는 이미 종료되었습니다. 당시 배송 건 역시 수령 확인까지 마쳐 배송이나 결제 처리를 다시 요청하는 내용은 아닙니다.

참고로 고객센터 안내문에는 브라우저 캐시 삭제, 앱 업데이트, 일시적인 접속 장애 확인 절차가 적혀 있어 이를 모두 시도했습니다. 그러나 재설정 화면의 본인 인증 중단이 계속되므로 일반적인 사용 안내를 반복하기보다 계정 복구 처리가 필요합니다. 복구 완료 여부와 다시 로그인할 때 사용할 방법을 안내해 주시기 바랍니다.
이 상담은 필요한 확인과 처리를 마쳐 종료된 기록입니다.",refund,ctx-i-008,original-synthetic:advanced-context-ko-1.0
c-f259948e7009,"새로 접수한 문의
벨벳 커튼을 받아 보니 화면에서 본 색상과 차이가 커서 반품을 고민하고 있습니다. 결제 당시 사용한 간편결제 수단은 지난주에 해지했고, 배송 지연으로 문의했던 상담 기록도 보관하고 있습니다. 그때는 물류센터 사정으로 발송이 늦어진다는 안내만 받았으며 상품은 이미 도착한 상태입니다. 반품 접수를 하면 회수비가 발생하는지, 해지된 결제수단 대신 어떤 방식으로 환급되는지와 처리 기간을 알려 주세요.

아래에는 상담 시 참고할 수 있도록 종료된 별도 건의 기록을 덧붙였습니다.
종료된 별도 상담 건
예전에 벨벳 커튼을 주문한 뒤 구매 내역에서 배송 완료 여부를 확인하려고 로그인했지만 휴대전화 인증 단계에서 오류가 반복되었습니다. 당시 상담원은 결제 승인이 정상이고 배송도 진행 중이라고 확인했으며, 해당 주문은 이후 배송 완료되어 상품을 수령했습니다. 따라서 과거 주문의 결제나 배송 상태를 다시 조사해 달라는 문의는 아닙니다.

오늘은 다른 주문의 영수증과 적립금 내역을 확인하려고 회원 계정에 접속하려 했으나 비밀번호가 맞지 않는다는 안내가 나왔습니다. 비밀번호 재설정을 선택했지만 가입 당시 등록한 휴대전화로 인증 문자가 도착하지 않았고, 여러 차례 시도한 뒤에는 일시적으로 인증 요청이 제한되었습니다. 현재 가장 필요한 조치는 구매 내역을 볼 수 있도록 계정 접근과 본인 인증 절차를 복구하는 것입니다.

가입할 때 사용한 전화번호와 이메일 주소는 변경하지 않았으며, 최근 휴대전화 기종만 바꾸어 새 기기에서 접속하고 있습니다. 통신사나 번호 변경으로 문자를 받을 수 없는 상황은 아니고 다른 서비스의 인증 문자는 정상적으로 수신됩니다. 새 기기 등록이나 추가 본인 확인이 필요하다면 어떤 자료를 제출해야 하는지 함께 안내해 주세요.

과거 상담 기록에는 인증 오류가 일시적인 브라우저 문제일 수 있다는 안내가 있어 다른 브라우저와 와이파이, 모바일 데이터를 번갈아 사용해 보았습니다. 쿠키를 삭제하고 앱도 다시 설치했지만 재설정 문자는 여전히 오지 않았습니다. 이 기록은 이미 시도한 방법을 설명하기 위한 참고 자료이며, 결제 취소나 배송 재처리를 요청하는 근거가 아닙니다.

계정에 임의로 접근 권한을 부여해 달라는 뜻은 아니며, 본인 확인을 거친 안전한 복구 절차를 진행하고 싶습니다. 문자 인증이 불가능한 경우 대체 인증 수단과 처리 예상 시간을 알려 주시고, 복구 후 비밀번호를 다시 설정할 수 있게 조치해 주세요. 구매 이력 확인은 계정에 정상적으로 들어간 뒤 직접 진행할 예정이므로 이번 요청은 로그인 및 인증 접근 복구에 한정합니다.
이 상담은 필요한 확인과 처리를 마쳐 종료된 기록입니다.",refund,ctx-i-056,original-synthetic:advanced-context-ko-1.0
c-84f0264604d7,"새로 접수한 문의
천체 관측 망원경 구매 내역에서 영수증을 내려받으려는데 계정 로그인이 차단되었습니다. 여러 번 비밀번호를 틀린 뒤 잠금 안내가 떴고, 등록된 이메일은 현재도 사용할 수 있습니다. 예전에 배송지 주소를 수정한 기록은 정상 반영되었으며 그 주문의 배송 문제는 없습니다. 본인 확인 후 잠금을 해제해 구매 내역과 영수증에 다시 접근할 수 있게 해 주세요.

아래에는 상담 시 참고할 수 있도록 종료된 별도 건의 기록을 덧붙였습니다.
종료된 별도 상담 건
천체 관측 망원경이 약속된 날짜보다 늦게 도착해 관측 모임에 사용하지 못했습니다. 배송 지연 사유는 택배사 분류 과정에서 물량이 몰렸기 때문이라고 안내받았고, 제품은 미개봉 상태로 보관 중입니다. 이번 주문을 반품하고 결제 금액을 환급받는 방법과 회수 접수 절차를 알려 주세요.
이 상담은 필요한 확인과 처리를 마쳐 종료된 기록입니다.",account,ctx-i-007,original-synthetic:advanced-context-ko-1.0
c-cf4375ddc093,원두 보관통을 주문했는데 배송 조회에는 오늘 도착 예정으로만 표시됩니다. 오후에 집을 비울 예정이라 현재 배달 위치와 예상 방문 시간을 확인해 주세요.,shipping,ctx-i-025,original-synthetic:advanced-context-ko-1.0
c-3562857e5a00,"종료된 별도 상담 건
지난달 자전거 펌프를 주문할 때 배송지의 동 호수를 잘못 입력해 상담을 접수한 적이 있습니다. 상담원 안내에 따라 주소를 바로잡았고 판매처가 수정된 주소를 확인한 뒤 상품은 정상적으로 도착했으므로 그 건의 주소 문제와 배송 지연은 이미 종료되었습니다. 당시 상담 내역과 주문 완료 화면은 이번 문의의 참고 자료로만 보관하고 있습니다.

이번 달에는 같은 종류의 펌프를 새로 주문하면서 회사가 아닌 자택 주소를 선택했습니다. 결제 승인은 완료되었고 주문서에는 현재 주소와 운송장 번호가 정확히 표시되어 있어 주소를 다시 바꾸려는 상황은 아닙니다. 회원 계정은 평소 사용하던 노트북과 가정용 와이파이에서 접속했으며 주문 상세 화면도 열립니다.

새 주문은 출고 알림을 받은 뒤 사흘이 지났지만 운송장 조회에는 최초 집하 정보만 남아 있습니다. 판매처에 문의했을 때 상품이 물류센터로 넘어갔다는 답변은 받았으나, 지역 터미널에 도착했는지 또는 배송 기사에게 인계되었는지는 확인되지 않았습니다. 주말 라이딩 준비에 필요한 물품이라 현재 위치를 정확히 파악할 필요가 있습니다.

이전에 확인한 주소 수정 기록이나 판매처의 출고 안내는 배송지 변경을 요청하는 근거가 아니라 새 주문의 경과를 이해하기 위한 참고 사항입니다. 결제 취소나 상품 교환을 원하지 않으며, 이미 끝난 지난 주문을 다시 조사해 달라는 뜻도 아닙니다. 이번 문의는 새 주문의 이동 상태와 지연 원인을 확인하는 데 목적이 있습니다.

따라서 현재 운송장 기준으로 상품이 어느 물류 단계에 있는지 확인해 주시고, 확인 가능한 범위에서 실제 배달 예정일을 알려 주시기 바랍니다. 조회가 장기간 갱신되지 않은 경우 판매처나 배송사에 추가 확인이 필요한지도 함께 안내해 주세요. 답변은 이번 새 주문에 한정해 주시면 됩니다.
이 상담은 필요한 확인과 처리를 마쳐 종료된 기록입니다.

아래 문의는 이후 별도로 접수한 건입니다.
새로 접수한 문의
자전거 펌프를 주문한 뒤 배송이 예정일보다 늦어져 여행 출발 전에 쓰지 못했습니다. 지난 상담에서 판매처가 발송 지연 사유를 확인해 주었고, 배송비 일부 조정도 이미 반영된 상태입니다. 물건은 어제 도착했지만 포장 안쪽에서 펌프 손잡이가 깨진 것을 확인해 사용하지 않았습니다. 제품 사진과 주문 내역은 보관하고 있으며, 이번에는 회수 방법과 결제 취소 및 환급 절차를 안내받고 싶습니다. 반품이 승인되면 환급액과 처리 시점도 함께 알려 주세요.",refund,ctx-i-022,original-synthetic:advanced-context-ko-1.0
c-5473ad830627,"새로 접수한 문의
조각용 점토는 색상이 주문한 구성과 달라 반품하려고 합니다. 포장은 다시 해 두었고 결제 금액을 돌려받을 수 있도록 회수 신청과 환급 절차를 안내해 주세요.

아래에는 상담 시 참고할 수 있도록 종료된 별도 건의 기록을 덧붙였습니다.
종료된 별도 상담 건
조각용 점토를 주문하면서 배송지를 작업실로 입력했는데, 오늘 확인하니 택배가 이미 근처 영업소에 도착했다고 합니다. 작업실은 오후 늦게만 열리니 기사님께 내일 저녁에 전달될 수 있는지 확인해 주세요.
이 상담은 필요한 확인과 처리를 마쳐 종료된 기록입니다.",refund,ctx-i-013,original-synthetic:advanced-context-ko-1.0
c-330ecbe9b5bd,"종료된 별도 상담 건
지난달 온라인몰에서 재봉 도구 세트를 주문했고, 주문 당시에는 영업일 기준 사흘 안에 출고된다는 안내를 받았습니다. 결제는 정상 승인되었으며 주문번호와 수령지 주소도 상담 과정에서 다시 확인했습니다. 이후 바늘 케이스의 재고 수량이 부족해 출고가 늦어질 수 있다는 설명을 들었고, 이 내용은 이전 상담 기록에 남아 있습니다.
배송 지연과 관련해 판매처는 세트 상품을 한 번에 보내거나 재고가 있는 품목부터 나누어 보낼 수 있다고 안내했습니다. 별도로 부과된 배송비는 상담원이 주문 내역을 확인한 뒤 조정했고, 카드 승인 내역에서도 해당 조정이 반영된 것을 확인했습니다. 따라서 배송비 처리나 결제 승인 자체를 다시 문의하려는 것은 아닙니다.
어제까지도 주문 화면에는 상품 준비 중이라는 상태만 표시되었고, 택배사 운송장 번호는 생성되지 않았습니다. 이전에 안내받은 예상 출고일은 이미 지났지만, 주문이 취소되었다는 통보나 품절 확정 안내는 받지 못했습니다. 작업에 사용할 날짜를 정해야 해서 현재 물류 진행 상황을 정확히 확인할 필요가 있습니다.
상담 기록에는 재고 확인이 끝나면 출고 예정일을 다시 알려 주겠다는 내용도 있었으나 아직 후속 연락이 오지 않았습니다. 주소 변경이나 상품 구성 변경을 요청하는 것은 아니며, 기존 주문을 그대로 받을 수 있는지 확인하고 싶습니다. 분리 배송이 이미 시작되었다면 각 상품의 운송장과 이동 상태를 함께 확인해 주시면 됩니다.
이번에는 재봉 도구 세트 전체가 언제 출고되는지, 분리 배송 여부와 실제 수령 예상일을 알려 주세요. 아직 출고 전이라면 현재 재고가 확보되었는지와 출고를 막고 있는 사유도 주문 기준으로 안내해 주시기 바랍니다. 과거 배송비 조정과 재고 지연 설명을 다시 처리해 달라는 요청이 아니라, 현재 주문의 출고 및 배송 일정을 확인해 달라는 요청입니다.
이 상담은 필요한 확인과 처리를 마쳐 종료된 기록입니다.

아래 문의는 이후 별도로 접수한 건입니다.
새로 접수한 문의
재봉 도구 세트의 배송비가 중복으로 표시되어 문의했던 기록이 있습니다. 그때 상담원이 주문 화면을 확인할 수 있도록 본인 인증을 다시 진행했고, 중복 청구 건은 취소되었습니다. 이후 배송이 완료된 뒤에는 주문 내역도 정상적으로 열람했으므로 당시 결제 문제는 마무리된 상태입니다.
오늘 보관해 둔 주문서를 다시 내려받으려고 계정에 로그인했는데 비밀번호 오류가 반복되고 인증 문자도 도착하지 않습니다. 가입할 때 사용한 연락처는 그대로이니 본인 확인을 거쳐 로그인 권한을 복구하고 주문 내역에 다시 접근할 수 있게 해 주세요.",account,ctx-i-036,original-synthetic:advanced-context-ko-1.0
c-bc6d81bf2d88,"종료된 별도 상담 건
캘리그래피 펜 구매 내역을 출력하려고 로그인했는데 인증번호가 오지 않아 접근이 막혔습니다. 본인 확인을 다시 진행해 계정에 들어갈 수 있게 해 주세요. 배송 상태는 이미 확인했습니다.
이 상담은 필요한 확인과 처리를 마쳐 종료된 기록입니다.

아래 문의는 이후 별도로 접수한 건입니다.
새로 접수한 문의
캘리그래피 펜의 잉크가 새어 반품을 신청하려고 합니다. 회수 접수와 환급 일정을 알려 주세요.",refund,ctx-i-033,original-synthetic:advanced-context-ko-1.0
c-c5887093b9e1,"자전거 헬멧이 늦게 도착해 사용하지 못했고, 미착용 상태로 보관 중입니다. 주문을 반품하고 결제 금액을 환급받을 수 있도록 회수 방법을 안내해 주세요.",refund,ctx-i-009,original-synthetic:advanced-context-ko-1.0
c-e7148d2e3edb,"종료된 별도 상담 건
분리형 책장은 주문 제작 옵션을 선택해 결제했으며, 주문번호와 결제 승인 내역은 회원 계정에서 확인됩니다. 상담 기록을 다시 살펴보니 제작 전 취소 가능 기간이 아직 남아 있다는 안내를 받은 상태입니다. 카드사 승인 자체는 정상적으로 완료되었고, 별도의 부분 취소나 환급 처리가 진행된 사실은 없습니다.

예전에 배송이 늦었던 선반 주문은 이미 수령했으며 당시 판매처가 제공한 지연 보상도 지급되어 종결되었습니다. 그 주문의 배송 지연이나 보상 내용을 다시 판단해 달라는 뜻은 아닙니다. 과거 상담원이 안내한 주문 제작 상품의 취소 기준과 카드 승인 취소 절차는 이번 요청을 이해하기 위한 참고 자료로 확인했습니다.

이번 책장은 아직 제작 시작 알림이 없고, 이사 일정이 바뀌어 더는 필요하지 않습니다. 주문 화면에는 제작 대기 상태가 표시되어 있으며 배송 기사 배정이나 회수 접수는 이루어지지 않았습니다. 따라서 이미 배송된 상품을 반품하거나 수령한 물건을 회수해 달라는 상황과도 다릅니다.

취소 가능 여부를 다시 확인한 뒤 주문을 취소해 주시고, 결제한 금액이 어떤 방식과 일정으로 환급되는지 안내해 주세요. 카드 결제 내역에는 승인만 남아 있어 취소 요청이 카드사에 전달되는 시점과 실제 명세서에 반영되는 시점이 다를 수 있다는 점은 알고 있습니다. 다만 제작이 시작되기 전에 취소 처리가 접수되었는지는 확인이 필요합니다.

이번 본문에서 요청하는 행동은 해당 주문의 취소와 결제금액 환급 절차 안내입니다. 회수할 물건은 없다는 점과 과거 선반의 지연 보상이 끝났다는 점은 참고 사실이며 새로운 처리 요청이 아닙니다. 취소가 제한되는 사유가 있다면 제작 시작 여부와 적용 기준을 함께 알려 주시기 바랍니다.
이 상담은 필요한 확인과 처리를 마쳐 종료된 기록입니다.

아래 문의는 이후 별도로 접수한 건입니다.
새로 접수한 문의
분리형 책장을 주문한 뒤 배송 기사 방문 전에 조립 공간을 비워 두려고 일정을 확인하고 있습니다. 이전에 같은 판매처에서 주문한 선반은 배송지가 잘못 입력되어 반송된 적이 있지만, 상담을 거쳐 주소를 수정하고 재배송까지 완료했습니다. 그 건은 작년에 끝난 일입니다. 이번 책장은 결제 후 출고 알림을 받았으나 조회 화면에 운송장만 생성되고 실제 이동 기록이 없습니다. 이사 날짜가 가까워 수령 가능한 방문일과 대형 화물로 배정되었는지 확인해 주세요. 부재 시 경비실에 맡길 수 없는 구조라 사전 연락이 필요한지도 함께 알고 싶습니다.",shipping,ctx-i-060,original-synthetic:advanced-context-ko-1.0
c-e7c41d1759aa,"새로 접수한 문의
작년 탁상용 달력을 구매한 뒤 가족이 함께 쓰는 계정으로 배송지를 바꾸려다 권한 설정이 풀린 적이 있습니다. 상담원이 관리자 인증을 거쳐 권한을 다시 부여했고, 그 주문과 주소 변경은 이미 완료되었습니다. 오늘 새 달력의 주문 내역과 전자 영수증을 확인하려고 로그인했는데 공동 계정의 인증 앱이 이전 휴대전화에 연결되어 있어 접근할 수 없습니다. 관리자 본인 확인에 필요한 자료와 인증 앱 변경 절차를 알려 주고, 주문 내역을 볼 수 있도록 계정 권한을 복구해 주세요.

아래에는 상담 시 참고할 수 있도록 종료된 별도 건의 기록을 덧붙였습니다.
종료된 별도 상담 건
지난달 탁상용 달력 주문은 상담 과정에서 배송지의 동, 호수가 잘못 입력된 사실을 확인해 수정 요청을 접수했습니다. 상담원은 출고 전에 새 주소를 반영했다고 안내했고, 해당 주문은 실제로 수정된 주소로 다음 날 정상 배송되어 수령까지 완료되었습니다. 당시 상담 기록과 배송 완료 화면은 이번 문의의 참고 자료이며, 그 주문의 주소 문제를 다시 처리해 달라는 뜻은 아닙니다.

이번 달 행사에 사용할 새 탁상용 달력은 회원 계정에서 정상적으로 주문했고 카드 결제도 승인되었습니다. 인쇄와 포장 완료 알림까지 받았지만, 배송 조회 화면에는 사흘째 첫 집하 기록만 표시되고 이후 이동 내역이 나타나지 않습니다. 주문서에 등록된 현재 배송지는 이전 주문과 다르게 입력되어 있으며 주소 변경을 요청한 상태도 아닙니다.

행사 일정 때문에 수량을 언제 받을 수 있는지 확인해야 합니다. 현재 상품이 실제로 택배사에 인계되었는지, 집하 이후 분류나 이동이 지연된 것인지 배송 상태를 조회해 주시기 바랍니다. 확인 결과에 따라 예상 도착일을 알려 주고, 예정일을 맞추기 어려우면 가능한 대체 배송 일정도 함께 안내해 주세요.

결제 승인 내역과 제작 완료 알림은 이미 확인했으므로 결제 여부나 제작 재진행을 새로 문의하는 것은 아닙니다. 회원정보에 등록된 연락처와 주문 당시 수령인 전화번호도 서로 일치하는 것으로 확인했습니다. 이전 상담에서 처리된 주소 수정과 완료된 배송 이력은 현재 주문의 배송 경로를 판단하기 위한 참고 사항입니다.

따라서 이번 요청은 새 주문의 현재 택배 인계 상태와 도착 예정일을 확인하는 한 가지 업무로 정리해 주시면 됩니다. 배송 조회에 누락된 스캔이 있는지 택배사 기록과 주문 시스템을 대조해 주시기 바랍니다. 확인 결과를 주문번호 기준으로 회신해 주시면 행사 준비에 반영하겠습니다.
이 상담은 필요한 확인과 처리를 마쳐 종료된 기록입니다.",account,ctx-i-020,original-synthetic:advanced-context-ko-1.0
c-3b48c70c692d,수납 바구니를 다시 주문하려는데 비밀번호 재설정 뒤에도 로그인이 되지 않습니다. 본인 인증을 확인하고 계정 접근을 복구해 주세요.,account,ctx-i-049,original-synthetic:advanced-context-ko-1.0
c-ab1570009a3e,"종료된 별도 상담 건
접이식 우산을 구매했던 회원 계정으로 다시 로그인하려고 하면 비밀번호를 정확히 입력해도 추가 본인 인증 화면으로 넘어갑니다. 등록된 이메일로 인증 링크를 여러 차례 받아 열어 보았지만 매번 만료된 링크라는 메시지가 표시되었고, 휴대전화 번호는 가입 당시와 동일하게 유지하고 있습니다. 다른 브라우저와 휴대전화 환경에서도 같은 현상이 반복되어 단순한 브라우저 캐시 문제인지 확인하려고 기본적인 재접속과 비밀번호 입력을 이미 시도했습니다. 과거 우산 주문은 배송받은 뒤 포장 상태를 문의했으나 판매처의 보상 절차까지 마무리되어 더 확인할 사항이 없으며, 그 주문의 배송이나 환불을 다시 요청하는 내용도 아닙니다. 오늘은 새 상품을 주문하기 전에 구매 목록과 회원 계정에 저장된 배송지를 확인해야 하지만 인증 단계에서 막혀 접근하지 못하고 있습니다. 따라서 계정 잠금 여부와 최근 인증 실패 기록을 확인하고 본인 계정에 다시 접근할 수 있도록 복구해 주시기 바랍니다. 접근이 복구되면 구매 내역과 저장 주소를 직접 확인하겠으며, 이메일이나 휴대전화 정보를 임의로 변경해 달라는 요청은 아닙니다.
이 상담은 필요한 확인과 처리를 마쳐 종료된 기록입니다.

아래 문의는 이후 별도로 접수한 건입니다.
새로 접수한 문의
접이식 우산을 받아 펼쳐 보니 자동 개폐 버튼이 눌린 뒤 돌아오지 않아 접을 수 없었습니다. 판매처와 주고받은 상담에서 동영상 확인 후 반품하라는 안내를 받았고, 회수 일정이 한 번 미뤄졌지만 지난주에 상품은 정상적으로 수거되었습니다. 이전에 배송이 늦어 문의했던 기록과 회원 로그인 오류는 각각 답변을 받아 마무리된 내용이며, 지금은 반품된 우산의 처리만 남아 있습니다. 판매처 도착 알림은 확인했으나 검수 결과, 환불 승인, 카드 결제 취소일이 안내되지 않았습니다. 교환품을 보내는 방식이 아니라 해당 주문을 취소하고 전액을 환급해 달라는 뜻을 접수해 주세요. 환불 금액에서 배송비가 공제되는지도 함께 설명해 주시기 바랍니다.",refund,ctx-i-048,original-synthetic:advanced-context-ko-1.0
c-8a94abcc8214,"종료된 별도 상담 건
물놀이 튜브 주문 당시 상품 페이지에는 주말 출고 예정이라고 표시되어 결제를 진행했습니다. 주문 직후 배송지를 확인했을 때 주소와 연락처는 정확했고, 카드 승인도 완료되어 주문 상태가 정상적으로 접수된 것을 확인했습니다. 그러나 주말이 지나고도 상품 준비 중이라는 상태가 유지되어 배송 시작 여부를 문의했습니다.

상담원은 창고 재고 수량을 다시 확인하고 있어 발송이 늦어졌다고 답변했습니다. 이후 재고 확인 결과를 기다리라는 안내가 한 차례 더 있었지만, 새 운송장 번호나 발송 알림은 전달되지 않았습니다. 회원 주문 내역과 문자 수신함을 모두 확인했으며, 결제가 중복되거나 배송지가 변경된 사실은 없습니다.

처음에는 여행 전에 받을 수 있을 것으로 생각해 며칠 더 기다렸습니다. 하지만 여행 일정이 이미 임박했고, 배송이 시작되더라도 사용 시기를 맞추기 어렵다는 점이 분명해졌습니다. 재고 확인을 계속해 달라는 이전 문의는 당시 상황을 확인하기 위한 것이었고, 지금은 그 확인만으로 주문을 유지하려는 것이 아닙니다.

아직 상품이 출고되지 않았으므로 택배 반품을 먼저 진행할 필요가 있는지도 함께 검토해 주시기 바랍니다. 배송 지연 사유나 재고 상태를 다시 설명해 달라는 요청이 주된 목적은 아니며, 이미 결제된 금액을 어떤 방식과 일정으로 되돌릴 수 있는지가 중요합니다. 기존 상담 기록은 주문 취소 가능 여부를 판단하는 참고 자료로 확인해 주세요.

더 기다리지 않고 해당 주문을 취소해 주세요. 출고 전 취소와 결제 취소가 언제 완료되는지, 카드 승인 취소 또는 환급 금액이 실제로 반영되는 시점은 언제인지 안내해 주시고, 발송 전이라면 별도 반품 없이 처리되는지도 함께 확인해 주세요.
이 상담은 필요한 확인과 처리를 마쳐 종료된 기록입니다.

아래 문의는 이후 별도로 접수한 건입니다.
새로 접수한 문의
물놀이 튜브를 주문한 뒤 배송지를 친척 집으로 바꾸려 했지만 이미 출고되어 변경이 어렵다는 안내를 받았습니다. 상담원은 운송장 등록 후 배송 기사에게 전달 요청을 남길 수 있다고 했고, 그 기록은 상담 내역에 저장되어 있습니다. 이후 기사 배정 알림은 왔으나 친척 집이 아닌 기존 주소로 배송 중이라는 표시가 계속됩니다. 오늘 물놀이 일정에 맞춰 받아야 하므로 현재 배송 위치를 확인하고, 가능하면 수령지를 조정하거나 대체 수령 방법을 안내해 주세요.",shipping,ctx-i-018,original-synthetic:advanced-context-ko-1.0
c-cfd0737dd642,필름 스캐너의 구매 내역을 확인하려고 로그인했는데 인증 앱을 바꾼 뒤 일회용 코드가 맞지 않아 계정에 들어갈 수 없습니다. 주문 배송 상태를 묻는 것이 아니라 본인 인증 수단을 다시 등록하고 잠긴 회원 계정의 접근을 복구하고 싶습니다.,account,ctx-i-045,original-synthetic:advanced-context-ko-1.0
c-f6120171e30e,"종료된 별도 상담 건
라탄 트레이를 구매한 계정의 이름을 수정하려고 회원정보 화면에 들어갔는데 본인 인증 단계에서 계속 중단됩니다. 주문 자체에는 문제가 없고, 표시 이름을 바꾸기 위해 인증을 다시 진행할 수 있는 방법을 알려 주세요.
이 상담은 필요한 확인과 처리를 마쳐 종료된 기록입니다.

아래 문의는 이후 별도로 접수한 건입니다.
새로 접수한 문의
라탄 트레이를 받아 보니 가장자리가 깨져 있어 사진을 촬영해 두었습니다. 이전 문의에서 새 상품 재발송 제안을 받았지만 같은 모델이 더 필요하지 않아 반품으로 처리하고 결제 금액을 환급받고 싶습니다. 회수 일정과 환급 완료 시점을 확인해 주세요.",refund,ctx-i-023,original-synthetic:advanced-context-ko-1.0
c-fedf4082ce76,패브릭 포스터를 다시 주문하려고 구매 목록에 들어갔는데 로그인 시 본인 인증이 계속 실패합니다. 계정 접근을 복구해 주문 내역을 확인할 수 있게 해 주세요.,account,ctx-i-035,original-synthetic:advanced-context-ko-1.0
c-1d7c50a79d16,야외용 랜턴 구매 내역을 확인하려고 했는데 비밀번호를 여러 번 입력한 뒤 계정이 잠겼습니다. 본인 확인을 진행해 로그인 접근을 복구해 주세요.,account,ctx-i-031,original-synthetic:advanced-context-ko-1.0
c-11ad9deda14d,"종료된 별도 상담 건
사진 앨범 주문 내역을 확인하려고 로그인했는데 새 기기에서 추가 인증을 요구받았습니다. 등록된 이메일은 오래전에 사용을 중단해 인증번호를 받을 수 없고, 결제 영수증도 열람하지 못하고 있습니다. 본인 명의 확인에 필요한 절차를 안내하고 등록 이메일을 현재 사용하는 주소로 변경해 주세요.
이 상담은 필요한 확인과 처리를 마쳐 종료된 기록입니다.

아래 문의는 이후 별도로 접수한 건입니다.
새로 접수한 문의
사진 앨범을 받아 보니 주문 화면에서 선택한 표지 색상과 다른 색으로 제작되어 있었습니다. 상담센터에 사진을 보내 검수 요청을 했고, 재제작을 기다리는 대신 이번 주문을 철회하기로 결정했습니다. 반품 접수 방법과 이미 결제한 제작비를 돌려받는 절차를 알려 주세요.",refund,ctx-i-017,original-synthetic:advanced-context-ko-1.0
c-187bedc0e38e,"종료된 별도 상담 건
재사용 빨대 세트를 처음 주문했을 때 결제 승인 문자가 늦게 와서 주문 자체가 실패한 것으로 생각했습니다. 그래서 같은 상품을 다른 카드로 다시 구매했고, 두 주문 모두 주문번호가 발급되어 정상 접수된 사실을 나중에 확인했습니다. 첫 번째 결제도 취소되지 않고 완료 처리되어 카드 명세서에 두 건이 함께 반영되었습니다.

판매처에 배송 지연을 문의했을 당시에는 포장 물량이 많아 출고가 늦어지고 있다는 답변을 받았습니다. 그 안내 이후 두 주문 모두 출고되었고, 현재 배송 조회에는 각각 배송 중으로 표시됩니다. 배송지와 연락처는 두 주문 모두 동일하며, 계정 로그인이나 본인 인증에는 문제가 없어 주문 내역을 확인하는 데 지장은 없습니다.

두 세트가 모두 필요한 상황은 아니어서 중복 주문 중 한 건을 정리하려고 합니다. 아직 배송이 완료되지 않았다는 이유만으로 결제가 자동 취소되는지, 이미 운송사에 넘어간 상품도 판매처를 통해 회수할 수 있는지는 확인하지 못했습니다. 과거 상담에서 출고 지연 사유를 들은 것은 참고 사항이며, 그 답변이 중복 결제 문제를 처리했다는 뜻은 아닙니다.

현재 요청은 두 주문 중 하나를 취소하고 해당 결제 금액을 환급받는 방법을 안내받는 것입니다. 발송이 끝난 상품이라면 수령 거부가 가능한지, 아니면 반품 신청 후 택배 회수를 진행해야 하는지 절차를 구분해 알려 주시기 바랍니다. 반품 배송비가 발생한다면 중복 결제처럼 구매 과정에서 생긴 사유에 따라 누가 부담하는지도 함께 확인해 주세요.

주문번호를 전달하면 취소할 대상을 특정할 수 있으며, 이미 배송 중인 상품을 임의로 폐기하거나 별도 재구매할 의사는 없습니다. 환급이 승인될 경우 카드 승인 취소인지 계좌 환불인지와 처리 예상 기간도 안내해 주시면 됩니다. 배송 지연 원인을 다시 설명하거나 로그인 상태를 점검해 달라는 것이 이번 문의의 목적은 아닙니다.
이 상담은 필요한 확인과 처리를 마쳐 종료된 기록입니다.

아래 문의는 이후 별도로 접수한 건입니다.
새로 접수한 문의
재사용 빨대의 이전 구매 내역에서 옵션별 가격을 확인하려고 계정에 접속했습니다. 과거에는 배송지를 잘못 입력해 주문을 취소한 적이 있지만 환급은 이미 카드로 완료되었고, 현재 배송 중인 주문과는 별개의 건입니다. 며칠 전 보안 알림이 온 뒤 비밀번호를 변경했는데, 오늘 로그인하니 추가 본인 인증 화면에서 계속 오류가 발생합니다. 가입 당시 등록한 이메일은 사용 가능하지만 인증번호 입력 후에도 접근이 차단되어 주문 목록을 열 수 없습니다. 본인 확인을 다시 진행해 계정 잠금을 풀고 정상적으로 로그인할 수 있게 해 주세요. 배송 위치를 확인해 달라는 요청이 아니라 회원 계정의 접근 권한을 복구해 달라는 문의입니다.",account,ctx-i-028,original-synthetic:advanced-context-ko-1.0
c-4daf171e2fe9,"새로 접수한 문의
탁상용 달력은 주문 후 인쇄 시안에서 날짜 배열이 잘못된 것을 발견해 제작 중단을 요청했습니다. 상담원은 제작팀에 취소 가능 여부를 확인하겠다고 했지만, 다음 날 이미 인쇄가 시작되어 취소 규정 확인이 필요하다는 답을 받았습니다. 아직 완성품은 받지 못했고 배송 조회에도 운송장만 등록되어 있습니다. 잘못된 시안으로 제작되는 주문을 철회하고 싶으니 반품이 필요한지, 결제 금액을 어떤 방식으로 환급받는지 안내해 주세요.

아래에는 상담 시 참고할 수 있도록 종료된 별도 건의 기록을 덧붙였습니다.
종료된 별도 상담 건
작년 탁상용 달력을 구매한 뒤 가족이 함께 사용하는 공동 계정에서 배송지를 바꾸려다 관리자 권한이 해제된 일이 있었습니다. 당시 상담원은 관리자 본인 인증을 확인한 뒤 권한을 다시 부여했고, 그 주문의 주소 변경과 배송 처리는 모두 완료되었습니다. 해당 상담 기록은 현재 계정 접근 문제를 이해하기 위한 참고 이력이며, 작년 주문의 배송이나 주소를 다시 수정해 달라는 요청은 아닙니다.

오늘 새 탁상용 달력의 주문 내역과 전자 영수증을 확인하려고 공동 계정에 로그인했습니다. 새 주문은 결제 완료 알림을 받은 상태이고 배송을 재촉하거나 결제 승인을 확인하려는 상황은 아닙니다. 그러나 인증 앱이 이전 휴대전화에 연결되어 일회용 코드가 현재 기기로 전달되지 않아 로그인 절차를 끝낼 수 없습니다.

관리자 본인 확인에 필요한 자료와 인증 앱을 새 휴대전화로 변경하는 절차를 안내해 주시기 바랍니다. 확인이 끝난 뒤 공동 계정의 관리자 권한과 주문 조회 권한을 복구해 새 주문 내역 및 전자 영수증을 직접 볼 수 있게 처리해 주세요. 비밀번호를 단순히 재설정하는 방법만으로는 이전 인증 앱 문제가 해결되지 않으므로 이중 인증 연결 상태도 함께 확인해야 합니다.

회원정보에는 관리자 이름과 등록 이메일이 남아 있고, 최근 접속은 평소 사용하던 사무실 컴퓨터와 네트워크에서 이루어졌습니다. 이전에 권한을 복구할 때 관리자 인증을 거쳤다는 사실과 배송지 변경이 완료되었다는 기록은 본인 확인 절차를 설계할 때 참고해 주시면 됩니다. 배송 상태 조회나 주소 수정, 결제 취소를 새로 요청하는 내용은 아닙니다.

이번 문의는 공동 계정의 인증 앱 변경과 관리자 권한 복구를 통해 주문 내역에 접근할 수 있도록 하는 업무입니다. 보안상 필요한 서류 제출 경로와 처리 예상 시간을 먼저 알려 주고, 자료가 확인되면 권한 복구 결과를 회신해 주세요. 접근이 복구된 뒤 전자 영수증을 확인하는 방법도 같은 안내에 포함해 주시면 됩니다.
이 상담은 필요한 확인과 처리를 마쳐 종료된 기록입니다.",refund,ctx-i-020,original-synthetic:advanced-context-ko-1.0
c-8d2f9ed95b7e,"종료된 별도 상담 건
샌드위치 메이커를 지난달 온라인몰에서 주문했고, 주문 직후 카드 승인 알림이 두 번 도착해 결제가 중복된 것처럼 보였습니다. 당시 상담센터에 거래 내역을 전달했으며, 상담원은 한 건을 자동 취소 처리했다고 안내했습니다. 카드사 앱과 쇼핑몰 영수증을 대조한 결과 최종 청구는 한 건뿐이었고, 중복 승인에 대한 취소도 이미 반영되어 그 문제는 종료되었습니다.

주문 당시에는 행사 기간에 사용할 예정이라 배송 예정일을 기준으로 일정을 잡았습니다. 그러나 물류 지연으로 상품이 예정일보다 늦게 도착했고, 행사에 필요한 기간이 지나 사용하지 못했습니다. 제품은 배송 상자와 내부 포장을 그대로 유지하고 있으며 전원을 연결하거나 조리한 적도 없습니다.

배송 완료 화면과 구매 영수증은 계정 주문 내역에서 확인할 수 있고, 회원정보에 등록된 연락처도 현재 사용하는 번호와 같습니다. 이전 상담에서는 포장을 훼손하지 않으면 반품 가능 여부를 확인한 뒤 회수 절차를 안내하겠다는 설명을 받았습니다. 이 기록은 당시 배송 지연과 결제 상태를 확인하기 위한 참고 자료이며, 중복 결제를 다시 조정해 달라는 뜻은 아닙니다.

현재는 사용하지 않은 샌드위치 메이커를 반품하고 실제 결제된 금액을 돌려받고자 합니다. 반품 접수를 위해 필요한 사진이나 포장 상태 확인 방법이 있다면 알려 주시고, 회수 기사 방문 일정도 지정할 수 있는지 안내해 주세요. 상품을 계속 보관하는 동안 추가 비용이나 별도 보관 조건이 있는지도 함께 확인하고 싶습니다.

이번 요청의 핵심은 반품 접수와 환불 절차를 시작하는 것입니다. 환불은 최종 청구된 한 건을 기준으로 진행해 주시고, 접수 후 회수 완료와 카드 환급이 각각 언제 처리되는지 알려 주시면 됩니다. 이미 취소된 중복 승인 건을 다시 취소하거나 배송 지연 사실을 재조사해 달라는 요청은 아닙니다.
이 상담은 필요한 확인과 처리를 마쳐 종료된 기록입니다.

아래 문의는 이후 별도로 접수한 건입니다.
새로 접수한 문의
샌드위치 메이커 주문과 관련해 이전 상담에서는 카드 승인 확인이 늦어 출고가 하루 미뤄질 수 있다고 들었습니다. 그 뒤 결제 승인은 완료됐고, 상담원이 발송되면 운송장 알림을 보내겠다고 했지만 이틀째 알림이 없습니다. 오늘 주문 화면에는 여전히 준비 중으로 표시되어 주말 전 수령이 가능한지 걱정됩니다. 공동 현관 수령이 어려운 날이라 배송 예정일과 현재 출고 상태를 확인해 주시고, 필요하면 평일 저녁 수령으로 메모를 남겨 주세요.",shipping,ctx-i-012,original-synthetic:advanced-context-ko-1.0
c-227a03c12b9c,"종료된 별도 상담 건
재봉 도구 세트를 주문할 때 회원 계정으로 로그인했고, 결제와 주문 접수는 정상적으로 완료되었습니다. 이후 배송비가 두 번 표시되어 고객센터에 문의했으며, 상담원이 본인 인증을 다시 진행한 뒤 중복 청구분을 취소했습니다. 카드 명세에도 조정 결과가 반영되었고, 배송 완료 후에는 한동안 주문 상세 화면과 영수증 파일을 정상적으로 열 수 있었습니다.
당시 상담 과정에서 가입자 이름과 연락처 일부를 확인했으며, 계정에 등록된 휴대전화 번호와 이메일 주소는 그 뒤로 변경하지 않았습니다. 주문 상품의 구성이나 배송 완료 여부를 다시 확인하려는 목적은 아니고, 과거 결제 오류가 현재 로그인 장애의 원인이라고 판단하는 것도 아닙니다. 관련 상담 기록과 주문번호는 본인 확인이 필요할 때 제시할 수 있습니다.
오늘 회사 노트북에서 보관용 주문서를 내려받으려고 사이트에 접속했는데 저장된 비밀번호가 계속 거부되었습니다. 휴대전화로 비밀번호 재설정을 시도했지만 인증 문자가 오지 않았고, 다른 브라우저와 모바일 데이터 환경에서도 같은 현상이 반복되었습니다. 계정이 잠겼다는 별도 안내는 없지만 여러 차례 실패한 뒤에는 추가 시도를 중단했습니다.
회원정보 화면에 표시되던 이메일 주소는 기억하고 있으며, 가입 당시 사용한 휴대전화도 현재 소지하고 있습니다. 결제 카드의 승인이나 배송비 취소 내역을 다시 확인해 달라는 것이 아니며, 새 계정을 만들어 주문서를 우회해서 받으려는 것도 아닙니다. 기존 계정에 남아 있는 주문 내역과 영수증에 접근할 수 있어야 하므로 본인 확인 절차를 거쳐 정상적인 복구가 필요합니다.
이번에는 계정의 로그인 실패 원인을 확인하고, 등록된 연락처로 본인 인증을 진행한 뒤 로그인 권한과 비밀번호 재설정 기능을 복구해 주세요. 인증 문자가 발송되지 않는 상태도 함께 점검하여 복구 후 주문 내역을 다시 열람할 수 있는지 안내해 주시기 바랍니다. 이전의 배송비 취소나 주문 조회가 완료되었다는 사실을 다시 처리해 달라는 요청이 아니라, 현재 회원 계정 접근을 회복해 달라는 요청입니다.
이 상담은 필요한 확인과 처리를 마쳐 종료된 기록입니다.

아래 문의는 이후 별도로 접수한 건입니다.
새로 접수한 문의
재봉 도구 세트를 주문한 뒤 배송 예정일이 두 차례 바뀌었고, 마지막 안내에서는 일부 부품의 입고를 기다린다고 했습니다. 배송이 늦어진 사유와 상담 기록은 보관하고 있으며, 별도로 청구된 배송비는 지난 상담에서 취소 처리되어 카드 명세에도 반영됐습니다. 현재 상자 안의 구성품을 확인하는 문제는 제기하지 않겠습니다.
며칠 더 기다려 보려 했지만 작업 일정이 지나 주문을 유지하기 어렵습니다. 이번 주문을 취소하고 이미 결제한 금액을 어떤 방식으로 반품 접수하며 환급까지 얼마나 걸리는지 안내해 주세요.",refund,ctx-i-036,original-synthetic:advanced-context-ko-1.0
c-c01b02ce82ab,"새로 접수한 문의
종이접기 도구 주문 뒤 배송지를 수정하려고 상담원에게 본인 인증을 했고, 그때 등록된 주소는 정상적으로 변경되었습니다. 배송은 이미 완료되었으며, 과거에 요청했던 결제 취소 건도 승인 취소로 마무리된 것을 확인했습니다. 따라서 주소나 환급 상태를 다시 확인하려는 문의는 아닙니다.
오늘 수업 자료를 출력하려고 구매 내역에 접속했는데 비밀번호를 잊어 재설정 화면으로 넘어가지 않습니다. 인증 메일이 발송됐다는 안내도 보이지 않으니, 가입자 본인임을 확인한 뒤 계정의 비밀번호 재설정과 로그인 복구를 도와주세요.

아래에는 상담 시 참고할 수 있도록 종료된 별도 건의 기록을 덧붙였습니다.
종료된 별도 상담 건
종이접기 도구 묶음은 다음 주 학원 수업에 사용하려고 주문한 상품이며, 주문 직후 학원 본관이 아니라 무인 보관함으로 배송지를 바꾸어 달라고 상담했습니다. 상담원은 출고 전 변경이 가능하다고 안내했고, 주문 취소 요청은 배송을 늦추지 않기 위해 철회한 상태라 주문 자체는 계속 유지되고 있습니다. 결제 승인과 상품 준비 상태도 정상으로 확인되어 환불이나 재주문을 요청하는 상황은 아닙니다.
이번에 확인할 핵심은 실제 발송지와 도착 가능 시점입니다. 주문 상세 화면에는 새 보관함 주소가 일부 표시되지만 운송장 조회에는 예전 주소의 건물명이 남아 있고, 택배사의 이동 경로도 집하 이후 갱신되지 않았습니다. 학원 담당자는 수업 전날까지 물품이 도착해야 하므로 현재 어느 주소로 배송 중인지 우선 확인해 달라고 요청했습니다.
배송지 변경 상담 기록에는 주소 수정 완료라는 메모가 있고, 상담원은 출고 전 시스템 반영 여부를 다시 확인하겠다고 했습니다. 이후 주문 상태가 상품 준비 중에서 출고 완료로 바뀐 사실은 확인했지만, 운송장에 입력된 수령 장소가 보관함인지까지는 확인되지 않았습니다. 따라서 과거 상담 내용을 그대로 완료 사실로 간주하지 말고 실제 택배 정보를 대조해야 합니다.
회원 연락처와 결제수단은 주문 당시와 동일하며, 본인 인증이나 계정 접근 문제도 발생하지 않았습니다. 배송비가 추가로 청구된 기록은 없고 상품 수량도 주문서와 일치하므로 이번 문의에서 결제 내역을 다시 처리할 필요는 없습니다. 참고로 상담 이력은 주소 변경 경위를 설명하기 위한 자료이며, 별도의 취소나 환급 요청으로 해석하지 않습니다.
현재 배송 담당 부서에서는 운송장상의 배송지와 보관함 수령 가능 여부를 확인한 뒤, 수업 전 도착이 어려우면 가능한 대체 수령 방법을 안내해 주시기 바랍니다. 주소가 잘못 입력된 경우에는 택배사에 정정 가능한지 확인하고 변경 결과를 주문 화면에도 반영해 주세요. 이번 요청의 목적은 주문을 유지한 채 배송 위치와 수령 일정을 바로잡는 것입니다.
이 상담은 필요한 확인과 처리를 마쳐 종료된 기록입니다.",account,ctx-i-038,original-synthetic:advanced-context-ko-1.0
c-6033fd4418b2,"종료된 별도 상담 건
목공 클램프를 주문한 뒤 카드 승인 문자가 오지 않아 결제가 실패한 줄 알고 다시 결제했습니다. 나중에 첫 승인도 정상 처리된 사실을 확인해 같은 상품이 두 세트로 잡혔고, 한 세트는 아직 발송 전이라는 안내를 받았습니다. 이미 필요한 수량은 확보했으므로 중복 주문 한 건을 취소하고 해당 결제액을 환급받고 싶습니다. 발송된 주문의 배송 일정은 그대로 유지해도 되며, 취소할 주문 번호를 확인하는 방법과 환급까지 걸리는 기간을 알려 주세요.
이 상담은 필요한 확인과 처리를 마쳐 종료된 기록입니다.

아래 문의는 이후 별도로 접수한 건입니다.
새로 접수한 문의
목공 클램프 네 개를 주문하면서 작업실이 아닌 경비실 수령으로 지정했습니다. 결제 승인과 영수증 발급은 정상 처리되었고, 이전에 등록했던 배송지는 지난달 상담에서 삭제해 현재 주문서에는 새 주소만 남아 있습니다. 그런데 운송장 조회에는 어제부터 지역 터미널 도착으로 표시되는데 경비실에는 물건이 들어오지 않았다고 합니다. 기사님이 오늘 방문할 예정인지, 경비실 전달이 어려우면 작업실 앞 수령으로 변경할 수 있는지 확인해 주세요. 상품의 품질이나 결제 취소를 문의하는 것은 아니고, 이번 주문이 어디에 있으며 어떻게 받을 수 있는지 조율하려는 것입니다.",shipping,ctx-i-027,original-synthetic:advanced-context-ko-1.0
c-1edca07ff6dd,향초 받침을 주문했지만 색상이 공간과 맞지 않아 반품하려고 합니다. 상품은 사용하지 않았으니 회수 접수 후 결제 금액을 환급해 주세요.,refund,ctx-i-015,original-synthetic:advanced-context-ko-1.0
c-e7ade5499765,여행용 파우치를 다시 주문하려고 구매 목록을 열었는데 비밀번호를 맞게 입력해도 로그인이 되지 않습니다. 본인 확인 후 계정 접근을 복구해 주세요.,account,ctx-i-001,original-synthetic:advanced-context-ko-1.0
c-6d2a6d502e5e,유리 화병을 받아 보니 금이 있어 반품하고 환급받고 싶습니다. 배송 중 파손으로 보이며 상자와 완충재는 그대로 보관했습니다. 회수 접수 뒤 결제 취소가 언제 완료되는지 알려 주세요.,refund,ctx-i-059,original-synthetic:advanced-context-ko-1.0
c-eab3b3f75d8e,필름 스캐너 주문은 결제까지 완료됐는데 배송 조회에 아직 출고 준비로만 표시됩니다. 촬영 일정 전에 받아야 해서 현재 발송 여부와 예상 수령일을 확인해 주세요.,shipping,ctx-i-045,original-synthetic:advanced-context-ko-1.0
c-9d30aea3acad,"종료된 별도 상담 건
수채화 물감 주문 직후 카드 승인 금액이 판매 화면보다 높게 표시되어 첫 상담을 신청했습니다. 상담원은 묶음 할인 적용 전 금액이 일시적으로 승인된 것이라고 설명했고, 며칠 뒤 카드사 명세서에는 할인된 최종 금액이 정상적으로 청구되었습니다. 이 결제 차이는 이미 해소되었으며, 당시 상담 내역은 지금 주문 상태를 설명하기 위한 참고 기록입니다.

상품은 배송 예정일이 지났는데도 출고되지 않아 판매처에 다시 문의했습니다. 확인 결과 주문에 포함된 일부 색상의 재고가 부족해 전체 발송이 보류되어 있었고, 재입고 예정일을 안내받았습니다. 이후 안내받은 날짜에도 재고가 준비되지 않았으며, 운송장 번호가 생성되거나 택배사에 물품이 넘겨졌다는 기록은 아직 없습니다.

처음에는 수업 전에 받을 수 있을 것으로 생각해 재입고를 기다렸지만, 이제는 필요한 수업 일정이 지나 주문을 유지할 이유가 없어졌습니다. 계정 로그인과 회원정보에는 문제가 없고 배송지 변경도 요청하지 않았습니다. 이미 결제된 카드 금액은 정상 청구 상태이므로 단순한 승인 조회만으로는 현재 문제를 해결할 수 없습니다.

재고 부족과 발송 보류 여부는 판매처가 확인한 사실이며, 반품이나 회수 절차가 진행된 적은 없습니다. 따라서 배송 완료 후 반품을 신청하는 상황이 아니라 출고 전 주문을 정리하는 상황입니다. 과거의 임시 승인 설명과 재고 안내는 취소 사유와 처리 가능 여부를 판단하기 위한 배경으로만 제시합니다.

해당 수채화 물감 주문을 지금 취소하고 카드로 결제된 최종 금액을 환급해 주세요. 아직 상품이 발송되지 않았으므로 회수 없이 취소할 수 있는지 확인하고, 카드 승인 취소 또는 환급액이 명세서에 반영되는 예상 기간도 함께 안내해 주시기 바랍니다. 배송지나 회원정보를 변경하는 조치는 이번 요청에 포함하지 않습니다.
이 상담은 필요한 확인과 처리를 마쳐 종료된 기록입니다.

아래 문의는 이후 별도로 접수한 건입니다.
새로 접수한 문의
수채화 물감 주문과 관련해 지난달에는 결제 금액이 예상보다 크게 승인된 문제를 문의했습니다. 상담 결과 묶음 할인 적용 전 금액이 임시 승인된 것이었고, 최종 청구액은 정정되어 카드 명세서에도 정상 반영되었습니다. 그 뒤 상품이 출고되었다는 알림을 받았으며, 운송장에는 지역 배송점 도착으로 표시되어 오늘 수령할 수 있을 것으로 안내받았습니다. 하지만 저녁까지 배송 완료 문자가 오지 않았고 배송점에 직접 문의해도 배달 기사 배정 여부를 확인하지 못했습니다. 주문서의 주소와 공동현관 출입 메모는 정확하며, 집에 사람이 없는 시간에는 관리실에 맡겨 달라고 추가로 남겨 두었습니다. 현재 필요한 것은 결제 내역 재확인이 아니라 물감 배송의 실제 위치와 배달 예정 시각입니다. 지역 배송점에서 아직 출발하지 않은 것인지, 오늘 받기 어렵다면 다음 배송일이 언제인지 확인해 주세요. 이전 결제 문제는 이미 정리된 건이므로 해당 금액을 다시 조정하거나 주문을 취소할 필요는 없습니다.",shipping,ctx-i-030,original-synthetic:advanced-context-ko-1.0
c-912a8bee2abb,여행용 파우치를 주문했는데 출고 안내 뒤로 이틀째 이동 기록이 없습니다. 이번 주말 출발 전에 받을 수 있는지 현재 위치와 예상 도착일을 확인해 주세요.,shipping,ctx-i-001,original-synthetic:advanced-context-ko-1.0
c-463e68690e3b,"새로 접수한 문의
천체 관측 망원경을 주문하면서 주말 수령을 요청했고 결제도 완료했습니다. 주문 화면에는 발송 준비로 표시되지만 택배사 조회 번호가 아직 생성되지 않아 실제 출고 여부를 알기 어렵습니다. 관측 모임 전에 받아야 하니 현재 포장 또는 이동 단계와 도착 예정일을 확인해 주세요.

아래에는 상담 시 참고할 수 있도록 종료된 별도 건의 기록을 덧붙였습니다.
종료된 별도 상담 건
천체 관측 망원경 구매 내역에서 영수증을 내려받으려는데 계정 로그인이 차단되었습니다. 여러 번 비밀번호를 틀린 뒤 잠금 안내가 떴고, 등록된 이메일은 현재도 사용할 수 있습니다. 예전에 배송지 주소를 수정한 기록은 정상 반영되었으며 그 주문의 배송 문제는 없습니다. 본인 확인 후 잠금을 해제해 구매 내역과 영수증에 다시 접근할 수 있게 해 주세요.
이 상담은 필요한 확인과 처리를 마쳐 종료된 기록입니다.",shipping,ctx-i-007,original-synthetic:advanced-context-ko-1.0
c-bbdd72b1d832,"종료된 별도 상담 건
보온 도시락이 예정일보다 늦게 도착해 사용하지 못했습니다. 상품은 포장 상태로 보관 중이며 주문을 취소하고 반품한 뒤 결제 금액을 돌려받고 싶습니다. 회수 신청 방법과 환급 시점을 안내해 주세요.
이 상담은 필요한 확인과 처리를 마쳐 종료된 기록입니다.

아래 문의는 이후 별도로 접수한 건입니다.
새로 접수한 문의
보온 도시락을 주문했는데 오늘 도착 예정으로 표시된 뒤 오후부터 배송 조회가 멈춰 있습니다. 선물할 날짜가 정해져 있어 현재 기사님에게 전달된 상태인지와 실제 수령 가능한 시간을 확인하고 싶습니다. 주문 주소는 결제 때 입력한 곳과 동일합니다.",shipping,ctx-i-057,original-synthetic:advanced-context-ko-1.0
c-33a587d21c1e,유리 화병 주문 내역을 확인하려고 로그인했는데 등록 이메일을 찾을 수 없다는 메시지가 나옵니다. 배송 완료 알림은 받았지만 계정에 들어가지 못해 영수증과 구매 정보를 열람할 수 없습니다. 가입자 본인 확인 후 로그인할 수 있도록 도와주세요.,account,ctx-i-059,original-synthetic:advanced-context-ko-1.0
c-0651def1bb5b,배구공 구매 내역을 보려고 로그인했는데 비밀번호 오류가 반복되어 계정이 잠겼습니다. 본인 확인 후 잠금 해제와 비밀번호 재설정을 진행해 주세요.,account,ctx-i-019,original-synthetic:advanced-context-ko-1.0
c-590a782ee535,배구공을 주문했는데 배송 조회에는 오늘 도착 예정으로 나오고 아직 배달 출발 표시가 없습니다. 오후 연습 전에 받아야 해서 현재 위치와 예상 도착 시간을 확인해 주세요.,shipping,ctx-i-019,original-synthetic:advanced-context-ko-1.0
c-3c645da832fb,"종료된 별도 상담 건
라탄 트레이를 주문하면서 문 앞 수령을 선택했는데 배송 기사님이 오늘 오후 방문 예정이라는 알림만 남겼습니다. 외출 시간이 겹칠 수 있어 현재 배송 위치와 도착 예상 시간을 확인하고, 필요하면 경비실 수령으로 전달해 주세요.
이 상담은 필요한 확인과 처리를 마쳐 종료된 기록입니다.

아래 문의는 이후 별도로 접수한 건입니다.
새로 접수한 문의
라탄 트레이를 구매한 계정의 이름을 수정하려고 회원정보 화면에 들어갔는데 본인 인증 단계에서 계속 중단됩니다. 주문 자체에는 문제가 없고, 표시 이름을 바꾸기 위해 인증을 다시 진행할 수 있는 방법을 알려 주세요.",account,ctx-i-023,original-synthetic:advanced-context-ko-1.0
c-22b9c05f1747,"무선 마우스를 연결해 보니 버튼 하나가 작동하지 않아 반품하려고 합니다. 구성품과 포장 상자는 모두 보관 중이니 회수 방법, 반품 배송비, 환급 완료 시점을 알려 주세요.",refund,ctx-i-005,original-synthetic:advanced-context-ko-1.0
c-0ee04c3e3299,"종료된 별도 상담 건
지난주 겨울용 스키 장갑을 주문하면서 회원 계정에 등록된 배송지와 연락처를 확인했고, 주문 금액도 카드로 정상 승인되었습니다. 주문 다음 날에는 물류센터 출고 안내와 운송장 번호가 문자로 도착했지만, 이전 상담에서 포장 물량이 몰려 실제 이동이 늦어질 수 있다는 설명을 들었습니다. 상담원은 금요일 전후 도착 가능성을 기록했으며, 결제 승인과 주문 생성 자체에는 문제가 없다고 확인했습니다.

그 뒤 주문 조회 화면에는 출고 완료로 표시되었고 운송장도 발급되었으므로 결제 취소나 상품 재주문을 요청한 적은 없습니다. 다만 이틀 전부터 운송장 조회 위치가 같은 지역에서 바뀌지 않고, 예정 도착일 항목은 빈칸으로 보이고 있습니다. 배송지 주소는 아파트 공동 현관으로 등록되어 있으며, 과거 다른 택배는 경비실 보관으로 처리된 이력이 있습니다.

참고로 이전 상담에서는 산간 지역의 기상 상황에 따라 배송 차량 배차가 늦어질 수 있다는 일반 안내도 받았습니다. 그 안내는 지연 가능성을 설명하기 위한 참고 내용이었고, 이번에 새로 배송지를 변경하거나 환불을 신청한 사실은 없습니다. 주문 상세 화면과 운송장 조회 결과를 캡처해 두었으니 필요하면 함께 확인해 주시기 바랍니다.

현재 주말에 예정된 스키 일정 전에 장갑을 받을 수 있는지 판단하려면 실제 화물의 현재 위치와 다음 이동 예정 시각이 필요합니다. 배송 기사님이 공동 현관에 두기 어려운 경우에는 경비실 보관이 가능한지, 또는 수령인이 별도로 연락해야 하는지도 확인하고 싶습니다. 이미 완료된 결제 처리나 과거 포장 지연을 다시 검토해 달라는 취지는 아닙니다.

따라서 이번에는 운송장 기준으로 배송이 어느 단계에 머물러 있는지 확인하고, 가능한 도착일과 수령 방법을 안내해 주시기 바랍니다. 주소나 주문자 정보에 오류가 있다면 그 사실도 함께 알려 주시면 바로 확인하겠습니다. 배송 상태 확인과 수령 조율이 이번 문의의 목적입니다.
이 상담은 필요한 확인과 처리를 마쳐 종료된 기록입니다.

아래 문의는 이후 별도로 접수한 건입니다.
새로 접수한 문의
스키 장갑 주문과 관련해 지난 상담 기록을 함께 남깁니다. 처음에는 결제 승인이 보류되어 주문이 자동 취소될 수 있다는 안내를 받았지만, 다음 날 승인 완료와 출고 알림이 모두 도착했습니다. 이후 장갑이 도착했으나 한쪽 손목 조임끈이 끊어진 상태였고, 사진을 첨부해 교환 가능 여부를 문의했습니다. 상담원은 재고 확인 뒤 반품 회수로 처리하겠다고 했지만 회수 접수 번호가 아직 생성되지 않았습니다. 오늘 확인한 화면에도 주문 상태가 배송 완료로만 남아 있어 반품 신청이 누락된 것 같습니다. 상품을 회수할 수 있도록 접수하고, 결제한 금액이 언제 어떤 방식으로 환급되는지 확정해서 알려 주세요. 카드 승인 취소가 늦어질 경우 확인할 기준일도 함께 부탁드립니다.",refund,ctx-i-052,original-synthetic:advanced-context-ko-1.0
c-d1d10b7263c5,"종료된 별도 상담 건
분리형 책장을 주문할 때 가족 명의 계정으로 결제했는데, 이후 제 계정으로 구매 내역을 옮겨 보려다 권한 오류가 발생했습니다. 주문번호와 결제 금액은 별도로 보관하고 있으며, 등록된 이메일 주소도 알고 있습니다. 현재 사용하는 휴대전화와 접속 지역은 평소와 같지만 가족 계정의 로그인 화면에서 인증 단계가 진행되지 않습니다.

예전에 그 계정의 비밀번호를 잊어 배송 문의를 대신 진행한 적이 있습니다. 당시 상담원이 주문번호로 배송 예정일을 확인해 주었고, 해당 책장은 이미 수령했으므로 그 배송 문의와 수령 확인은 완료된 상태입니다. 과거 상담에서 비밀번호를 임시로 변경한 사실은 없으며, 배송지나 수취인 정보를 다시 바꿔 달라는 요청도 아닙니다.

회원센터의 계정 복구 안내에는 등록 이메일 인증이나 본인 확인 후 비밀번호를 재설정할 수 있다고 적혀 있습니다. 이 안내는 일반 절차를 참고하기 위한 것이며, 가족 명의 계정의 실제 권한 이전이 자동으로 가능하다는 의미는 아닙니다. 구매 내역을 제 계정으로 옮기는 과정에서 발생한 오류 화면도 확인했지만, 결제 취소나 주문 변경은 시도하지 않았습니다.

오늘은 영수증을 내려받고 새 주문의 결제 상태를 확인해야 하는데 가족 계정에 로그인할 수 없습니다. 등록된 이메일은 알고 있으며 계정 명의자와 함께 본인 확인도 가능하므로, 어떤 인증 자료가 필요한지와 복구 신청 경로를 안내해 주세요. 단순히 주문 배송 예정일을 다시 알려 달라는 문의가 아니며, 이미 수령한 과거 주문을 재처리해 달라는 뜻도 아닙니다.

이번 요청은 가족 명의 계정의 로그인 복구와 구매 내역 열람 권한 확인입니다. 복구가 완료된 뒤 영수증과 새 주문 결제 상태를 확인할 수 있는지, 계정 간 구매 내역 이전이 제한된다면 대체 열람 방법이 무엇인지 알려 주십시오. 과거 배송 확인과 일반 복구 안내는 참고 이력이고, 현재 해결해야 할 문제는 인증 및 계정 접근 권한입니다.
이 상담은 필요한 확인과 처리를 마쳐 종료된 기록입니다.

아래 문의는 이후 별도로 접수한 건입니다.
새로 접수한 문의
분리형 책장은 주문 제작 옵션을 선택해 결제했으나, 상담 기록을 다시 확인해 보니 제작 전 취소 가능 기간이 아직 남아 있습니다. 예전에 배송이 늦었던 선반 주문은 이미 수령했고 그때의 지연 보상도 종결되었습니다. 이번 책장은 아직 제작 시작 알림이 없고, 이사 일정이 바뀌어 더는 필요하지 않습니다. 주문을 취소하면 회수할 물건은 없는지, 결제한 금액이 어떤 방식과 일정으로 환급되는지 안내해 주세요. 카드 결제 내역에는 승인만 남아 있어 취소 반영 시점도 확인하고 싶습니다.",refund,ctx-i-060,original-synthetic:advanced-context-ko-1.0
c-18bf7193a2ea,"종료된 별도 상담 건
보온 물주머니를 다시 주문하려고 구매 내역을 열었는데, 오래 사용하지 않은 계정이라 비밀번호 입력 뒤 추가 본인 확인 단계에서 화면이 멈추고 있습니다. 예전에 누수 상품을 반품할 때 상담원이 등록된 연락처로 처리 안내를 보냈으며, 그 반품과 환급은 이미 완료되어 카드 명세와 주문 기록에서 확인했습니다. 당시 배송지와 연락처를 확인한 기록도 있으나 현재 정보가 잘못되었다는 뜻은 아닙니다.

오늘 접속한 목적은 배송 중인 상품의 위치를 찾거나 과거 환급을 다시 신청하는 것이 아니라, 새 주문 전에 이전 구매 내역과 저장된 배송지를 확인하는 것입니다. 비밀번호 재설정 문자는 정상적으로 수신되고 새 비밀번호도 설정되지만, 인증번호를 입력하면 세션이 종료되어 다시 로그인 첫 화면으로 돌아갑니다. 집의 컴퓨터와 휴대전화에서 모두 같은 현상이 나타났고, 다른 네트워크에서도 결과가 달라지지 않았습니다.

상담 과정에서 등록 연락처의 일부와 최근 결제 내역을 대조해 본인 계정임을 확인할 수 있는 자료는 준비되어 있습니다. 다만 보안을 위해 상담원이 임의로 전화번호나 배송지를 바꾸지는 않기로 했으며, 비밀번호 재설정만으로는 문제를 해결하지 못했습니다. 이전 반품과 환급이 정상 처리되었다는 사실은 계정 소유 확인에 참고할 수 있지만, 그 거래를 다시 조정해 달라는 요청은 아닙니다.

현재 필요한 조치는 추가 본인 확인 절차를 거쳐 계정에 다시 로그인할 수 있도록 접근 권한을 복구하는 것입니다. 인증번호 입력 후 세션이 끊기는 원인을 확인하고, 필요한 경우 본인 확인 방법이나 재시도 절차를 안내해 주세요. 계정 복구가 끝난 뒤에는 구매 내역과 저장된 배송지를 제가 직접 열람할 수 있으면 됩니다.

이번 요청은 새 상품의 배송 조회, 과거 환급 재처리, 연락처 변경을 요구하는 것이 아닙니다. 등록된 회원정보를 유지한 상태에서 본인 확인을 완료하고 로그인 기능을 회복해 달라는 내용입니다. 복구를 위해 추가로 제출해야 할 정보가 있다면 안전한 제출 경로와 처리 예상 시간까지 알려 주시기 바랍니다.
이 상담은 필요한 확인과 처리를 마쳐 종료된 기록입니다.

아래 문의는 이후 별도로 접수한 건입니다.
새로 접수한 문의
지난달 보온 물주머니를 주문했을 때는 결제 승인 뒤 이틀 만에 출고되었고, 배송 중 포장이 눌려 판매처에서 새 상품을 다시 보내 주었습니다. 당시 상담에서는 첫 운송장 건을 회수한 뒤 재발송품을 별도로 등록한다고 안내받았으며, 반품 접수와 결제 취소 여부는 이미 처리된 것으로 확인했습니다. 상담 내용을 저장해 두었다가 오늘 주문 내역을 다시 보니 재발송된 보온 물주머니에도 이동 기록이 며칠째 갱신되지 않고 있습니다. 새 운송장 번호는 문자로 받았지만 어느 터미널에서 멈췄는지 화면에 표시되지 않아, 현재 상품 위치와 예상 수령일을 확인해 주시기 바랍니다. 집에 보관할 공간을 비워 두어 배송 상태를 알아야 하며, 환급이나 회원정보 변경은 이번 요청에 포함하지 않습니다.",shipping,ctx-i-046,original-synthetic:advanced-context-ko-1.0
c-6804ddab6fea,책상 케이블 홀더가 품절되어 주문이 자동 취소되었다는 알림을 받았습니다. 결제된 금액이 언제 환급되는지와 카드 승인 취소 내역을 확인해 주세요.,refund,ctx-i-029,original-synthetic:advanced-context-ko-1.0
c-2e92f8c9cfb1,"종료된 별도 상담 건
화분은 지난 금요일 배송 완료로 표시되었고, 수령 직후 바닥면과 배수구 주변에 긴 균열이 있는 것을 확인했습니다. 포장 상자의 외부 눌림과 내부 완충재 상태를 함께 촬영해 상담창에 첨부했으며, 주문번호와 결제 영수증도 판매처에 전달했습니다. 카드 결제와 배송비 결제는 모두 한 번에 승인되었고 승인 취소가 아직 이루어진 상태는 아닙니다.

처음 접수했을 때 상담원은 사진과 포장 상태를 검토한 뒤 회수 가능 여부를 안내하겠다고 했습니다. 이후 사진 자료가 접수되었다는 확인과 함께 파손 사실을 판매처 검토 대상으로 등록했다는 답변을 받았습니다. 계정의 배송지와 연락처는 주문 당시 정보와 일치하며, 배송 완료 시각도 택배 조회 기록에서 확인했습니다.

상담 과정에서 새 상품으로 교환하는 방법도 설명받았지만, 교환품을 다시 받는 대신 이번에는 거래를 취소하고 결제금액을 돌려받기로 결정했습니다. 이미 배송이 완료되었다는 이유로 환급이 끝난 것은 아니며, 반품 회수 일정도 아직 확정되지 않았습니다. 따라서 상품을 다시 보내 달라는 요청이나 배송 지연 확인이 현재 목적은 아닙니다.

반품을 위해 원래 상자와 완충재를 보관하고 있고, 추가 포장이 필요한 경우 안내에 따를 수 있습니다. 다만 깨진 부분을 임의로 분리하거나 폐기하면 안 되는지, 회수 기사에게 어떤 상태로 전달해야 하는지는 아직 안내받지 못했습니다. 결제 취소가 카드사에 반영되는 시점도 판매처의 회수 확인 이후인지 확인이 필요합니다.

이번에는 파손 상품의 반품 접수를 확정하고 결제금액 환급 절차를 진행해 주시기 바랍니다. 회수 방문 전에 준비할 포장 기준과 회수 예정일, 환급 승인 및 카드 반영 시점을 함께 알려 주시면 됩니다. 사진을 다시 제출하거나 교환 여부를 재검토하려는 것이 아니라 이미 선택한 반품과 환급을 처리해 달라는 요청입니다.
이 상담은 필요한 확인과 처리를 마쳐 종료된 기록입니다.

아래 문의는 이후 별도로 접수한 건입니다.
새로 접수한 문의
식물 화분을 주문했던 계정에서 구매 내역을 내려받으려는데 본인 인증 단계가 반복되어 다음 화면으로 넘어가지 않습니다. 과거 배송 중 화분 포장 파손을 상담한 기록과 환급 처리 결과는 별도 안내로 이미 확인했으며, 현재 상품의 배송 상태를 다시 묻는 것은 아닙니다. 휴대전화는 그대로 사용 중이지만 인증 앱을 초기화한 뒤부터 로그인할 때 추가 인증이 실패하고 있습니다. 주문서와 결제 영수증을 확인해야 해서 계정 접근을 되찾는 일이 급합니다. 인증 앱 재등록 방법이나 다른 본인 확인 수단이 있다면 안내해 주시고, 필요하면 회원정보에 등록된 기기 목록을 초기화해 주세요.",account,ctx-i-004,original-synthetic:advanced-context-ko-1.0
c-a56cdc302f16,"종료된 별도 상담 건
재사용 빨대 세트를 주문할 때 배송 메모에 무인 보관함으로 받아 달라고 적었고, 주문서에 입력한 주소와 연락처도 다시 확인했습니다. 이전 상담에서는 결제 승인 문자가 늦게 도착한 원인이 일시적인 카드사 처리 지연이라는 설명을 받았으며, 실제 청구는 한 번만 이루어져 결제 문제는 종료된 상태입니다. 회원 계정의 로그인이나 배송지 정보에도 수정할 사항은 없었습니다.

판매처는 지난주 주문 상품이 포장되어 출고되었다는 알림을 보냈고, 상담 기록에는 물류센터로 상품이 인계되었다는 내용이 남아 있습니다. 운송장 번호도 정상적으로 생성되었으므로 주문 누락이나 결제 미완료로 보이지는 않습니다. 다만 배송 조회 화면에는 사흘째 집하 완료라는 기록만 있고, 간선 이동이나 지역 영업소 도착 정보는 추가되지 않았습니다.

무인 보관함은 상품이 도착한 뒤 보관 기간이 짧아 예정일을 미리 알아야 수령 시간을 조정할 수 있습니다. 과거에 같은 택배사의 조회가 반나절 늦게 반영된 사례가 있다는 안내를 참고했지만, 이번 건이 그 경우인지 아직 확인되지 않았습니다. 상품을 취소하거나 환불받으려는 것이 아니며, 주소를 변경해 달라는 요청도 아닙니다.

현재 필요한 것은 운송장에 표시된 집하 이후 실제 상품이 어느 물류센터에 있는지 확인하는 일입니다. 오늘 중 다음 구간으로 발송될 가능성이 있는지, 지연 사유가 분류 대기인지 운송사 인계 문제인지도 함께 알려 주시면 무인 보관함 이용 계획을 세우겠습니다. 단순히 출고 알림을 다시 보내는 것으로는 현재 궁금한 배송 상태가 해결되지 않습니다.

따라서 이 주문의 최신 물류 이력과 예상 도착일을 확인해 안내해 주시기 바랍니다. 확인 결과 아직 출발하지 않았다면 다음 이동 예정 시점도 알려 주시고, 운송사에 별도 확인이 필요한 경우 접수 여부와 답변 예정일을 함께 남겨 주세요. 이미 완료된 결제나 계정 정보는 이번 확인 대상이 아닙니다.
이 상담은 필요한 확인과 처리를 마쳐 종료된 기록입니다.

아래 문의는 이후 별도로 접수한 건입니다.
새로 접수한 문의
재사용 빨대를 주문했을 때 결제 승인 문자가 늦게 도착해 주문이 접수되지 않은 줄 알고 다른 결제수단으로 다시 구매했습니다. 두 주문 모두 출고되었다는 알림이 온 뒤에야 첫 결제도 정상 승인된 것을 확인했고, 한 세트는 불필요해졌습니다. 배송 지연 여부를 문의했을 때 판매처는 포장 물량이 많아 출고가 늦었다고 답했으며, 현재 두 주문 모두 배송 중으로 표시됩니다. 중복으로 결제된 한 주문을 취소하고 환급받고 싶습니다. 이미 발송된 상품은 반품 접수 후 회수될 수 있도록 절차와 회수비 부담 기준을 알려 주세요. 계정 로그인과 등록 주소에는 문제가 없습니다.",refund,ctx-i-028,original-synthetic:advanced-context-ko-1.0
c-5c2eb8af62f1,"종료된 별도 상담 건
지난달 정원용 호스를 주문하면서 녹색 제품으로 결제했고, 주문번호와 카드 승인 내역은 상담 기록에 남아 있습니다. 처음에는 색상을 다른 것으로 바꿀 수 있는지 문의했지만 출고 준비가 시작된 뒤라 변경하지 않기로 했고, 결제 승인도 그대로 유지하기로 확인했습니다. 이후 주문 상품은 포장 완료 상태라는 안내를 받았으며 색상 변경이나 결제 취소를 다시 요청하는 상황은 아닙니다.

배송 예정일은 오늘 오전으로 표시되어 있었고, 오전에 확인한 조회 화면에는 아직 배송 차량에 상차되지 않은 것으로 나타났습니다. 판매처 상담원은 운송장 번호가 정상 등록되었다고 설명했지만, 실제 물류 이동 시각은 별도로 확인되지 않았습니다. 현관 앞 수령이 어렵다는 점은 이전 상담에서 전달했으나 기사에게 확정된 시간으로 공유되었는지는 알 수 없습니다.

수령인은 평일 오후 네 시 전에는 집을 비우며, 공동현관에 물건을 두고 가는 방식도 이용하기 어렵습니다. 배송 지연 사유를 새로 조사하거나 주문 상품을 바꾸려는 것이 아니라, 현재 택배가 어느 지역에 있는지와 오늘 배달 가능성이 있는지를 확인하려는 것입니다. 필요한 경우 배송 메모에 오후 네 시 이후 수령 가능 시간을 다시 반영할 수 있습니다.

참고를 위해 이전 상담에서 받은 주문번호 메모, 결제 승인 화면, 운송장 조회 화면을 함께 보관하고 있습니다. 이 자료는 이미 끝난 색상 변경 및 결제 확인 과정을 다시 처리해 달라는 뜻이 아니라 현재 배송 상태를 대조하기 위한 것입니다. 과거 안내에서 배송 예정일이 한 차례 수정된 사실도 있으므로 최신 조회 결과를 기준으로 안내해 주시면 됩니다.

이번에는 운송장 기준의 현재 위치와 예상 도착 시간을 확인해 주시고, 기사님께 오후 네 시 이후 수령 가능하다는 내용을 전달해 주세요. 배송이 오늘 어려우면 가능한 다음 배달일도 함께 알려 주시면 일정 조정에 참고하겠습니다. 상품 변경, 환불, 결제 재승인은 요청하지 않으며 배송 진행과 수령 시간 조율만 부탁드립니다.
이 상담은 필요한 확인과 처리를 마쳐 종료된 기록입니다.

아래 문의는 이후 별도로 접수한 건입니다.
새로 접수한 문의
정원용 호스 주문을 확인하려고 했는데, 예전에 휴대전화 번호를 바꾼 뒤부터 로그인 과정에서 본인 확인이 계속 실패합니다. 이전 상담에서는 배송 예정일을 안내받았고 그 주문 자체는 정상적으로 수령했으며, 결제 취소나 재배송을 요청하는 상황은 아닙니다. 저장된 주문 내역과 회원정보를 확인해야 하는데 비밀번호 재설정 메일도 현재 사용하지 않는 주소로 발송됩니다. 새 번호와 본인 확인 자료를 제출할 수 있으니 등록된 연락처를 갱신하고 계정에 다시 접근할 수 있도록 도와주세요. 상담 기록에는 과거 배송 문의가 남아 있지만 오늘 해결할 문제는 계정 복구입니다.",account,ctx-i-042,original-synthetic:advanced-context-ko-1.0
c-3f5ab52e9359,"필라테스 링을 반품하고 싶습니다. 사용 전 확인 과정에서 손잡이 연결부가 흔들려 안전하게 쓸 수 없었고, 포장도 그대로 보관 중이니 회수 신청과 환급 일정을 알려 주세요.",refund,ctx-i-055,original-synthetic:advanced-context-ko-1.0
c-d99a8fe054e1,"종료된 별도 상담 건
정원용 호스는 지난달 행사에 맞춰 주문했으나 예정일보다 사흘 늦게 도착했습니다. 배송이 늦어진 당시 상담에서는 우선 상품을 받은 뒤 포장과 구성품 상태를 확인하고 문제가 있으면 다시 접수하기로 안내받았습니다. 배송 지연에 대한 문의와 보상 가능 여부를 확인한 기록은 남아 있지만, 그 사유를 다시 설명해 달라는 요청은 아닙니다.

상품은 도착한 날부터 사용하지 않은 채 원래 상자와 완충재를 그대로 보관했습니다. 카드 결제는 정상 승인되었고, 배송 완료 처리도 주문 화면에 반영되어 있어 미배송을 주장하는 상황은 아닙니다. 회원 계정의 주문 내역과 당시 상담 일시는 확인했으며, 수령인 주소나 연락처를 변경할 필요도 없습니다.

오늘 반품 전 포장을 점검하려고 상자를 열었는데 호스 본체와 설명서는 있었지만 연결 부품 하나가 들어 있지 않았습니다. 누락된 부품만 별도로 보내 달라는 방법도 생각했으나, 사용 예정일이 이미 지나고 구성품이 완전하지 않아 상품 전체를 계속 보관하기 어렵습니다. 포장 훼손이나 사용 흔적은 없으며 누락 상태를 촬영한 사진도 준비해 두었습니다.

이전에 받은 배송 지연 안내와 결제 승인 내역은 이번 접수에 필요한 참고 자료로 첨부할 수 있습니다. 해당 자료는 지연 원인을 재조사하거나 배송 완료 여부를 다시 확인해 달라는 새로운 업무가 아니며, 주문과 수령 사실을 확인하기 위한 근거입니다. 반품 가능 기간과 회수 주소가 주문 당시 주소와 같은지도 함께 대조해 주시면 됩니다.

이번 요청은 미사용 상품의 반품 접수와 결제 금액 환급 절차를 안내해 달라는 것입니다. 회수 기사 방문 가능일, 포장 방법, 환급이 실제 결제 수단에 반영되는 시점을 알려 주시고 필요한 사진이나 양식이 있으면 제출 방법도 안내해 주세요. 배송 지연에 대한 별도 설명이나 재배송을 요청하는 것이 아니라, 받은 상품을 반환하고 환급받는 절차만 진행하고자 합니다.
이 상담은 필요한 확인과 처리를 마쳐 종료된 기록입니다.

아래 문의는 이후 별도로 접수한 건입니다.
새로 접수한 문의
지난 상담에서 정원용 호스의 색상 변경 요청은 처리하지 않기로 했고, 결제 승인도 그대로 유지되어 있습니다. 오늘 배송 조회를 하니 오전에 배달 예정이던 물건이 아직 배송 차량에 실리지 않은 것으로 보입니다. 현관 앞 수령이 어려워 오후 네 시 이후에만 받을 수 있으니, 현재 위치와 가능한 도착 시간을 확인해 주시고 기사님께 해당 시간대를 전달해 주세요. 이전 상담에서 안내받은 주문번호 메모와 조회 화면도 함께 보관하고 있습니다.",shipping,ctx-i-042,original-synthetic:advanced-context-ko-1.0
c-417332713dc5,"종료된 별도 상담 건
전동 칫솔 거치대는 욕실 정리 일정에 맞춰 받을 예정이었으나 판매처의 출고가 여러 차례 미뤄졌습니다. 판매처는 전원 부품의 검수 과정에서 문제가 발견되어 아직 택배사에 상품을 넘기지 못했다고 설명했습니다. 주문할 때 선택한 빠른 배송 서비스의 추가 요금도 상품 금액과 별도로 카드에 함께 승인되어 주문 내역에 남아 있습니다.
이전 상담에서는 배송이 늦어질 경우 일반 배송으로 전환할 수 있는지와 임시 숙소로 배송지를 바꿀 수 있는지를 문의했습니다. 배송지 변경 요청은 출고 전이라 시스템에 반영되었지만, 상품이 발송되지 않아 실제 배송지 문제가 발생한 적은 없습니다. 판매처가 안내한 부품 검수 결과와 출고 지연 사유도 이미 확인했으므로 같은 설명을 다시 요청하는 것이 이번 문의의 목적은 아닙니다.
현재까지 운송장에 유효한 집하 기록이 없고 상품도 수령하지 못했습니다. 따라서 반품을 위해 물건을 회수하거나 배송 완료 후 환불을 기다리는 절차는 적용하기 어렵습니다. 주문을 유지해 새 출고일을 기다리는 대신 설치 계획을 취소하기로 했으며, 결제된 금액을 어떤 범위로 돌려받을 수 있는지 확인하려고 합니다.
참고 자료에는 판매처의 검수 안내, 주문일과 결제일, 빠른 배송비가 별도 항목으로 표시된 내역이 포함되어 있습니다. 카드사 승인 문자는 결제가 접수되었다는 사실을 보여 줄 뿐 환급이 완료되었다는 뜻은 아니며, 과거 배송지 변경 상담도 환불 신청을 대신한 기록은 아닙니다. 이 자료는 취소와 환급 가능 범위를 판단하기 위한 배경으로만 확인해 주십시오.
이번에는 미출고 주문 자체를 취소하고 상품값과 별도로 결제된 빠른 배송비까지 환급 신청할 수 있는지 안내해 주세요. 취소가 승인될 경우 카드 승인 취소가 언제 접수되고 실제 이용 한도나 명세서에 언제 반영되는지도 알려 주시기 바랍니다. 배송지 변경이나 출고 지연 사유를 다시 처리하는 것이 아니라 주문 취소와 환급 절차를 요청드립니다.
이 상담은 필요한 확인과 처리를 마쳐 종료된 기록입니다.

아래 문의는 이후 별도로 접수한 건입니다.
새로 접수한 문의
전동 칫솔 거치대의 주문서를 저장하려고 로그인했는데, 본인 인증 단계에서 등록된 전화번호가 일치하지 않는다는 안내가 나옵니다. 예전에 배송지를 임시 숙소로 바꾼 기록과 결제 승인 관련 상담은 모두 마무리되었고, 주문도 정상적으로 배송된 상태입니다. 현재 상품이나 결제 내역을 다시 처리하려는 것은 아닙니다.
휴대전화 번호를 변경한 뒤 계정에 새 번호가 반영되지 않은 것 같습니다. 본인 확인에 필요한 절차를 안내하고 회원정보의 연락처를 수정한 뒤 로그인 권한을 회복해 구매 내역을 열람할 수 있게 해 주세요.",account,ctx-i-040,original-synthetic:advanced-context-ko-1.0
c-01a415277f44,"종료된 별도 상담 건
주문번호 48172로 물놀이 튜브를 구매하면서 처음에는 자택 주소를 입력했으나, 가족 일정 때문에 친척 집에서 받기로 하여 출고 전 배송지 변경을 요청했습니다. 상담원은 상품 포장 단계가 지나 주소를 바로 수정하기 어렵고, 운송장이 생성되면 기사에게 전달 요청을 남겨 보겠다고 안내했습니다. 해당 상담 내용과 변경 요청 기록은 주문 이력에 저장되어 있으며 결제는 이미 정상 승인된 상태입니다.

이후 운송장 번호가 등록되었고 택배사 배정 알림도 수신했습니다. 상담원에게 전달 요청을 남겼다는 확인은 받았지만, 택배 조회 화면에는 여전히 최초에 입력한 자택 주소가 배송지로 표시됩니다. 회원 계정의 연락처와 주문자 정보는 변동이 없고, 앱과 웹사이트에서 같은 배송 상태가 보이는 것도 확인했습니다.

친척 집 주소를 다시 입력해 보았으나 주문 화면에서는 수정 버튼이 비활성화되어 있었습니다. 상담 기록에는 기사에게 변경 가능 여부를 문의하겠다는 내용만 있고, 실제 배송지가 바뀌었다는 확정 안내는 없습니다. 따라서 이전 상담이 완료된 주소 변경으로 보아 배송이 끝났다고 판단하지 말고 현재 운송 흐름을 별도로 확인해야 합니다.

물놀이 일정이 가까워 배송 지연이나 잘못된 수령을 피해야 합니다. 다만 주문 취소나 결제 환급을 요청하는 것은 아니며, 상품을 받을 수 있는 방법을 우선 확인하려는 상황입니다. 기존 상담 내역은 참고 자료로 활용하되, 현재 택배사 조회 결과와 기사 전달 가능 여부를 기준으로 안내해 주시기 바랍니다.

현재 운송장 기준으로 물품의 실제 배송 위치와 도착 예정일을 확인해 주세요. 친척 집으로 배송지를 조정할 수 있다면 처리하고, 불가능하다면 영업소 보관이나 대리 수령처럼 오늘 안에 선택할 수 있는 대체 수령 방법을 안내해 주세요.
이 상담은 필요한 확인과 처리를 마쳐 종료된 기록입니다.

아래 문의는 이후 별도로 접수한 건입니다.
새로 접수한 문의
지난여름 물놀이 튜브를 구매했을 때 계정에 등록된 주소가 잘못되어 상담원이 배송지 수정 방법을 안내한 적이 있습니다. 그 문제는 당시 주문에 반영되어 이미 물품도 정상 수령했습니다. 이번에는 새 튜브를 주문한 뒤 구매 내역을 확인하려고 로그인했는데 비밀번호 재설정 메일이 도착하지 않고, 등록된 보조 이메일도 더는 사용할 수 없습니다. 본인 확인 후 로그인 수단을 복구하고 새 이메일을 등록할 수 있도록 도와주세요.",account,ctx-i-018,original-synthetic:advanced-context-ko-1.0
c-0e855797a6e0,벽걸이 선반 배송 조회를 해보니 어제부터 지역 물류센터에 멈춰 있습니다. 이번 주말 손님 오기 전에 받아야 해서 현재 위치와 예상 도착일을 확인해 주세요.,shipping,ctx-i-021,original-synthetic:advanced-context-ko-1.0
c-ae8fa9ba50ed,"새로 접수한 문의
냉장고 정리함을 추가로 주문하려고 예전 구매 내역을 찾던 중 계정에서 갑자기 로그아웃되었습니다. 비밀번호 재설정 메일을 여러 번 요청했지만 등록된 메일함에는 도착하지 않았고, 휴대전화 번호를 바꾼 뒤라 문자 인증도 진행되지 않습니다. 과거 상담에서 배송지 변경을 요청했던 기록과 해당 주문의 결제 내역은 상담원 확인으로 남아 있으며, 그 냉장고 정리함은 이미 정상 수령해 현재 사용 중입니다. 오늘 필요한 것은 새 배송 조회가 아니라 주문 목록을 다시 열 수 있도록 회원 계정의 본인 확인 절차를 안내받는 일입니다. 이전에 쓰던 연락처와 최근 결제 정보는 확인 자료로 제출할 수 있습니다. 계정에 등록된 이메일과 전화번호를 어떤 순서로 갱신해야 접근 권한이 복구되는지 알려 주세요.

아래에는 상담 시 참고할 수 있도록 종료된 별도 건의 기록을 덧붙였습니다.
종료된 별도 상담 건
지난달 냉장고 정리함을 주문하면서 처음에는 이전 거주지 주소가 주문서에 남아 있어 상담을 접수했습니다. 상담원은 출고 전 변경 가능 여부를 확인했고, 판매처가 새 주소를 주문 정보에 반영했다는 답변과 수정 시각을 기록으로 남겼습니다. 결제 승인은 이미 정상 완료되었고 상품 자체의 옵션이나 수량을 바꾸려는 요청은 하지 않았습니다. 이번에 확인해 주실 내용은 현재 운송장에 표시된 배송지가 새 주소와 일치하는지, 그리고 배달 예정일이 언제인지입니다. 오늘 조회 화면에는 물품이 지역 터미널에 도착한 뒤 기사 인계 전 상태로 머물러 있어 실제 배달 경로를 판단하기 어렵습니다. 주말에 수령할 사람이 집에 있을 예정이므로 주소 오류가 발견되면 판매처와 택배사 중 어느 곳에 먼저 연락해야 하는지도 안내해 주십시오. 과거 상담에는 판매처의 주소 변경 처리와 운송장 번호가 함께 남아 있지만, 그 기록만으로 현재 터미널의 배송지 표시까지 정상이라고 단정하기는 어렵습니다. 따라서 주문 취소나 새 상품 발송이 아니라 이번 배송 건의 현 위치와 수령 가능일을 확인해 주시기 바랍니다.
이 상담은 필요한 확인과 처리를 마쳐 종료된 기록입니다.",account,ctx-i-002,original-synthetic:advanced-context-ko-1.0
c-65875c530d8a,배구공이 예정일보다 늦게 도착해 사용하지 못했습니다. 주문을 취소하고 결제 금액을 환급받으려면 어떻게 해야 하나요?,refund,ctx-i-019,original-synthetic:advanced-context-ko-1.0
c-c9c3f654aaf8,야외용 랜턴을 받아 보니 점등 시간이 안내보다 짧고 충전 단자도 흔들립니다. 반품 접수 후 결제한 금액을 환급받는 절차를 알려 주세요.,refund,ctx-i-031,original-synthetic:advanced-context-ko-1.0
c-865d9860009d,수납 바구니의 손잡이가 깨져 반품 접수했습니다. 회수는 끝났으니 결제 취소와 환급 일정을 알려 주세요.,refund,ctx-i-049,original-synthetic:advanced-context-ko-1.0
c-36933833d2a8,"모니터 받침대가 주문 후 열흘이 지나도 출고되지 않아 책상 설치 일정에 맞추지 못했습니다. 판매처에서 부품 검수 중이라는 안내를 받았고, 주문은 아직 발송 전 상태입니다. 사용하지 않은 주문을 취소하고 결제 금액을 환급받는 절차를 알려 주세요.",refund,ctx-i-039,original-synthetic:advanced-context-ko-1.0
c-a6be6027581e,도서 운반 카트 구매 내역을 확인하려고 로그인했지만 비밀번호 오류가 반복되어 접근이 막혔습니다. 등록된 회원정보를 확인하고 본인 인증 후 계정 접근을 복구해 주세요.,account,ctx-i-041,original-synthetic:advanced-context-ko-1.0
c-f5379cd36528,"종료된 별도 상담 건
예전에 자전거 펌프를 결제한 뒤 주문 내역이 계정 화면에서 보이지 않아 상담을 접수했습니다. 당시 상담원은 서버 동기화가 늦어진 일시적인 화면 오류라고 설명했고, 몇 시간 뒤 주문 내역과 결제 영수증이 다시 표시되어 그 문제는 종료되었습니다. 해당 주문의 배송과 결제 처리는 이미 완료되었으며 취소나 환급을 요청할 사안이 아닙니다.

오늘은 다른 펌프의 전자 영수증을 내려받기 위해 평소 사용하던 회원 계정에 로그인했습니다. 비밀번호 입력과 이메일 주소는 정상적으로 통과했지만, 등록된 휴대전화로 보내는 본인 인증번호가 도착하지 않아 주문 상세 화면으로 진행할 수 없습니다. 통신사 변경이나 휴대전화 번호 변경은 없었고, 같은 기기에서 여러 차례 재전송을 시도했습니다.

접속 환경도 확인해 보았습니다. 가정용 와이파이와 모바일 데이터에서 각각 시도했고 문자 수신 차단 목록과 휴대전화 저장 공간에도 특별한 문제가 없었습니다. 다른 서비스의 문자는 정상적으로 수신되므로 단순히 휴대전화가 꺼져 있거나 통신이 끊긴 상황으로 보이지 않으며, 계정에 등록된 번호가 현재 번호와 다르게 표시되는지도 확인할 필요가 있습니다.

이전에 주문 내역이 늦게 나타났던 화면 오류와 완료된 결제 기록은 현재 인증 장애의 경위를 설명하기 위한 참고 자료입니다. 이번 문의에서 과거 주문을 다시 복원하거나 상품을 취소해 달라는 뜻은 아니며, 배송 상태를 조회해 달라는 요청도 아닙니다. 영수증을 확인하려면 먼저 회원 인증 수단이 정상적으로 작동해야 합니다.

따라서 등록된 휴대전화로 인증번호가 오지 않는 원인을 확인하고, 본인 확인을 완료할 수 있는 대체 인증 방법이나 복구 절차를 안내해 주시기 바랍니다. 번호 정보가 계정에 잘못 연결된 경우 변경에 필요한 확인 자료와 처리 순서도 알려 주세요. 인증 수단이 복구된 뒤 주문 영수증에 다시 접근하는 방법까지 함께 설명해 주시면 됩니다.
이 상담은 필요한 확인과 처리를 마쳐 종료된 기록입니다.

아래 문의는 이후 별도로 접수한 건입니다.
새로 접수한 문의
지난달 자전거 펌프 주문 때 배송지가 한 번 잘못 입력되어 상담을 남겼지만, 그 건은 주소 수정 후 수령까지 끝났습니다. 오늘 새로 주문한 펌프는 출고 알림만 있고 사흘째 이동 기록이 없어 배송 흐름을 확인하려고 합니다. 주문 화면에는 운송장 번호가 보이지만 지역 터미널 도착 여부가 표시되지 않아 실제 위치를 알기 어렵습니다. 주말 라이딩 전에 받아야 하니 현재 어느 단계에 있는지와 배달 예정일을 알려 주세요.",shipping,ctx-i-022,original-synthetic:advanced-context-ko-1.0
c-b2d355fcfc7c,"새로 접수한 문의
조각용 점토를 구매한 뒤 주문 상세를 보려 했지만 비밀번호 오류가 반복되어 계정에 들어갈 수 없습니다. 본인 확인 후 비밀번호를 재설정하고 구매 내역을 다시 볼 수 있게 해 주세요.

아래에는 상담 시 참고할 수 있도록 종료된 별도 건의 기록을 덧붙였습니다.
종료된 별도 상담 건
조각용 점토는 색상이 주문한 구성과 달라 반품하려고 합니다. 포장은 다시 해 두었고 결제 금액을 돌려받을 수 있도록 회수 신청과 환급 절차를 안내해 주세요.
이 상담은 필요한 확인과 처리를 마쳐 종료된 기록입니다.",account,ctx-i-013,original-synthetic:advanced-context-ko-1.0
c-1f938aa64f1c,"종료된 별도 상담 건
전시용 액자는 오늘 오전 출고 처리되었다고 확인했습니다. 설치 일정이 내일 오후라 현재 배송 위치와 도착 예정 시간을 먼저 알려 주시면 현장에서 수령인을 조정하겠습니다.
이 상담은 필요한 확인과 처리를 마쳐 종료된 기록입니다.

아래 문의는 이후 별도로 접수한 건입니다.
새로 접수한 문의
전시용 액자 주문서를 다시 출력하려고 회원 페이지에 들어갔는데 로그인 단계에서 계정이 잠겼다는 안내가 나옵니다. 등록된 이메일로 재설정을 시도했지만 인증 메시지가 오지 않으니 본인 확인과 잠금 해제를 진행해 주세요.",account,ctx-i-053,original-synthetic:advanced-context-ko-1.0
c-47d468093570,"새로 접수한 문의
대형 퍼즐의 구매 기록을 내려받으려다 로그인 화면에서 계정이 잠겼습니다. 여러 번 비밀번호를 잘못 입력한 뒤 본인 인증 단계로 넘어가지 않으며, 주문 자체의 배송이나 취소를 문의하는 것은 아닙니다. 잠금 해제와 비밀번호 재설정 방법을 안내해 주세요.

아래에는 상담 시 참고할 수 있도록 종료된 별도 건의 기록을 덧붙였습니다.
종료된 별도 상담 건
대형 퍼즐을 주문했지만 조각 수가 생각보다 많아 완성할 시간이 없어졌습니다. 상자는 개봉하지 않았고 결제 내역도 그대로 확인되니 주문을 취소하고 반품하고 싶습니다. 회수 신청 뒤 환급되는 금액과 처리 기간을 알려 주세요.
이 상담은 필요한 확인과 처리를 마쳐 종료된 기록입니다.",account,ctx-i-043,original-synthetic:advanced-context-ko-1.0
c-c785aa756eaf,"종료된 별도 상담 건
지난달 보온 물주머니를 주문했을 때 결제 승인은 정상적으로 완료되었고, 처음 발급된 운송장으로는 이틀 뒤 출고된 사실이 확인되었습니다. 그러나 이동 중 포장이 눌려 판매처가 상품을 회수하고 같은 제품을 다시 보내기로 했으며, 첫 운송장에 대한 반품 접수와 결제 취소 처리는 상담 기록에서 완료된 것으로 남아 있습니다. 당시 상담원은 재발송품에 새 운송장 번호를 부여하고 기존 배송 건과 분리해 관리하겠다고 안내했습니다.

이후 문자로 새 운송장 번호를 받았고 주문 내역에도 재발송품이 등록된 것은 확인했습니다. 회원정보나 배송지에는 변경 사항이 없었으며, 카드 결제와 환급 관련 기록도 이미 정리되어 이번 확인 대상이 아닙니다. 다만 재발송품은 출고 안내를 받은 뒤 며칠이 지나도록 배송 조회 화면에 새로운 이동 기록이 나타나지 않고 있습니다.

판매처에 문의했을 때는 택배사 인계가 끝났다는 답을 받았지만, 어느 터미널에서 처리 중인지와 실제 집하 시점은 안내받지 못했습니다. 과거 포장 손상으로 인한 회수와 재발송 절차는 참고용 이력으로 남겨 두었고, 첫 상품의 배송 문제를 다시 처리해 달라는 뜻은 아닙니다. 현재 주문 화면에서 확인 가능한 정보가 제한되어 수령 준비를 계속하기 어렵습니다.

집에 보관 공간을 비워 두어야 하므로 재발송된 보온 물주머니가 현재 어느 위치에 있는지 확인해 주시기 바랍니다. 새 운송장 기준으로 마지막 스캔 지점과 배송 지연 여부를 확인하고, 가능하다면 예상 수령일도 함께 알려 주시면 됩니다. 환급 재처리나 회원정보 수정은 이번 문의에서 요청하지 않습니다.

이번 요청은 이미 끝난 반품이나 결제 취소를 다시 검토하는 것이 아니라, 교체되어 발송된 상품의 운송 상태를 확인하는 데 목적이 있습니다. 택배사 조회에 표시되지 않는 내부 이동이 있다면 그 사실도 구분해 안내해 주세요. 배송 위치와 수령 예정일을 확인한 결과만 회신해 주시면 됩니다.
이 상담은 필요한 확인과 처리를 마쳐 종료된 기록입니다.

아래 문의는 이후 별도로 접수한 건입니다.
새로 접수한 문의
보온 물주머니를 받은 날 마개 주변에서 물이 새는 것을 확인해 사진과 주문 정보를 상담창에 남겼습니다. 판매처는 사용을 중단하고 상품을 포장해 보내면 검수 후 처리하겠다고 했고, 회수 기사 방문도 한 차례 잡혔으나 포장재가 늦게 도착해 일정이 취소되었습니다. 이후 새 포장재를 받아 물주머니를 발송했고, 택배 조회에는 판매처 도착으로 표시되지만 검수 결과나 결제 취소 안내는 아직 오지 않았습니다. 지난 상담에서 배송 지연에 따른 보상 가능성도 잠깐 문의했으나 그 답변은 확인했고, 지금 필요한 것은 회수된 보온 물주머니의 반품 승인 여부와 결제 금액 환급 일정입니다. 카드 승인 취소가 언제 반영되는지, 추가로 제출할 자료가 있는지도 함께 알려 주세요.",refund,ctx-i-046,original-synthetic:advanced-context-ko-1.0
c-0a7f8c1ac440,"종료된 별도 상담 건
분리형 책장을 주문한 뒤 배송 기사 방문 전에 조립 공간을 비워 두려고 주문 내역과 배송 일정을 확인하고 있습니다. 이전에 같은 판매처에서 주문한 선반은 배송지가 잘못 입력되어 반송된 적이 있지만, 상담을 거쳐 주소를 수정하고 재배송까지 완료했으며 해당 건은 작년에 종결되었습니다. 이번 주문의 결제는 정상 승인되었고 회원정보에 등록된 주소도 주문서와 일치하는 것으로 확인했습니다.

주문 당시 입력한 공동현관 비밀번호는 배송 메모에서 삭제해 두었고, 경비실 보관이 어렵다는 내용은 상담 이력에 남아 있습니다. 판매처의 일반 배송 안내문에는 대형 가구가 지역 물류센터에서 별도 배정될 수 있고, 방문 전 기사 연락이 진행된다고 적혀 있어 참고하고 있습니다. 다만 안내문은 일반적인 절차를 설명한 자료일 뿐 이번 주문의 실제 이동 상태를 확정하는 기록은 아닙니다.

이번 책장은 결제 후 출고 알림을 받았으나 조회 화면에는 운송장만 생성되고 실제 이동 기록이 없습니다. 주문 상세 화면을 여러 번 확인했고 주소 변경이나 수취인 변경을 요청한 사실은 없으므로, 과거 반송 건과 현재 주문을 혼동하지 않고 확인할 필요가 있습니다. 이사 날짜가 가까워 배송 지연 여부를 판단할 수 있는 현재 상태가 필요합니다.

수령 가능한 날짜는 다음 주 화요일부터 목요일까지이며, 평일 오후에는 직접 받을 수 있습니다. 부재 시 경비실에 맡길 수 없는 구조이므로 기사 방문 전에 연락이 필요한지, 대형 화물로 배정되었는지도 함께 확인해 주십시오. 배송지를 다시 수정하거나 과거 주문을 재처리해 달라는 요청은 아닙니다.

이번 문의에서는 새 분리형 책장의 운송장 이후 실제 배송 진행 상황과 방문 예정일을 확인해 주시기 바랍니다. 가능하다면 담당 물류센터와 기사 연락 예정 시점도 알려 주시면 조립 공간을 준비하겠습니다. 과거 주소 오류와 재배송 완료 내역은 참고용이며, 현재 요청은 이번 주문의 배송 상태와 수령 일정 조율에 한정됩니다.
이 상담은 필요한 확인과 처리를 마쳐 종료된 기록입니다.

아래 문의는 이후 별도로 접수한 건입니다.
새로 접수한 문의
분리형 책장을 주문할 때 가족 명의 계정으로 결제했는데, 이후 제 계정으로 구매 내역을 옮겨 보려다 권한 오류가 발생했습니다. 예전에 그 계정의 비밀번호를 잊어 배송 문의를 대신 진행한 적이 있지만, 당시 상담원이 주문번호로 배송 예정일을 확인해 주었고 책장은 이미 수령했습니다. 오늘은 영수증을 내려받고 새 주문의 결제 상태를 확인해야 하는데 가족 계정에 로그인할 수 없습니다. 등록된 이메일은 알고 있으며 본인 확인도 가능하니 계정 복구와 구매 내역 열람 권한을 안내해 주세요.",account,ctx-i-060,original-synthetic:advanced-context-ko-1.0
c-5092ea2b249f,"새로 접수한 문의
휴대용 선풍기 주문 내역에서 지난달 배송비가 별도로 청구된 이유를 확인하려고 계정에 들어갔습니다. 예전에 비밀번호를 여러 번 잘못 입력해 일시 잠금이 걸린 적이 있어 상담원 안내에 따라 본인 확인을 마치고 잠금을 해제한 기록이 있습니다. 당시에는 주문 목록과 결제 내역을 정상적으로 열어 보았고, 배송이 늦었던 이전 주문도 이미 수령하여 별도 조치는 끝났습니다. 그런데 오늘 새로 로그인하려 하니 등록된 이메일로 인증번호가 오지 않고, 다른 인증 수단을 선택하는 메뉴도 표시되지 않습니다. 비밀번호 재설정 화면까지 이동할 수 있도록 본인 인증과 로그인 접근을 복구해 주세요. 주문 상태나 환불 여부를 묻는 것이 아니라 계정에 다시 들어가 확인하려는 상황입니다.

아래에는 상담 시 참고할 수 있도록 종료된 별도 건의 기록을 덧붙였습니다.
종료된 별도 상담 건
지난주 휴대용 선풍기 주문 건으로 배송 진행 상황을 확인해 주시기 바랍니다. 처음에는 결제 승인 문자가 늦게 도착해 결제가 정상 처리되었는지 문의했으나, 상담원이 카드 승인 내역과 실제 청구 여부를 확인했고 현재 결제는 한 번만 완료된 상태입니다. 회원정보에 저장된 이름, 연락처, 수령 주소도 주문 당시와 같으며 공동현관 출입 방법은 주문 메모에 입력되어 있습니다. 상담 중에는 상품이 포장되면 운송장 조회가 가능하고, 포장 완료 뒤 물류센터 인계까지 시간이 걸릴 수 있다는 안내를 받았습니다. 이 안내와 이전 상담 기록은 참고용으로 남겨 두는 것이며, 결제 승인이나 주소 변경을 다시 요청하는 내용은 아닙니다. 이틀 전 포장 완료 알림을 받았지만 주문 화면은 여전히 배송 준비 중으로 표시되고 운송장 번호도 활성화되지 않았습니다. 오늘 오전까지 상태가 그대로라서 실제 출고 여부와 현재 이동 위치를 확인해 주시고, 가능한 수령 예정일을 알려 주시면 좋겠습니다. 환불이나 결제 취소가 아니라 이번 주문의 배송 단계와 도착 일정을 확인해 주시는 것이 현재 요청입니다.
이 상담은 필요한 확인과 처리를 마쳐 종료된 기록입니다.",account,ctx-i-026,original-synthetic:advanced-context-ko-1.0
c-497088da4554,책상 케이블 홀더 구매 내역을 확인하려고 로그인했는데 본인 인증번호가 오지 않습니다. 등록된 이메일을 확인하고 로그인 접근을 복구해 주세요.,account,ctx-i-029,original-synthetic:advanced-context-ko-1.0
c-7df3322448a2,"새로 접수한 문의
탁상 시계 주문의 구매확정 여부를 확인하려고 계정에 들어갔는데 비밀번호가 맞지 않는다는 안내가 반복됩니다. 몇 달 전 회원정보에서 연락처를 바꾼 뒤 알림 수신은 정상인데 로그인만 되지 않았고, 당시 시계 배송은 완료되어 수령 확인까지 마쳤습니다. 비밀번호 재설정 화면에서 본인 확인 단계가 계속 중단되므로 계정 잠금을 풀고 로그인 수단을 복구해 주세요. 복구 후에는 구매 내역에서 해당 주문의 상태를 직접 확인하려고 합니다.

아래에는 상담 시 참고할 수 있도록 종료된 별도 건의 기록을 덧붙였습니다.
종료된 별도 상담 건
이번 요청은 이미 발송된 탁상 시계 주문에 대해 집 현관에서 받을 수 있도록 배송 메모를 등록하고, 현재 배달 예정 시간을 확인해 달라는 내용입니다. 주문 당시 배송지는 사무실로 입력했지만 출고 전 고객센터를 통해 집 주소로 변경했으며, 주소 변경 완료 알림도 수신했습니다. 따라서 주소 자체를 다시 수정하거나 주문을 취소해 달라는 요청은 아닙니다.

주문 내역에는 결제가 정상 승인된 것으로 표시되고 상품은 판매처 물류센터에서 출고되었습니다. 오늘 배송조회 화면에서는 배송 차량에 상품이 실린 상태로 나타나며, 아직 배송 완료나 수령 확인으로 처리되지는 않았습니다. 집에 사람이 없을 수 있어 기사님이 방문할 때 현관 앞 수령이 가능하도록 전달 사항을 남기려는 것입니다.

현관 앞에 두기 어려운 경우에는 연락을 먼저 주시도록 배송 기사에게 요청해 주세요. 또한 시스템에 표시된 배달 예정 시간대가 있다면 함께 알려 주시고, 시간 지정이 불가능하다면 그 사유도 안내해 주시면 됩니다. 이번에 필요한 조치는 배송 기사에게 수령 방법을 전달하고 도착 예상 정보를 확인하는 일입니다.

이전 상담에서는 같은 판매처에서 구매한 다른 시계의 포장 모서리 손상 여부를 확인했고, 해당 건은 교환품을 받아 종료되었습니다. 당시 상담 기록에는 사진 제출과 교환 승인 결과가 남아 있지만, 그 상품은 이번 주문의 탁상 시계와 다른 주문번호입니다. 과거 포장 손상 건을 다시 접수하거나 새 상품의 교환을 요구하는 내용으로 처리하지 말아 주세요.

참고로 회원정보의 기본 주소와 연락처는 최근 확인되어 현재 주문에 필요한 정보와 일치합니다. 결제 승인이나 구매 내역에도 오류가 없으므로 결제 취소 또는 회원정보 수정은 이번 업무 범위가 아닙니다. 이번 본문에 따라 현 배송 건의 수령 요청을 등록하고 배달 예정 시간만 확인해 주시기 바랍니다.
이 상담은 필요한 확인과 처리를 마쳐 종료된 기록입니다.",account,ctx-i-008,original-synthetic:advanced-context-ko-1.0
c-20f542541c34,"새로 접수한 문의
지난달 수목 이름표 주문 때에는 결제 승인 문자가 늦게 와 상담에서 승인 여부를 확인한 뒤 정상 처리된 것으로 기록돼 있습니다. 이번에는 같은 판매처에서 새로 주문한 이름표가 출고됐다는 알림 이후 사흘째 이동 기록이 바뀌지 않아 보관 장소에 도착할 날짜를 확인하고 싶습니다. 현장 작업 일정이 모레로 잡혀 있어 배송사에 현재 위치와 예정 도착일을 문의해 주세요. 이전 상담에서 결제 문제는 이미 종결됐고, 이번에 확인할 내용은 새 주문의 운송 상태입니다.

아래에는 상담 시 참고할 수 있도록 종료된 별도 건의 기록을 덧붙였습니다.
종료된 별도 상담 건
예전에 주문한 수목 이름표 일부가 젖은 상태로 도착해 사진과 포장 상태를 상담원에게 보낸 적이 있습니다. 그때는 손상된 수량만 교환받았고 교환품 수령까지 확인되어 해당 접수는 완료되었습니다. 당시 배송 과정에 대한 문의나 판매처의 포장 방식 검토도 끝났으며, 그 기록은 이번 주문의 처리 사유로 다시 제기하는 내용이 아닙니다. 현재 문제는 별도로 이루어진 새 주문에서 발생했습니다.

이번 주문을 개봉해 보니 같은 규격의 이름표 묶음 안에 두 장이 빠져 있었고, 누락 수량만 추가로 기다리기보다 주문 전체를 돌려보내기로 결정했습니다. 상품은 아직 사용하지 않았으며 포장과 구성품을 가능한 한 원래 상태로 보관하고 있습니다. 판매처에 누락 사실을 알리는 데 필요한 사진과 주문번호도 준비되어 있으니 반품 접수에 사용할 수 있습니다.

주문 결제는 카드로 한 번에 완료되었고 일부 품목만 별도로 결제한 내역은 없습니다. 회원 계정의 배송지와 연락처는 현재 주문 당시 입력한 정보와 같으며, 주소 오류로 인한 재배송을 요청하는 상황도 아닙니다. 결제가 승인되었다는 과거 안내는 참고 사실일 뿐, 이번에는 주문 전체 반품이 승인될 경우 카드 결제를 취소하고 환급하는 절차가 필요합니다.

배송 과정에서 상자가 늦게 도착했는지, 누락분을 먼저 보내 줄 수 있는지는 판매처의 확인 자료에 포함되어 있습니다. 그러나 배송 지연 보상이나 부족한 두 장만 재발송하는 방안은 이번에 선택하지 않았습니다. 이미 받은 물품을 계속 사용할 수 있는지에 대한 검토보다, 사용하지 않은 전체 묶음을 회수하고 결제 금액을 되돌리는 처리가 우선입니다.

주문 전체 반품을 승인하고 회수 방법과 접수에 필요한 절차를 안내해 주세요. 반품 물품이 판매처에 도착한 뒤 카드 취소가 언제 요청되고 실제 명세서에 언제 반영되는지도 함께 알려 주시기 바랍니다. 이번 요청은 누락품 재배송이나 배송 지연 보상이 아니라 반품 승인과 결제 환급 일정 확인에 한정됩니다.
이 상담은 필요한 확인과 처리를 마쳐 종료된 기록입니다.",shipping,ctx-i-032,original-synthetic:advanced-context-ko-1.0
c-53f5e453375f,필라테스 링이 오늘 배송 완료로 표시됐지만 공동 현관과 경비 보관함 어디에도 보이지 않습니다. 배송 기사에게 전달된 장소와 실제 수령 여부를 확인해 주세요.,shipping,ctx-i-055,original-synthetic:advanced-context-ko-1.0
c-482ad7369070,"종료된 별도 상담 건
샌드위치 메이커를 다시 구매하기 전에 예전 주문의 옵션과 결제 내역을 확인하려고 쇼핑몰에 접속했습니다. 하지만 등록된 휴대전화로 인증번호가 오지 않아 주문 목록 화면으로 들어갈 수 없었습니다. 사용 중인 휴대전화는 회원정보에 등록된 번호와 같고, 다른 문자 메시지는 정상적으로 수신되고 있어 단순한 통신 장애로 보이지는 않습니다.

지난달에는 이사로 배송지를 바꾸기 위해 상담센터에 연락한 적이 있습니다. 그때 본인 확인 절차는 정상적으로 완료되었고, 상담원이 새 주소를 회원정보와 해당 주문에 반영해 주었습니다. 이후 배송지 변경 내역과 최근 배송 완료 사실도 확인했으므로 주소 수정이나 과거 배송 문제는 이미 처리된 상태입니다.

현재 사용하는 노트북과 휴대전화에서 각각 로그인과 비밀번호 재설정을 시도했습니다. 비밀번호 재설정 링크를 요청하는 단계에서도 같은 인증번호 화면이 반복되고, 인증번호 재전송을 눌러도 메시지가 도착하지 않습니다. 브라우저를 바꾸고 와이파이와 모바일 데이터를 번갈아 사용해 보았지만 결과는 같았으며, 계정 잠금 안내가 표시되지는 않았습니다.

주문 상품 자체의 배송 상태나 카드 결제 취소를 확인해 달라는 것이 아니라, 먼저 계정에 정상적으로 접근할 수 있어야 합니다. 회원정보에 저장된 휴대전화 번호가 현재 번호와 일치하는지 확인하고, 인증번호 발송 기록이나 본인 인증 제한이 있는지도 점검해 주세요. 필요한 경우 본인 확인을 다시 진행할 수 있는 안전한 절차를 안내해 주시기 바랍니다.

이번 문의에서는 로그인 접근을 복구하고 인증번호 수신 문제를 해결해 주시기를 요청합니다. 접근이 복구되면 제가 직접 주문 목록과 결제 내역을 확인하겠으며, 새 상품 주문이나 배송지 변경은 그 이후에 별도로 진행하겠습니다. 이미 완료된 배송지 수정과 과거 주문의 배송 확인을 다시 요청하는 내용은 아닙니다.
이 상담은 필요한 확인과 처리를 마쳐 종료된 기록입니다.

아래 문의는 이후 별도로 접수한 건입니다.
새로 접수한 문의
샌드위치 메이커는 주문 직후 카드 승인이 두 번 잡혀 상담을 남긴 적이 있습니다. 한 건은 자동 취소됐다는 안내를 받았고 실제로 한 건만 청구된 것은 확인했습니다. 다만 제품이 예정일보다 늦게 도착해 사용 일정이 지나 버렸으며, 포장을 열지 않은 채 보관 중입니다. 오늘 반품 접수를 진행하고 결제한 금액을 환급받고 싶으니 회수 방법과 환불 처리 시점을 알려 주세요.",refund,ctx-i-012,original-synthetic:advanced-context-ko-1.0
c-d72d8971747c,"종료된 별도 상담 건
보온 물주머니를 받은 당일 마개 주변에서 물이 새는 현상을 발견해 사용을 중단하고 누수 부위 사진과 주문번호를 상담창에 제출했습니다. 판매처는 제품을 포장해 보내면 검수 후 반품 승인 여부를 결정하겠다고 안내했으며, 등록된 연락처와 주문자 정보가 일치하는 것도 상담 과정에서 확인했습니다. 카드 승인은 구매 당시 정상적으로 완료되었지만 그 자체가 환급 완료를 뜻하는 것은 아니었습니다.

처음에는 회수 기사가 방문하기로 했으나 포장재가 제때 도착하지 않아 일정이 취소되었습니다. 이후 판매처가 새 포장재를 보내 주었고, 상품을 다시 포장해 지정 택배로 발송했습니다. 택배 조회에는 회수품이 판매처에 도착한 것으로 표시되며, 배송 과정에서 분실되었다는 기록은 없지만 검수 결과는 아직 주문 화면에 반영되지 않았습니다.

지난 상담에서는 불량 확인 뒤 교환도 가능한지, 배송 지연에 대한 보상이 있는지도 함께 물어보았습니다. 교환 조건과 보상 가능 여부에 대한 일반 안내는 이미 확인했으며, 회원정보나 배송지 변경을 요청한 적도 없습니다. 따라서 과거에 문의했던 보상이나 회수 일정은 현재 처리해야 할 별도 요청이 아니라 이번 반품 절차를 이해하기 위한 참고 이력입니다.

현재 가장 필요한 것은 판매처가 도착한 회수품을 검수했는지와 반품 승인이 내려졌는지 확인하는 일입니다. 반품이 승인되었다면 카드 결제 금액의 취소 접수일과 실제 명세서에 반영될 예상 시점을 알려 주세요. 추가 사진이나 불량 확인서가 필요하다면 어떤 자료를 언제까지 제출해야 하는지도 함께 안내해 주시기 바랍니다.

이번 문의는 배송 중인 상품의 위치를 다시 조회하거나 새 제품을 보내 달라는 요청이 아닙니다. 이미 판매처에 도착한 불량 보온 물주머니를 기준으로 반품 처리 상태와 결제 금액 환급 일정을 확인해 달라는 내용입니다. 검수 보류나 승인 거절이라면 그 사유와 다음 처리 방법을 구체적으로 알려 주시면 됩니다.
이 상담은 필요한 확인과 처리를 마쳐 종료된 기록입니다.

아래 문의는 이후 별도로 접수한 건입니다.
새로 접수한 문의
보온 물주머니를 다시 주문하려고 구매 내역을 열었는데, 오래 사용하지 않은 계정이라 그런지 비밀번호 입력 뒤 추가 본인 확인 화면에서 계속 멈춥니다. 예전에 누수 상품을 반품할 때 상담원이 등록된 연락처로 처리 안내를 보냈고, 그 반품과 환급은 이미 완료되어 결제 명세에서도 확인했습니다. 오늘은 배송 중인 상품을 찾는 일이 아니라 새 주문을 위해 이전 구매 내역과 저장된 배송지를 확인하려는 상황입니다. 비밀번호 재설정 문자는 수신되지만 인증번호를 입력하면 접속이 풀려 다시 로그인 첫 화면으로 돌아가며, 다른 기기에서도 같은 현상이 나타났습니다. 계정에 등록된 연락처를 임의로 바꾸지는 말고 본인 확인을 거쳐 로그인 권한을 복구해 주세요. 복구 후에는 구매 내역을 직접 확인할 수 있으면 됩니다.",account,ctx-i-046,original-synthetic:advanced-context-ko-1.0
c-8eb194236c4f,"종료된 별도 상담 건
보온 도시락을 주문했는데 오늘 도착 예정으로 표시된 뒤 오후부터 배송 조회가 멈춰 있습니다. 선물할 날짜가 정해져 있어 현재 기사님에게 전달된 상태인지와 실제 수령 가능한 시간을 확인하고 싶습니다. 주문 주소는 결제 때 입력한 곳과 동일합니다.
이 상담은 필요한 확인과 처리를 마쳐 종료된 기록입니다.

아래 문의는 이후 별도로 접수한 건입니다.
새로 접수한 문의
보온 도시락 구매 내역을 확인하려고 로그인했는데 비밀번호가 맞지 않는다는 안내가 반복됩니다. 가입한 휴대전화로 인증해도 재설정 화면으로 넘어가지 않아 계정에 들어갈 수 없습니다. 본인 확인 후 비밀번호를 다시 설정할 수 있게 도와주세요.",account,ctx-i-057,original-synthetic:advanced-context-ko-1.0
c-b9d0865e6b4a,"종료된 별도 상담 건
방한 귀마개를 주문했지만 귀를 압박해 착용할 수 없어 반품하려고 합니다. 포장은 훼손하지 않았고 결제 승인도 완료된 상태이니, 회수 신청 뒤 환급까지 걸리는 기간과 배송비 처리 기준을 알려 주세요.
이 상담은 필요한 확인과 처리를 마쳐 종료된 기록입니다.

아래 문의는 이후 별도로 접수한 건입니다.
새로 접수한 문의
방한 귀마개를 주문하고 배송비까지 결제했는데, 운송장에는 사흘째 집하 완료로만 표시됩니다. 다음 주 출근 때 쓰려면 언제 받을 수 있는지 확인하고, 주소지에서 직접 수령하지 못할 경우 보관 장소를 지정할 수 있는지도 알려 주세요.",shipping,ctx-i-003,original-synthetic:advanced-context-ko-1.0
c-61411fbac38c,"새로 접수한 문의
수제 비누 세트는 배송 중 포장이 젖어 일부가 눌린 상태로 도착했습니다. 수령 당일 사진을 상담창에 올렸고, 이전 안내에서는 회수 뒤 검수 결과에 따라 환급한다고 했습니다. 회수 기사는 이미 다녀갔으며 상담 기록에도 제품이 물류센터에 도착한 것으로 표시됩니다. 그런데 일주일이 지나도록 환급 내역이 카드사에 반영되지 않아 처리 상황을 확인하려고 합니다. 이번 문의에서는 배송 재신청이 아니라 해당 주문의 환급 승인 여부와 실제 입금 또는 카드 취소 예정일을 알려 주세요.

아래에는 상담 시 참고할 수 있도록 종료된 별도 건의 기록을 덧붙였습니다.
종료된 별도 상담 건
수제 비누 세트를 주문할 당시 가족이 대신 로그인해 배송지를 입력했고, 주문을 마친 뒤 회원 계정에 평소 사용하지 않던 주소가 저장된 것을 발견했습니다. 지난 상담에서는 해당 주소가 본인 요청으로 등록된 것이 아님을 확인한 뒤 회원정보에서 삭제했습니다. 주문 상품은 이후 정상적으로 배송 완료되었으며, 배송지 삭제나 상품 수령과 관련한 추가 문제는 남아 있지 않습니다.

현재 계정 보안을 점검하기 위해 최근 로그인 기록을 확인하려고 합니다. 그러나 평소 사용하던 비밀번호를 입력해도 계속 일치하지 않는다는 메시지가 나오고, 등록된 이메일로 비밀번호 재설정 안내를 요청해도 메일이 도착하지 않습니다. 다른 기기에서 접속해도 같은 현상이 나타나므로 단순히 한 브라우저의 저장 비밀번호 문제로만 보기는 어렵습니다.

사용 중인 환경은 휴대전화의 기본 브라우저와 집에서 사용하는 노트북이며, 두 환경 모두 최신 버전으로 업데이트되어 있습니다. 스팸함과 자동 분류함도 확인했지만 재설정 메일은 찾지 못했습니다. 계정에 다시 접근할 수 있어야 로그인 기록과 등록된 연락처를 점검할 수 있으므로, 본인 확인을 거친 뒤 비밀번호 재설정 절차를 진행해 주시기 바랍니다.

참고로 이전 상담에서 낯선 배송지는 삭제되었고, 당시 주문의 배송 완료 여부도 판매처 시스템과 택배 조회를 대조해 정상으로 확인했습니다. 결제 승인이나 주문 취소 문제도 없었으며, 해당 주문을 다시 조회하거나 배송지를 복구해 달라는 뜻은 아닙니다. 과거 상담 기록은 계정에 저장되었던 정보와 주문 상태가 정리되었다는 사실을 보여 주는 자료로만 참고해 주세요.

본인 인증에 필요한 정보를 안내해 주시고, 인증이 완료되면 등록 이메일을 확인하거나 안전한 방법으로 비밀번호를 재설정할 수 있게 조치해 주세요. 가능하다면 재접속 후 최근 로그인 기록과 보안 설정을 확인하는 순서도 알려 주시기 바랍니다. 이번 요청은 회원 계정 접근 회복과 비밀번호 재설정에 한정되며, 이미 삭제한 배송지나 완료된 주문을 다시 처리해 달라는 요청은 아닙니다.
이 상담은 필요한 확인과 처리를 마쳐 종료된 기록입니다.",refund,ctx-i-014,original-synthetic:advanced-context-ko-1.0
c-1b1d4509c693,"새로 접수한 문의
오카리나를 수령해 음을 내 보니 특정 구멍을 막을 때마다 공기가 새고 음정도 크게 흔들렸습니다. 판매처에 녹음 파일과 사진을 전달한 뒤 반품 승인을 받았고, 처음 잡힌 회수일에 방문하지 않아 일정이 다시 정해졌지만 지난 화요일에 상품은 회수되었습니다. 배송 조회에는 판매처 도착으로 표시되며, 회원 계정에서 주문 상태도 반품 완료로 바뀌었으나 결제 금액은 아직 취소되지 않았습니다. 이전에 출고가 늦어진 이유를 문의한 기록과 로그인 인증 문제는 각각 답변을 받아 종료되었으므로 이번 확인 대상에서 제외해 주세요. 연습에 사용할 다른 악기를 구하기로 해 교환은 원하지 않고, 오카리나 주문을 취소한 뒤 결제한 금액 전부를 환급받고 싶습니다. 검수 결과가 언제 확정되는지, 카드 승인 취소와 실제 환급 반영까지 어느 정도 걸리는지 안내해 주세요. 반품 배송비가 환급액에서 빠진다면 그 기준도 함께 알려 주시기 바랍니다.

아래에는 상담 시 참고할 수 있도록 종료된 별도 건의 기록을 덧붙였습니다.
종료된 별도 상담 건
새 오카리나를 주문하기 위해 회원 계정에 접속하려고 비밀번호를 재설정했지만, 로그인 직후 본인 인증 화면이 계속 반복되어 주문 내역과 저장된 배송지에 들어갈 수 없습니다. 등록 이메일은 현재도 사용 중이며 비밀번호 재설정 메일도 정상적으로 받았으나, 메일의 인증 버튼을 누르면 이미 처리된 요청이라는 오류가 표시됩니다. 휴대전화 인증은 여러 번 시도한 뒤 횟수 제한에 걸려 더 진행할 수 없는 상태입니다. 과거 같은 계정으로 주문한 오카리나는 배송 중 파손되어 반품과 환급을 진행했지만, 판매처의 완료 안내와 카드 명세 확인까지 끝난 건이므로 그 주문을 다시 환불하거나 배송 상태를 조사해 달라는 요청은 아닙니다. 이번에는 새 주문 전에 계정 접근을 회복할 수 있도록 본인 인증 제한을 해제하고 인증 절차를 다시 시작할 수 있게 조치해 주세요. 로그인 권한이 복구되면 배송지와 결제수단은 제가 직접 확인하고 필요할 경우 수정하겠습니다. 계정에 등록된 이메일이나 전화번호를 임의로 변경하는 것은 원하지 않으며, 본인 확인에 필요한 추가 자료가 있다면 제출 방법을 안내해 주세요. 이전 비밀번호 변경 기록과 과거 주문의 환급 내역은 참고용으로 첨부한 것이며, 이번 처리 대상은 회원 인증 오류와 로그인 차단입니다. 배송 중인 상품의 위치나 과거 환불 금액을 확인하는 업무로 접수하지 않으셔도 됩니다.
이 상담은 필요한 확인과 처리를 마쳐 종료된 기록입니다.",refund,ctx-i-050,original-synthetic:advanced-context-ko-1.0
c-041495ecf404,"종료된 별도 상담 건
지난주 화분 주문은 회원 계정에 등록된 주소로 결제되었고, 카드 승인과 주문 접수는 정상적으로 완료되었습니다. 처음에는 공동현관 앞 배송으로 입력했지만 판매처 상담에서 도자기 화분의 파손 위험 때문에 대면 전달이 필요하다는 설명을 받았습니다. 상담 이후 배송지는 자택 현관으로 수정되었고 운송장 메모에도 수령인에게 직접 전달해 달라는 내용이 반영되었습니다.

주소 변경이 제대로 적용되었는지는 주문 상세 화면과 상담 기록을 대조해 확인했습니다. 판매처에서 포장 보강을 마쳤다는 안내도 받았으며, 결제 오류나 회원 로그인 문제는 이번 주문과 별개로 이미 정상 처리된 이력이 있습니다. 따라서 상품 자체의 교환이나 결제 취소를 다시 요청하는 상황은 아닙니다.

현재 배송 조회에는 상품이 출고 준비를 마쳤지만 아직 배송 기사 배정 전이라고 표시됩니다. 평일 낮에는 수령인이 자리를 비우는 시간이 있어 공동현관에 두고 가는 방식은 선택하지 않기로 했습니다. 기사 배정 뒤 연락 가능한 번호가 정확한지도 주문서에 등록된 정보를 기준으로 확인해 둔 상태입니다.

이전 상담에서는 부재 시 임의로 문 앞에 두지 않고 보관 후 재방문을 요청할 수 있다는 일반 안내를 받았습니다. 다만 실제 도착 예정일과 기사에게 전달할 수 있는 구체적인 수령 가능 시간은 아직 확인되지 않았습니다. 파손을 막기 위해 대면 수령 조건을 유지해야 하므로 배송 흐름에 맞춘 안내가 필요합니다.

이번에는 화분의 배송 예정일과 현재 배송 단계, 그리고 수령이 어려운 시간에 기사에게 전달할 수 있는 방법을 알려 주시기 바랍니다. 부재 시 보관 장소나 재방문 신청 절차가 있다면 함께 안내해 주시면 됩니다. 주소 수정이나 결제 내역을 다시 변경하려는 것이 아니라 안전한 배송과 수령 일정을 조율하려는 문의입니다.
이 상담은 필요한 확인과 처리를 마쳐 종료된 기록입니다.

아래 문의는 이후 별도로 접수한 건입니다.
새로 접수한 문의
식물 화분을 받은 뒤 바닥에 금이 간 것을 확인해 사진을 남겨 두었습니다. 이전 상담에서는 포장 상태를 확인한 뒤 반품 회수 일정을 잡겠다는 답변을 받았고, 새 화분으로 교환할지 환급받을지는 결제 취소 가능 여부를 보고 결정하려 했습니다. 배송비는 주문 당시 함께 결제했으며, 계정에 표시된 주문 상태는 배송 완료로 바뀐 상태입니다. 오늘은 교환품을 다시 보내 달라는 요청이 아니라 파손 상품의 반품 접수와 결제금액 환급 절차를 진행하고 싶습니다. 회수 기사 방문 전에 준비해야 할 포장 기준과 환급이 완료되는 시점을 안내해 주세요. 사진 자료는 상담창에 이미 첨부했으니 추가로 필요한 확인 사항이 있으면 알려 주시기 바랍니다.",refund,ctx-i-004,original-synthetic:advanced-context-ko-1.0
c-5d70923282a4,"새로 접수한 문의
스테인리스 식판을 주문하면서 회사 수령 시간에 맞춰 평일 오후 배송을 요청했습니다. 결제는 완료됐고 주문 화면에는 출고로 표시되지만, 이틀째 운송장 이동 기록이 갱신되지 않아 실제로 어느 물류 단계에 있는지 확인이 필요합니다. 건물 안내 데스크가 오후 6시에 문을 닫으니 도착 예정일과 수령 방법을 알려 주세요.

아래에는 상담 시 참고할 수 있도록 종료된 별도 건의 기록을 덧붙였습니다.
종료된 별도 상담 건
스테인리스 식판의 구매 영수증을 확인하려고 계정에 들어갔지만 로그인 단계에서 본인 인증이 계속 실패합니다. 등록된 휴대전화 번호는 변경하지 않았고, 다른 기기에서도 같은 화면이 반복됩니다. 결제나 배송 상태가 아니라 계정에 다시 접속할 수 있도록 인증 오류를 해제하고 로그인 절차를 안내해 주세요.
이 상담은 필요한 확인과 처리를 마쳐 종료된 기록입니다.",shipping,ctx-i-037,original-synthetic:advanced-context-ko-1.0
c-d73a6ccabe4a,"종료된 별도 상담 건
접이식 우산을 주문한 뒤 결제 승인과 주문 접수는 정상적으로 완료되었고, 회원 계정에 등록된 자택 주소도 주문 당시 화면에서 다시 확인했습니다. 처음 발송된 상품은 배송 중 외부 포장이 젖어 판매처와 상담한 결과 회수 후 새 상품을 보내기로 했으며, 기존 상품에 대한 환불 처리는 이미 완료되어 카드 승인 취소 내역에도 반영되었습니다. 이 과정에서 상담원은 재발송 상품을 물류센터에서 다시 포장하고 검수한 뒤 출고한다고 안내했지만, 해당 안내는 참고용으로 보관 중인 이전 상담 내용입니다. 새로 발급된 운송장에는 집하 완료 시각만 표시되어 있고 사흘째 간선 이동이나 배송 기사 인계 기록이 추가되지 않았습니다. 주말에 우산이 필요한 일정이 있어 이번 문의에서는 재발송품의 현재 위치와 다음 배송 단계가 언제 갱신될지 확인해 주시기 바랍니다. 주소 변경이나 결제 수단 변경을 요청하는 것이 아니며, 이미 끝난 기존 환불을 다시 처리해 달라는 뜻도 아닙니다. 오늘 출고가 어렵다면 실제 수령 가능한 예상 날짜라도 안내해 주시면 일정을 조정하겠습니다.
이 상담은 필요한 확인과 처리를 마쳐 종료된 기록입니다.

아래 문의는 이후 별도로 접수한 건입니다.
새로 접수한 문의
접이식 우산을 구매했던 계정에 로그인하려고 하면 비밀번호를 맞게 입력해도 본인 인증을 다시 요구하고, 등록된 이메일로 받은 인증 링크를 열면 만료되었다는 메시지가 나옵니다. 과거 우산 주문은 배송받은 뒤 포장 불량으로 문의했지만 판매처와 보상 절차를 마쳐 더 확인할 사항이 없습니다. 오늘은 새 상품을 주문하기 전에 구매 내역과 회원에게 저장된 배송지를 보려는 목적입니다. 휴대전화 번호를 바꾼 적은 없고, 다른 브라우저에서도 같은 인증 실패가 반복됩니다. 계정 잠금 상태와 인증 기록을 확인해 본인 접근을 복구해 주세요. 복구가 끝나면 기존 주문의 배송이나 환불을 다시 요청할 필요 없이 구매 목록만 확인하면 됩니다.",account,ctx-i-048,original-synthetic:advanced-context-ko-1.0
c-9f94686c649b,"새로 접수한 문의
탁상 시계를 주문한 뒤 배송지를 사무실에서 집으로 바꿨고, 변경 완료 알림도 받았습니다. 과거에 같은 판매처에서 받은 시계의 포장 파손 건은 교환으로 처리되어 이미 종료되었으며 이번 주문과는 무관합니다. 오늘 배송조회에는 배달 출발로 표시되지만 수령 장소를 집 현관으로 지정할 수 있는지 확인이 필요합니다. 기사에게 전달할 수령 요청을 등록하고 현재 배달 예정 시간도 알려 주세요.

아래에는 상담 시 참고할 수 있도록 종료된 별도 건의 기록을 덧붙였습니다.
종료된 별도 상담 건
이번 문의의 목적은 초침이 반복해서 멈추는 탁상 시계를 반품하고 이미 결제한 금액을 환급받는 절차를 확인하는 것입니다. 상품은 주문 당시 등록된 주소로 배송되었고 수령일에는 배송 완료 처리가 정상적으로 이루어졌습니다. 배송지를 바꾸거나 새 상품을 보내 달라는 요청이 아니라, 현재 보유한 제품을 회수한 뒤 환불을 진행해 달라는 요청입니다.

처음에는 배터리 접촉 문제일 수 있다고 생각해 새 배터리로 교체하고 전원 접점을 닦아 보았습니다. 판매처 상담원이 안내한 작동 점검 방법도 순서대로 따라 했지만 몇 시간 지나면 초침이 다시 멈추는 현상이 확인되었습니다. 동봉된 설명서의 설정 방법과 초기화 절차까지 확인했으나 정상 작동으로 돌아오지 않았습니다.

수령 당시 택배 상자의 한쪽 모서리가 눌려 있었고, 개봉 직후 그 상태를 사진으로 남겨 두었습니다. 다만 외관 흠집보다 중요한 문제는 배터리를 바꾼 뒤에도 시계 기능이 지속적으로 중단된다는 점이며, 사진 자료는 회수 접수에 필요한 참고 자료로 제출할 수 있습니다. 반품 회수 기사를 배정할 수 있는 날짜와 환불 완료 예상일을 알려 주세요.

이 주문의 결제는 카드 승인까지 완료되었고 아직 취소나 부분 환급이 처리된 기록은 없습니다. 배송 중 상자 눌림에 대해서는 이전 상담에서 사진을 확인했지만, 당시에는 제품 작동 여부를 더 살펴본 뒤 반품 여부를 결정하기로 안내받았습니다. 그 점검 과정은 끝났으며, 이번에는 제품 이상에 따른 반품과 결제 금액 환급을 요청합니다.

회원 연락처와 회수 주소는 주문 당시 정보와 현재 정보가 같아 별도 변경이 필요하지 않습니다. 과거에 문의했던 배송지 변경은 이미 반영된 상태이고 배송 자체도 완료되었으므로 배송 추적이나 주소 수정이 이번 요청은 아닙니다. 회수 신청을 접수한 뒤 환불이 어느 단계에서 언제 완료되는지 안내해 주시기 바랍니다.
이 상담은 필요한 확인과 처리를 마쳐 종료된 기록입니다.",shipping,ctx-i-008,original-synthetic:advanced-context-ko-1.0
c-a4417eed16d7,"새로 접수한 문의
종이접기 도구를 단체 수업용으로 주문했으나 일부 색종이 칼이 품절되어 전체 출고가 계속 미뤄졌습니다. 상담 당시 대체품을 보내겠다는 안내를 받았지만 수업 날짜가 지나 더는 사용할 수 없게 됐고, 배송비를 별도로 결제한 내역도 남아 있습니다. 계정의 연락처를 바꾼 일은 없으며 주문 확인 화면도 정상적으로 열립니다.
상품은 개봉하지 않아 포장 상태 그대로 보관하고 있습니다. 이번 주문을 반품 처리하고 결제한 상품값과 배송비를 함께 환급받을 수 있는지, 회수 신청을 어디에서 해야 하는지 알려 주세요.

아래에는 상담 시 참고할 수 있도록 종료된 별도 건의 기록을 덧붙였습니다.
종료된 별도 상담 건
종이접기 도구를 주문한 뒤 배송지를 수정하는 과정에서 상담원이 가입자 본인 확인을 진행했고, 당시 요청한 주소 변경은 정상적으로 완료되었습니다. 상품은 며칠 전에 배송 완료되었으며, 이전에 문의했던 결제 취소 건도 카드사 승인 취소로 마무리되어 구매와 배송 상태를 다시 확인하려는 문의가 아닙니다. 이와 관련한 상담 기록과 결제 처리 내역은 현재 계정 문제의 배경을 확인하기 위한 참고 자료입니다.
오늘 수업 자료를 출력하려고 구매 내역에 접속했지만 비밀번호가 기억나지 않아 로그인할 수 없었습니다. 비밀번호 재설정 메뉴를 선택하면 인증 화면이 반복해서 처음으로 돌아가고, 등록된 이메일로 발송되었다는 안내도 나타나지 않습니다. 다른 기기에서도 같은 현상이 발생해 단순히 사용하는 브라우저의 일시적인 오류인지 확정하기 어렵습니다.
회원정보에 등록된 이메일과 휴대전화 번호는 주문 당시 상담 기록에 적힌 정보와 동일하며, 최근 연락처 변경을 신청한 사실은 없습니다. 배송지 주소를 수정했던 이력은 계정 정보 변경이 아니라 해당 주문의 수령지 변경이었고, 결제 취소도 계정 탈퇴나 회원정보 삭제와 관련되지 않았습니다. 따라서 과거의 주소와 결제 처리를 다시 취소하거나 되돌리는 조치는 필요하지 않습니다.
참고용 안내문에는 본인 인증 실패 시 등록된 연락처 확인, 재설정 메일 수신함과 스팸함 점검, 다른 브라우저에서 재시도하는 순서가 적혀 있습니다. 이미 다른 브라우저와 휴대전화에서 재시도했지만 인증 메일을 받지 못했으므로 일반적인 안내만 반복하기보다 가입자 확인 후 발송 상태를 점검해야 합니다. 계정에 낯선 접속이나 결제 내역이 있다는 정황은 현재까지 확인되지 않았습니다.
이번 요청은 배송지나 환급 상태를 처리하는 것이 아니라 본인 확인을 거쳐 로그인 접근을 회복하는 것입니다. 회원 담당자는 등록된 연락처로 인증을 진행하고 비밀번호 재설정 메일이 정상적으로 발송되는지 확인해 주시기 바랍니다. 인증이 완료되면 임시 비밀번호가 아니라 이용자가 새 비밀번호를 직접 설정할 수 있도록 복구 절차를 안내해 주세요.
이 상담은 필요한 확인과 처리를 마쳐 종료된 기록입니다.",refund,ctx-i-038,original-synthetic:advanced-context-ko-1.0
c-a5c70f92c8bb,"새로 접수한 문의
지난달 벨벳 커튼을 주문했을 때 배송지가 잘못 입력되어 상담을 받은 기록이 있습니다. 상담원 안내에 따라 주소를 수정했고, 그 주문은 며칠 뒤 정상적으로 수령했습니다. 이번에는 같은 상품을 새로 주문하면서 결제까지 마쳤는데, 주문 화면에는 출고 준비 중이라고만 표시됩니다. 오늘 오전에 확인한 뒤에도 상태가 그대로라서, 현재 어느 물류 단계에 있고 언제 받을 수 있는지 확인해 주세요. 이전 주소 변경 건은 이미 끝난 일이며 이번 주문의 배송 상황만 알고 싶습니다.

아래에는 상담 시 참고할 수 있도록 종료된 별도 건의 기록을 덧붙였습니다.
종료된 별도 상담 건
벨벳 커튼은 지난주 배송 지연 안내를 받은 뒤 최종적으로 수령했으며, 당시 상담원은 물류센터 출고가 늦어진 사유만 설명했습니다. 배송 지연에 대한 문의는 상품이 도착하면서 종료되었고 현재 배송 위치를 다시 묻는 상황은 아닙니다. 주문 당시 결제 금액도 정상 승인되어 구매 내역에 완료로 표시되고 있습니다.

상품을 개봉해 설치해 보니 판매 화면의 색상과 실제 원단의 차이가 커서 반품을 진행하려고 합니다. 단순히 사용 방법이나 색상 안내를 더 받고 싶은 것이 아니라, 이미 받은 벨벳 커튼을 판매처로 돌려보내고 결제 금액을 환급받기 위한 절차를 확인하려는 것입니다. 반품 신청을 어디에서 시작해야 하는지와 회수 가능 날짜를 안내해 주세요.

결제에 사용한 간편결제 계정은 최근 해지되어 같은 수단으로 환급이 가능한지 확실하지 않습니다. 회원정보에 등록된 이메일과 휴대전화는 현재도 사용할 수 있고 주문번호도 확인해 둔 상태이므로, 본인 확인에 필요한 정보가 있다면 알려 주시면 제출하겠습니다. 결제 승인 자체를 취소해 달라는 요청이 아니라 반품이 접수된 뒤 실제 환급이 어떤 방식으로 진행되는지 알고 싶습니다.

판매처의 교환 및 반품 안내에는 고객 변심이나 상품 특성에 따라 회수비가 달라질 수 있다고 적혀 있었고, 이전 상담 기록에는 배송 지연과 관련한 안내만 남아 있습니다. 그 문서를 근거로 회수비가 반드시 면제된다고 판단해 달라는 뜻은 아닙니다. 이번 상품의 반품 사유에 적용되는 회수비와 환급 처리 기간을 주문 조건에 맞게 확인해 주세요.

상품은 구성품과 포장재를 보관하고 있으며 외관상 훼손은 확인되지 않았습니다. 반품 승인 전에 판매처가 확인할 기준, 택배 회수 방법, 해지된 결제수단을 사용할 수 없을 때의 대체 환급 절차를 한 번에 안내해 주시면 됩니다. 배송 지연 이력이나 완료된 결제 처리를 새로운 문제로 다시 조사해 달라는 요청은 아니며, 이번 본문은 반품과 환급 방법을 정하는 데 목적이 있습니다.
이 상담은 필요한 확인과 처리를 마쳐 종료된 기록입니다.",shipping,ctx-i-056,original-synthetic:advanced-context-ko-1.0
c-61e00e403410,책상 케이블 홀더 주문이 아직 배송 준비 중으로 표시되어 도착 예정일을 확인해 주세요. 결제는 승인되었고 수령 주소도 맞습니다.,shipping,ctx-i-029,original-synthetic:advanced-context-ko-1.0
c-712aa2beb90e,"종료된 별도 상담 건
전동 칫솔 거치대 주문서를 다시 내려받기 위해 회원 계정에 로그인하려 했으나 본인 인증 단계에서 등록된 전화번호가 현재 사용하는 번호와 다르다는 안내가 표시되었습니다. 계정에는 과거 주문의 배송지와 결제 내역이 남아 있어 주문서를 확인할 필요가 있지만, 해당 상품은 이미 배송 완료되었고 추가 배송을 요청하는 상황은 아닙니다. 카드 승인 관련 상담도 정상 처리로 종결되어 결제 상태를 다시 확인할 필요는 없습니다.
예전에 욕실 공사 기간에 맞추기 위해 배송지를 임시 숙소로 바꾼 기록이 있으며, 그 변경은 당시 주문에만 적용되어 배송 완료로 끝났습니다. 이전 상담에서 상담원은 배송지 변경과 결제 승인 여부를 확인했지만 회원정보의 전화번호를 수정한 기록은 남아 있지 않습니다. 따라서 과거 상담 기록을 근거로 현재 계정의 연락처까지 자동으로 바뀌었다고 보기는 어렵습니다.
현재 사용자는 휴대전화를 교체하면서 기존 번호를 해지했고, 새 번호로 문자 인증을 받을 수 있습니다. 그러나 로그인 화면에서 예전 번호로 인증 문자가 발송되는 단계에서 더 진행되지 않아 구매 내역과 영수증을 열람하지 못하고 있습니다. 비밀번호를 재설정하는 것만으로는 등록 연락처가 바뀌지 않을 수 있어 본인 확인 방법을 먼저 알고 싶습니다.
참고로 계정에 입력된 이름과 이메일 주소는 주문 당시 사용한 정보와 일치하며, 최근 접속 시도는 본인이 사용한 기기에서 이루어졌습니다. 배송지나 결제수단을 변경해 달라는 요청은 아니고, 이미 완료된 주문을 취소하거나 재배송받으려는 것도 아닙니다. 이 정보는 본인 확인에 필요한 자료와 계정 소유 여부를 판단할 때 참고해 주시기 바랍니다.
이번에는 본인 확인에 필요한 절차를 안내하고 회원정보에 등록된 연락처를 새 휴대전화 번호로 수정해 주세요. 변경 후 문자 인증을 다시 진행해 로그인 권한을 회복하고, 기존 구매 내역과 주문서를 열람할 수 있는지도 확인해 주시기 바랍니다. 배송지 변경이나 결제 처리는 이미 끝난 업무이므로 이번 요청에서는 계정 연락처와 로그인 문제만 다뤄 주십시오.
이 상담은 필요한 확인과 처리를 마쳐 종료된 기록입니다.

아래 문의는 이후 별도로 접수한 건입니다.
새로 접수한 문의
전동 칫솔 거치대를 주문하면서 욕실 공사 기간에 맞춰 배송지를 임시 숙소로 지정했습니다. 이전 상담에서 주소 변경은 출고 전에 반영됐다고 안내받았고, 기존 집으로 잘못 배송된 건은 없다는 확인도 받았습니다. 그 상담에서 함께 문의했던 결제 승인 문자는 이미 정상 처리된 것으로 확인했습니다.
현재 주문 화면에는 출고 완료라고 나오지만 운송장에는 첫 집하 기록만 있고 사흘째 이동이 없습니다. 거치대가 임시 숙소로 향하고 있는지, 지연 사유와 도착 예정일을 확인해 주세요.",shipping,ctx-i-040,original-synthetic:advanced-context-ko-1.0
c-0ecbcb8726c0,"유리 화병을 주문했는데 배송 조회가 사흘째 같은 터미널에 머물러 있습니다. 깨지기 쉬운 상품이라 이동 중인지 분실된 것인지 확인하고, 집을 비우는 날을 피해 받을 수 있는지도 알려 주세요. 주소와 결제 정보는 주문 당시 그대로입니다.",shipping,ctx-i-059,original-synthetic:advanced-context-ko-1.0
c-cf798d347416,"종료된 별도 상담 건
안경 케이스를 다시 주문하려고 쇼핑몰에 들어갔는데, 등록된 휴대전화로 인증번호를 받아도 로그인이 완료되지 않습니다. 예전에 배송지를 변경하면서 본인 확인을 한 기록이 있고, 그때 주문한 안경 케이스의 결제와 수령은 이미 끝난 건입니다. 지금은 그 주문을 취소하거나 배송 상태를 묻는 것이 아니라, 새 주문을 위해 회원 계정에 접속해 저장된 주소를 확인하려는 상황입니다. 비밀번호 재설정까지 진행했지만 인증 직후 화면이 초기화되므로 로그인 차단을 해제해 주세요.
이 상담은 필요한 확인과 처리를 마쳐 종료된 기록입니다.

아래 문의는 이후 별도로 접수한 건입니다.
새로 접수한 문의
안경 케이스를 주문한 뒤 받아 보니 내부 고정 밴드가 한쪽에서 떨어져 안경을 넣어도 흔들립니다. 판매처 안내에 따라 사진을 보내고 반품 접수를 했으며, 회수 기사가 가져간 뒤 배송 조회에는 판매처 도착으로 표시됩니다. 처음에는 교환도 생각했지만 같은 모델이 필요한 상황이 아니어서 주문을 취소하고 결제 금액을 돌려받고 싶습니다. 반품 승인 여부와 환급이 카드 명세에 반영되는 시점을 알려 주세요.",refund,ctx-i-047,original-synthetic:advanced-context-ko-1.0
c-990ce8d77fbc,자전거 헬멧 구매 내역을 확인하려고 로그인했는데 본인 인증이 되지 않습니다. 등록된 휴대전화로 인증번호를 받아도 화면이 처음으로 돌아가니 계정 접근을 복구해 주세요.,account,ctx-i-009,original-synthetic:advanced-context-ko-1.0
c-3c25b724456f,필름 스캐너를 주문했지만 작업 방식이 바뀌어 사용하지 않게 되었습니다. 포장은 손대지 않았고 결제 승인 내역도 확인됩니다. 주문을 취소해 반품하려면 어떤 절차를 거쳐야 하며 환급은 언제 처리되는지 알려 주세요.,refund,ctx-i-045,original-synthetic:advanced-context-ko-1.0
c-78165695d8f5,"새로 접수한 문의
천체 관측 망원경이 약속된 날짜보다 늦게 도착해 관측 모임에 사용하지 못했습니다. 배송 지연 사유는 택배사 분류 과정에서 물량이 몰렸기 때문이라고 안내받았고, 제품은 미개봉 상태로 보관 중입니다. 이번 주문을 반품하고 결제 금액을 환급받는 방법과 회수 접수 절차를 알려 주세요.

아래에는 상담 시 참고할 수 있도록 종료된 별도 건의 기록을 덧붙였습니다.
종료된 별도 상담 건
천체 관측 망원경을 주문하면서 주말 수령을 요청했고 결제도 완료했습니다. 주문 화면에는 발송 준비로 표시되지만 택배사 조회 번호가 아직 생성되지 않아 실제 출고 여부를 알기 어렵습니다. 관측 모임 전에 받아야 하니 현재 포장 또는 이동 단계와 도착 예정일을 확인해 주세요.
이 상담은 필요한 확인과 처리를 마쳐 종료된 기록입니다.",refund,ctx-i-007,original-synthetic:advanced-context-ko-1.0
c-bcadbb4fd277,"종료된 별도 상담 건
차량용 햇빛 가리개 주문 내역을 확인하려고 회원 계정에 접속했는데, 보안 설정을 변경한 직후 로그아웃되어 다시 로그인하지 못하고 있습니다. 주문 결제는 완료된 것으로 알고 있으나 계정에 들어가지 못해 배송 상태를 직접 확인할 수 없습니다. 예전에 배송지 주소를 수정한 기록은 주문 당시 정상 반영되었고, 현재 배송지 변경이나 주문 취소를 요청하는 상황은 아닙니다.

등록된 이메일로 비밀번호 재설정 안내를 여러 차례 요청했지만 받은 편지함과 스팸함 어디에도 메일이 도착하지 않았습니다. 휴대전화 인증을 시도했을 때에는 인증 화면이 반복되어 완료되지 않았고, 집의 노트북과 휴대전화 등 다른 기기에서도 같은 로그인 화면으로 돌아갑니다. 브라우저를 바꾸고 캐시를 삭제하는 기본 점검은 이미 시행했습니다.

상담 과정에서 계정에 등록된 이메일 일부와 휴대전화 번호 끝자리를 확인해 본인 소유 계정이라는 사실은 확인되었습니다. 접속 환경에 따른 일시 오류 가능성도 안내받았지만, 그 안내만으로 로그인 권한이 복구된 것은 아닙니다. 배송지 수정 이력과 주문 결제 확인은 참고 자료이며, 해당 정보를 다시 변경하거나 결제를 재처리해 달라는 의미가 아닙니다.

현재는 주문 상품의 배송을 확인하기 전에 계정 접근을 되찾아야 합니다. 본인 확인을 다시 진행해야 한다면 필요한 인증 수단과 제출 정보, 보안 설정 변경 후 적용되는 대기 시간이나 제한 여부를 안내해 주십시오. 재설정 메일이 발송되지 않는 원인과 대체 인증 절차가 있다면 함께 확인해 주시면 좋겠습니다.

이번 본문에서 요청하는 행동은 로그인 복구와 인증 정보 갱신 절차를 안내하고 실제 접근 문제를 해결할 수 있도록 지원하는 것입니다. 배송지 주소 수정, 주문 취소, 결제 상태 확인은 이미 확인된 참고 이력으로 별도 처리 대상이 아닙니다. 주문 내역을 다시 볼 수 있도록 계정 접근 권한을 회복하는 데 필요한 조치만 알려 주시기 바랍니다.
이 상담은 필요한 확인과 처리를 마쳐 종료된 기록입니다.

아래 문의는 이후 별도로 접수한 건입니다.
새로 접수한 문의
차량용 햇빛 가리개는 배송 예정일보다 닷새 늦게 도착했고, 그 사이 장거리 운행을 마쳐 사용할 필요가 없어졌습니다. 배송 지연에 대한 문의는 지난주 상담에서 접수되었고 판매처의 발송 지연 사유도 이미 전달받았습니다. 상품은 포장만 열어 규격을 확인했으며 차량에 설치하지 않은 상태로 다시 포장해 두었습니다. 오늘 반품을 진행하고 싶으니 회수 신청 방법과 결제 금액이 언제 환급되는지 안내해 주세요. 배송 지연에 대한 별도 보상보다 주문 자체를 취소하고 물건을 돌려보내는 절차가 궁금합니다.",refund,ctx-i-024,original-synthetic:advanced-context-ko-1.0
c-c0695bae8189,"새로 접수한 문의
지난주 휴대용 선풍기 주문과 관련해 처음에는 결제 승인 문자가 늦게 온 문제를 문의했지만, 상담 과정에서 승인 여부는 확인되었고 카드사 반영도 끝났습니다. 이때 상담원은 출고 후 운송장 조회가 가능하다고 안내했으며, 포장 완료 알림은 이틀 전에 받았습니다. 회원정보에 등록된 수령지는 그대로이고 공동현관 출입 방법도 주문 메모에 남겨 두었지만, 조회 화면에는 아직 배송 준비 중으로만 표시됩니다. 오늘 오전부터 상태가 변하지 않아 혹시 물류센터에서 실제로 출고되었는지, 현재 어디까지 이동했는지 확인해 주시고 예상 수령일도 알려 주시면 좋겠습니다. 환불이나 결제 취소를 요청하는 상황은 아니며, 이번 주문을 받을 수 있도록 배송 진행 상황을 확인하려는 것입니다.

아래에는 상담 시 참고할 수 있도록 종료된 별도 건의 기록을 덧붙였습니다.
종료된 별도 상담 건
휴대용 선풍기 주문을 취소하고 이미 결제된 금액을 환급받고 싶습니다. 주문 직후 결제 승인 알림이 두 번 도착해 중복 청구를 먼저 문의했지만, 상담 기록상 한 건은 승인 보류 후 자동 해제되었고 카드사에도 실제 매입은 한 번만 반영되었습니다. 회원 계정의 연락처와 배송지는 주문 당시 정보와 동일하며, 결제수단 변경이나 회원정보 수정이 필요한 상황은 아닙니다. 판매처는 재고 이동 때문에 포장이 늦어졌다고 설명했고 이후 출고 안내를 보냈지만, 약속한 날짜가 지나도록 상품을 받지 못했습니다. 새로 제시된 도착 예정일에도 배송이 완료되지 않아 더 기다리기 어렵다는 의사를 전달하려는 것입니다. 과거 상담에서 배송 지연 사유와 운송장 확인 방법을 안내받은 내용은 이번 취소 판단을 위한 참고 이력이며, 지연 원인을 다시 조사해 달라는 별도 요청은 아닙니다. 현재 배송 중으로 표시된 상품이 있다면 취소 접수와 반품 또는 수취 거부 방법을 안내해 주시고, 결제된 금액이 어떤 절차와 일정으로 환급되는지도 알려 주시기 바랍니다. 배송 위치를 단순히 조회하거나 결제 승인 건수를 다시 확인하는 것이 이번 요청의 목적은 아닙니다.
이 상담은 필요한 확인과 처리를 마쳐 종료된 기록입니다.",shipping,ctx-i-026,original-synthetic:advanced-context-ko-1.0
c-90b0b06c7065,향초 받침이 배송 완료로 표시됐지만 현관과 경비실 어디에도 보이지 않습니다. 배송 기사님이 어느 장소에 두었는지 확인하고 실제 수령 여부를 안내해 주세요.,shipping,ctx-i-015,original-synthetic:advanced-context-ko-1.0
c-86170aa7f202,"종료된 별도 상담 건
접이식 우산은 결제 승인까지 정상적으로 이루어졌으나 수령 후 자동 개폐 버튼이 눌린 상태에서 복귀하지 않아 접을 수 없는 문제가 확인되었습니다. 판매처와 주고받은 이전 상담에서는 고장 장면을 촬영해 보내면 반품할 수 있다는 안내를 받았고, 회수 기사 방문이 한 차례 연기된 뒤 지난주 상품을 실제로 수거해 갔습니다. 판매처 도착 알림도 확인했으므로 반품 접수와 회수 자체는 끝난 상태이며, 이 기록은 이번 처리에 참고할 상담 이력입니다. 과거에 같은 주문의 배송 지연을 문의했던 건과 회원 로그인 오류는 각각 답변을 받아 종결되었고, 배송지를 바꾸거나 계정 정보를 수정할 필요도 없습니다. 현재 판매처의 검수 결과와 환불 승인 여부, 카드 결제 취소 예정일은 아직 안내받지 못했습니다. 교환품을 다시 보내 달라는 요청이 아니라 해당 주문을 취소하고 결제한 금액 전액을 환급해 달라는 처리를 부탁드립니다. 반품 배송비가 환불액에서 공제되는지와 공제된다면 그 기준도 함께 알려 주시기 바랍니다.
이 상담은 필요한 확인과 처리를 마쳐 종료된 기록입니다.

아래 문의는 이후 별도로 접수한 건입니다.
새로 접수한 문의
접이식 우산을 주문한 뒤 출고 알림을 받았고, 처음 표시된 도착 예정일은 금요일이었습니다. 배송 중 포장이 젖어 판매처에서 새 상품을 다시 보내 주기로 한 이전 상담이 있었으며, 기존 건의 환불 처리는 이미 완료되어 카드 내역에서도 확인했습니다. 새로 발급된 운송장에는 집하 완료만 남아 사흘째 다음 이동 기록이 보이지 않고, 주말 외출 전에 받아야 해서 현재 재발송품의 위치를 확인하려고 합니다. 상담원에게 받은 안내에는 물류센터에서 포장 상태를 다시 점검한 뒤 출고한다고 적혀 있었지만, 그 이후 실제 이동 여부는 조회되지 않습니다. 접이식 우산이 어느 센터에 있는지와 배송이 재개될 예정일을 알려 주세요. 주소나 결제 수단을 바꾸려는 요청은 아니며, 이미 끝난 환급 건을 다시 처리할 필요도 없습니다. 만약 오늘 수령이 어렵다면 배송 기사에게 전달될 예상 날짜라도 확인해 주시면 외출 일정을 조정하겠습니다.",shipping,ctx-i-048,original-synthetic:advanced-context-ko-1.0
c-08d0b203d97f,"종료된 별도 상담 건
반려견 이동 가방을 지난주 여행 준비를 위해 주문했고, 주문 당시 결제 승인은 정상적으로 완료되었습니다. 주문서에는 자택 주소와 연락처가 정확히 표시되어 있었으며, 회원 계정에서도 해당 주문번호와 결제 금액을 확인했습니다. 과거에 같은 판매처에서 주문한 적이 있어 배송 지연 시 처리 기준을 문의한 상담 기록도 있으나, 그 상담은 일반적인 안내를 받은 참고 과정이었습니다.

이번 주문은 처음 안내된 출고 예정일이 지나면서 상태가 준비 중으로 바뀌었습니다. 판매처는 물류센터 사정으로 일정을 늦췄다고 알렸고, 며칠 뒤에는 포장 중이라는 알림을 다시 보냈습니다. 아직 택배 운송장 번호가 생성되지 않았고 실제 상자를 받은 사실도 없으므로 배송 완료나 반품 접수로 볼 수는 없습니다.

여행 일정은 이미 확정되어 있어 예정된 날짜에 가방을 사용하기 어렵습니다. 배송지를 바꾸거나 다른 상품으로 교환하려는 것이 아니며, 계정에 등록된 주소와 연락처를 다시 확인해 달라는 요청도 아닙니다. 결제 수단은 당시 사용한 카드로 기록되어 있고 승인 내역도 고객 앱에서 확인됩니다.

이전에 상담원이 발송 전에는 주문 철회가 가능하고, 결제 취소 뒤 카드사 반영에는 별도 시간이 걸릴 수 있다고 설명했습니다. 그 안내는 이번 요청을 검토할 때 참고할 기준이며, 실제 취소가 완료되었다는 뜻은 아닙니다. 물류센터의 포장 상태를 확인하는 과정도 있었지만 주문을 유지하기로 결정한 적은 없습니다.

따라서 현재 이 주문을 취소하고 이미 결제한 금액을 환급받고자 합니다. 발송 전 취소가 가능한지 확인한 뒤 주문 취소와 결제 취소를 진행해 주시고, 카드 승인 취소가 반영되는 예상 시점도 알려 주세요. 배송 지연 사실을 다시 설명하거나 새 배송 일정을 잡는 것이 이번 문의의 목적은 아닙니다.
이 상담은 필요한 확인과 처리를 마쳐 종료된 기록입니다.

아래 문의는 이후 별도로 접수한 건입니다.
새로 접수한 문의
예전에 반려견 이동 가방을 구매한 뒤 주문 내역에서 영수증을 내려받으려 했는데 비밀번호 입력이 여러 번 실패했습니다. 상담원이 본인 확인 후 임시 비밀번호를 발급해 주었고, 그때는 다시 로그인해 결제 내역을 확인했습니다. 오늘 새로 산 이동 가방의 배송 상태를 보려고 앱에 접속했더니 등록된 휴대전화가 예전 번호로 남아 있어 인증번호를 받을 수 없었습니다. 기존 번호는 해지된 상태라서 본인 확인을 거쳐 연락처를 바꾸고 계정 접근을 복구해 주세요.",account,ctx-i-016,original-synthetic:advanced-context-ko-1.0
c-6b8660e6b86f,"종료된 별도 상담 건
스케치북 묶음은 결제 후 안내받은 도착 예정일을 이미 넘겼고, 주문 상세의 배송조회도 며칠째 같은 지역 터미널에 머문 것으로 표시됩니다. 결제에 사용한 카드와 주문번호는 확인해 두었으며, 판매처 상담창에도 배송 지연 사실을 문의한 기록이 남아 있습니다. 예전에 비슷한 지연이 있었을 때에는 판매처가 배송비 일부를 보상했지만, 그 보상 처리는 당시 주문에 한정되어 이미 종료되었습니다.

이번 주문은 다음 주 수업에서 사용하려고 구매했으나 예정된 날짜 안에 받기 어려워졌습니다. 아직 택배 상자를 수령하지 않았고, 배송기사의 방문이나 부재 안내도 없었습니다. 회원정보의 배송지와 연락처는 주문 당시 입력한 내용과 동일하며, 주소 변경이나 재배송 접수를 별도로 요청한 적도 없습니다.

배송조회에 표시된 터미널 명칭과 마지막 스캔 시각은 현재 상황을 판단하기 위한 참고 자료로 확인했습니다. 그 기록을 근거로 택배 위치를 다시 추적해 달라는 것이 이번 문의의 목적은 아니며, 과거 배송비 보상 내역을 다시 적용해 달라는 요청도 아닙니다. 결제 승인 자체는 정상적으로 완료되었으므로 결제 실패 여부를 확인할 필요도 없습니다.

행사 일정이 지나면 상품을 받아도 사용할 수 없어 더 기다리기 어렵습니다. 판매처에서 배송이 재개될 가능성이나 분실 여부를 내부적으로 확인하는 절차가 있을 수 있다는 점은 알고 있지만, 그 절차가 끝날 때까지 주문을 유지하고 싶지는 않습니다. 미수령 상태에서 취소가 가능한지와 취소 후 카드 승인 금액이 어떤 방식으로 되돌아오는지를 확인하고 싶습니다.

이번 주문을 취소하고 결제 금액 환급을 진행해 주세요. 접수에 필요한 추가 확인이나 배송 중지 절차가 있다면 순서대로 안내해 주시고, 환급 요청이 판매처 승인 후 처리되는 경우 예상 소요 기간도 알려 주시기 바랍니다. 배송 지연 사실의 재조회나 과거 보상 내역 설명이 아니라, 현재 미수령 주문의 취소와 결제 금액 환급이 이번 요청입니다.
이 상담은 필요한 확인과 처리를 마쳐 종료된 기록입니다.

아래 문의는 이후 별도로 접수한 건입니다.
새로 접수한 문의
지난달 스케치북 묶음 주문 때 포장지 모서리가 눌려 상담을 남겼지만, 판매처에서 새 상품을 보내 주기로 하면서 그 건은 마무리되었습니다. 당시 환급받은 배송비 내역도 확인했고 회원정보에 등록된 주소는 그대로입니다. 오늘 같은 상품을 다시 주문했는데 결제는 완료된 상태에서 사흘째 배송조회가 집하 대기로만 표시됩니다. 새 주문이 실제로 출고되었는지와 현재 어느 단계에 있는지 확인해 주시고, 수령 가능한 예상 날짜도 알려 주세요.",shipping,ctx-i-006,original-synthetic:advanced-context-ko-1.0
c-e61eaaa5218d,무선 마우스를 주문했는데 배송 조회가 발송 준비에서 멈춰 있습니다. 업무용이라 금요일 전 수령이 필요한데 출고 예정일과 현재 주문 처리 단계를 확인해 주세요.,shipping,ctx-i-005,original-synthetic:advanced-context-ko-1.0
c-11b9a34297b8,"종료된 별도 상담 건
스케치북 묶음을 다시 구매하려고 과거 주문과 배송 완료 기록을 열어 보던 중 회원 계정에서 로그아웃되었습니다. 이후 로그인 화면에서 비밀번호를 정확히 입력해도 인증 실패가 반복되었고, 여러 차례 시도한 뒤에는 일시적인 접근 제한 안내까지 표시되었습니다. 예전에 배송지 변경 상담을 하면서 휴대전화 번호를 바꾼 사실이 있으며, 그때 처리된 상품 배송은 정상적으로 완료되어 배송 문제는 이미 종결되었습니다.

현재 사용하는 휴대전화와 컴퓨터의 접속 환경은 이전과 다르지 않고, 다른 사이트에서는 같은 네트워크로 본인 인증을 진행할 수 있습니다. 계정에 등록된 이메일 주소를 알고 있어 비밀번호 재설정도 시도했지만, 재설정 메일은 더 이상 사용하지 않는 예전 주소로만 발송된다는 안내가 나왔습니다. 새 번호로 문자 인증을 선택해도 등록 정보와 일치하지 않는다는 이유로 다음 단계로 넘어가지 않습니다.

과거 배송지 변경 상담에서 주소가 정상적으로 저장되었고 당시 주문이 배송 완료되었다는 기록은 계정 소유 여부를 확인하는 참고 자료입니다. 그 주문의 배송 상태를 다시 확인하거나 배송지를 재변경해 달라는 뜻은 아니며, 비밀번호 재설정 메일을 이미 발송했다는 안내만 반복하는 것도 해결책이 되지 않습니다. 구매 내역과 결제 기록을 확인하려면 먼저 회원 계정에 접근할 수 있어야 합니다.

본인 확인에 필요한 주문번호와 최근 결제일, 과거 배송지 일부는 상담 과정에서 제출할 수 있습니다. 다만 새 연락처를 임의로 등록하거나 다른 계정을 만들어 주문 목록을 옮기는 방식은 원하지 않습니다. 기존 계정의 등록 이메일과 휴대전화 정보가 현재 사용 가능한 정보와 달라진 원인을 확인하고, 보안상 필요한 확인 절차를 거쳐 접근을 회복해야 합니다.

주문 목록을 확인할 수 있도록 기존 계정의 로그인 접근을 복구해 주세요. 본인 확인이 완료된 뒤 등록된 이메일과 휴대전화 등 인증 정보를 현재 사용 가능한 정보로 갱신할 수 있는 절차도 함께 안내해 주시기 바랍니다. 과거 배송 완료 건의 재처리나 새 상품 주문 상태 확인이 아니라, 기존 회원 계정에 다시 접속하고 인증 정보를 정비하는 것이 이번 요청입니다.
이 상담은 필요한 확인과 처리를 마쳐 종료된 기록입니다.

아래 문의는 이후 별도로 접수한 건입니다.
새로 접수한 문의
스케치북 묶음은 지난주 도착 예정일을 넘겼고, 배송조회도 여러 날 같은 터미널에 머물러 있습니다. 결제 당시 사용한 수단과 주문번호는 확인해 두었으며, 예전에 비슷한 지연 건에서는 판매처가 배송비만 보상한 이력이 있습니다. 이번에는 행사에 맞춰 쓸 수 없게 되어 주문을 취소하려고 합니다. 아직 물건을 받지 못한 상태에서 취소 접수와 결제 금액 환급을 진행하려면 어떤 절차를 밟아야 하는지 안내해 주세요.",refund,ctx-i-006,original-synthetic:advanced-context-ko-1.0
c-7b7d6bfba22d,"종료된 별도 상담 건
보온 도시락 구매 내역을 확인하려고 로그인했는데 비밀번호가 맞지 않는다는 안내가 반복됩니다. 가입한 휴대전화로 인증해도 재설정 화면으로 넘어가지 않아 계정에 들어갈 수 없습니다. 본인 확인 후 비밀번호를 다시 설정할 수 있게 도와주세요.
이 상담은 필요한 확인과 처리를 마쳐 종료된 기록입니다.

아래 문의는 이후 별도로 접수한 건입니다.
새로 접수한 문의
보온 도시락이 예정일보다 늦게 도착해 사용하지 못했습니다. 상품은 포장 상태로 보관 중이며 주문을 취소하고 반품한 뒤 결제 금액을 돌려받고 싶습니다. 회수 신청 방법과 환급 시점을 안내해 주세요.",refund,ctx-i-057,original-synthetic:advanced-context-ko-1.0
c-01fbfbe29c69,"종료된 별도 상담 건
지난달 반려견 이동 가방을 주문했을 때 결제 승인이 완료된 뒤 배송지를 바꾸고 싶어 상담센터에 연락했습니다. 상담원은 출고 전이라며 새 주소를 주문서에 반영했다고 안내했고, 변경된 주소가 표시된 확인 메시지도 받았습니다. 당시 적립 포인트 일부가 늦게 복원되어 별도로 문의했지만 이틀 뒤 정상 반영되었으며, 이전 상담 기록에는 배송지 변경과 포인트 처리가 모두 완료된 것으로 남아 있습니다.

이번에는 지난 주문과 별도로 같은 종류의 이동 가방을 다시 결제했습니다. 새 주문의 결제 완료 알림과 주문번호는 확인했지만, 출고 알림에 적힌 도착 예정일은 어제로 지나갔습니다. 앱에는 배송 중이라고 표시되고 택배사 문자에는 배송 완료에 가까운 표현이 있었으나 실제로는 물품을 받지 못했습니다.

현관 앞과 공동현관 보관함, 경비실을 차례로 확인했지만 가방은 없었습니다. 가족이나 이웃이 대신 수령했다는 연락도 없고, 택배 기사에게 전달됐다는 문자만 남아 있습니다. 문자에 수령 사진이나 구체적인 인계 장소가 없어 단순히 배송 완료로 판단하기 어려운 상황입니다.

참고로 이전 상담에서 사용했던 주소와 포인트 복원 내역은 이번 주문의 배송 상태와 직접 관련이 없는 완료된 이력입니다. 이번 주문의 결제 승인 여부도 이미 확인했으므로 결제 취소나 회원정보 변경을 새로 요청하는 내용은 아닙니다. 확인 과정에서 주문번호와 택배사 운송장 번호를 함께 제시할 수 있습니다.

따라서 현재 필요한 조치는 이번 주문의 실제 배송 위치와 미수령 원인을 확인하는 것입니다. 택배사 조회 결과, 기사 인계 기록, 오배송 여부를 확인해 현재 가방이 어느 배송 단계에 있는지 알려 주세요. 가능하다면 오늘 수령할 수 있는지와 추가로 확인해야 할 장소도 함께 안내해 주시기 바랍니다.
이 상담은 필요한 확인과 처리를 마쳐 종료된 기록입니다.

아래 문의는 이후 별도로 접수한 건입니다.
새로 접수한 문의
반려견 이동 가방은 지난주 주문했으나 출고 예정일이 두 차례 바뀌어 여행 전에 사용하기 어렵게 되었습니다. 결제 승인 취소를 문의했을 때 상담원은 발송 전이면 주문 철회가 가능하다고 설명했고, 이후 물류센터에서 포장 중이라는 알림이 왔습니다. 상자 자체는 아직 받지 못했으며, 앱의 주문 상태에는 준비 중으로 표시됩니다. 여행 일정이 지나면 필요가 없어지므로 이 주문을 취소하고 결제한 금액을 환급받는 절차와 처리 시점을 안내해 주세요.",refund,ctx-i-016,original-synthetic:advanced-context-ko-1.0
c-565578ea5d85,"종료된 별도 상담 건
차량용 햇빛 가리개는 결제 승인이 완료된 주문이며 처음 안내된 배송 예정일은 지난주 금요일이었습니다. 배송지는 자택으로 등록되어 있었고 회원 계정의 주소와 연락처도 주문 당시 정보와 일치했습니다. 과거 배송 지연 사유를 문의한 상담 이력에서는 판매처의 출고 지연이라는 설명을 받았고, 그 확인 절차는 이미 끝났습니다.

상품은 예정일보다 닷새 늦게 도착했으며, 배송을 기다리는 동안 예정했던 장거리 운행을 마쳐 더 이상 사용할 필요가 없어졌습니다. 수령 당시 포장 외관에는 큰 훼손이 없었고, 규격을 확인하려고 포장만 열어 보았을 뿐 차량에 설치하거나 사용하지 않았습니다. 현재 상품은 구성품을 빠뜨리지 않은 채 다시 포장되어 있습니다.

지난 상담에서 배송 지연 사유와 판매처 발송 기록을 확인한 것은 배송 경위에 관한 참고 이력입니다. 그 확인이 상품 반품이나 결제 취소까지 처리했다는 뜻은 아니며, 결제 금액도 아직 주문 상태로 남아 있습니다. 지연에 대한 별도 보상이나 판매처 제재를 새로 요구하는 것도 아닙니다.

반품을 진행할 수 있는 조건인지 확인해 주시고, 가능하다면 회수 접수 방법과 포장 시 준비해야 할 사항을 안내해 주십시오. 상품이 회수된 뒤 결제 금액이 어떤 시점에 환급되는지, 카드 승인 취소인지 별도 환불인지도 알려 주시면 좋겠습니다. 배송 지연 자체를 다시 조사해 달라는 것이 아니라 주문을 정상적으로 반품하고 금액을 돌려받는 절차가 필요합니다.

이번 요청의 핵심은 사용하지 않은 상품의 반품 접수와 결제 금액 환급 절차 안내입니다. 배송 지연 사유 확인, 회원정보 점검, 기존 상담 기록 검토는 이미 확인된 배경이므로 새로운 미해결 업무로 보지 말아 주십시오. 주문 취소에 따른 회수와 환급을 진행하기 위해 필요한 다음 단계를 알려 주시기 바랍니다.
이 상담은 필요한 확인과 처리를 마쳐 종료된 기록입니다.

아래 문의는 이후 별도로 접수한 건입니다.
새로 접수한 문의
차량용 햇빛 가리개를 주문한 뒤 배송지를 회사 주차장으로 지정했는데, 어제 발송되었다는 알림만 오고 아직 도착하지 않았습니다. 과거에는 같은 상품의 반품비 환급을 문의했지만 그 건은 이미 처리되어 종료되었습니다. 이번 주문은 오늘 저녁 차량을 찾아가야 해서 현재 어느 물류 단계인지 확인이 필요합니다. 운송장에는 간선 이동으로만 표시되고 도착 예정일이 바뀌지 않아 실제 배달 가능 시간을 가늠하기 어렵습니다. 회사 주차장은 밤에 출입이 제한되므로 늦어질 경우 경비실에 맡길 수 있는지도 함께 확인해 주세요. 주문을 취소하거나 이전 환급 건을 다시 요청하는 내용은 아닙니다.",shipping,ctx-i-024,original-synthetic:advanced-context-ko-1.0
c-a726e0f5119a,"새로 접수한 문의
보드게임 주문과 관련해 이전 상담에서 결제 승인이 늦어진 문제는 확인을 마쳤고 추가 청구도 없었습니다. 그 뒤 출고됐다는 알림을 받았지만 며칠째 운송장에 첫 이동 기록이 나타나지 않습니다. 오늘 확인해 보니 수령 주소의 건물 경비실은 평일 저녁에만 운영되어 낮 배송이면 받을 수 없습니다. 현재 물품이 어느 지역에 있는지 확인하고, 가능하다면 저녁 시간 수령이나 경비실 전달로 배송 메모를 조정해 주세요. 과거 결제 문의 답변은 참고용으로 보관하고 있으며 이번에는 결제 내역을 다시 확인해 달라는 요청이 아닙니다.

아래에는 상담 시 참고할 수 있도록 종료된 별도 건의 기록을 덧붙였습니다.
종료된 별도 상담 건
보드게임 주문은 행사 전에 도착하지 않아 지난 상담에서 배송 일정을 문의한 적이 있습니다. 당시 상담원은 운송장 흐름을 확인한 뒤 행사일까지 도착이 어려울 수 있다고 안내했고, 저는 행사 이후라도 사용할 수 있어 일단 기다리기로 했습니다. 그러나 실제 배송은 행사가 끝난 다음 날 완료되었고, 이제는 해당 상품을 사용할 일정이 없어 주문을 계속 보유할 필요가 없습니다.

상품은 배송받은 박스 그대로 보관 중이며 포장 테이프를 뜯거나 구성품을 꺼내지 않았습니다. 배송 완료 시각과 지연 기간은 택배사 조회 화면에 남아 있고, 이전 상담의 접수번호와 안내 내용도 저장해 두었습니다. 결제는 승인 취소 없이 정상 처리된 것으로 확인되므로 결제 오류를 조사해 달라는 것이 아니라, 수령한 상품을 반품하고 결제 금액을 돌려받을 수 있는 절차를 진행하려는 것입니다.

이번 요청은 배송 위치를 다시 찾거나 배송 예정일을 확인하는 내용이 아닙니다. 이미 물품을 수령했기 때문에 주문 취소가 가능한지, 반품 회수를 어떻게 신청하는지, 포장 상태를 증명하기 위해 어떤 사진을 제출해야 하는지를 안내해 주세요. 반품 사유에는 행사 이후 도착했다는 사실을 적으면 되는지, 판매자 귀책 지연으로 처리될 경우 배송비 부담 주체가 달라지는지도 함께 확인하고 싶습니다.

회수 기사 방문 전에 박스 외관과 운송장, 미개봉 상태를 촬영할 수 있으며 상품이 훼손되지 않도록 원래 포장재를 유지하고 있습니다. 다만 반품 승인 전에 임의로 택배를 보내면 안 되는지, 지정된 회수 방법만 이용해야 하는지는 알지 못합니다. 환급이 승인될 경우 카드 결제 취소가 이루어지는 시점과 카드사 반영까지 걸리는 기간도 알려 주시면 처리 일정을 조정하겠습니다.

참고용으로 보관한 배송 지연 상담 내용은 반품 사유와 경위를 설명하기 위한 자료이며, 당시 배송 지연 원인을 다시 조사해 달라는 별도 요청은 아닙니다. 상품 가격과 배송비가 각각 어떻게 환급되는지, 회수 완료 후 검수 절차가 있는지도 안내받고 싶습니다. 이번 본문에서 부탁드리는 행동은 이미 수령한 보드게임의 반품 접수와 그에 따른 환급 절차를 시작할 수 있도록 필요한 조건을 알려 주시는 것입니다.
이 상담은 필요한 확인과 처리를 마쳐 종료된 기록입니다.",shipping,ctx-i-044,original-synthetic:advanced-context-ko-1.0
c-04b79b5ea29a,"종료된 별도 상담 건
휴대용 스피커 주문서를 다시 내려받으려 했으나 이전에 사용하던 계정에서 로그아웃된 뒤 로그인하지 못하고 있습니다. 과거 배송지를 가족 주소로 추가할 때 본인 인증을 완료했고, 당시 등록한 주소와 주문 정보는 현재도 계정에 남아 있는 것으로 확인했습니다. 결제 승인과 스피커의 배송 상태는 상담원이 이미 조회해 주었으며, 새 상품을 주문하거나 배송지를 바꾸려는 상황도 아닙니다. 오늘 비밀번호를 재설정하려고 등록된 이메일 주소를 입력했지만 인증 메일이 도착하지 않거나 링크를 눌러도 실패 화면으로 돌아오는 일이 반복되고 있습니다. 다른 기기와 현재 사용 중인 휴대전화에서도 같은 문제가 발생해 단순한 브라우저 종료만으로 해결되지는 않았습니다. 주문 내역과 영수증을 확인할 수 있도록 본인 확인 방식을 변경하거나 인증 오류를 해소해 계정 접근을 복구하는 절차를 안내해 주시기 바랍니다.
이 상담은 필요한 확인과 처리를 마쳐 종료된 기록입니다.

아래 문의는 이후 별도로 접수한 건입니다.
새로 접수한 문의
휴대용 스피커를 주문한 뒤 배송비를 포함한 결제가 완료되었다는 알림을 받았습니다. 과거에는 같은 주소로 온 다른 소포가 공동 현관 앞에 놓여 분실된 일이 있어 배송 메모에 경비실 보관을 남겼고, 상담원도 해당 요청을 확인했다고 답했습니다. 이번 주문은 어제 배송 출발로 바뀌었지만 오늘 오후까지 도착하지 않아 현재 기사에게 전달된 상태인지 궁금합니다. 야간에는 경비실 운영이 끝나므로 도착 예정 시간과 보관 위치를 확인해 주세요. 이전 분실 건에 대한 보상 문의는 이미 종결됐고, 결제 취소나 회원정보 변경을 요청하는 것은 아닙니다.",shipping,ctx-i-034,original-synthetic:advanced-context-ko-1.0
c-7ec81e1a56e9,비치 타월 구매 내역을 확인하려고 로그인했는데 본인 인증 단계에서 계속 막힙니다. 등록된 회원정보를 확인하고 계정 접근을 복구해 주세요.,account,ctx-i-011,original-synthetic:advanced-context-ko-1.0
c-81dc97dc7883,"새로 접수한 문의
대형 퍼즐은 지난주 결제가 확인되었고 포장 완료 안내도 받았습니다. 그런데 조회 화면에는 아직 출고 준비로 남아 있어, 이번 토요일 모임 전에 받을 수 있을지 걱정됩니다. 현재 택배사로 넘어갔는지와 수령 예정일을 알려 주세요.

아래에는 상담 시 참고할 수 있도록 종료된 별도 건의 기록을 덧붙였습니다.
종료된 별도 상담 건
대형 퍼즐의 구매 기록을 내려받으려다 로그인 화면에서 계정이 잠겼습니다. 여러 번 비밀번호를 잘못 입력한 뒤 본인 인증 단계로 넘어가지 않으며, 주문 자체의 배송이나 취소를 문의하는 것은 아닙니다. 잠금 해제와 비밀번호 재설정 방법을 안내해 주세요.
이 상담은 필요한 확인과 처리를 마쳐 종료된 기록입니다.",shipping,ctx-i-043,original-synthetic:advanced-context-ko-1.0
c-2d5c90ca2457,"새로 접수한 문의
예전에 벨벳 커튼을 주문한 뒤 구매 내역에서 배송 완료 여부를 확인하려고 했는데, 휴대전화 인증 단계에서 계속 오류가 났습니다. 당시 상담에서는 결제 승인과 배송 자체에는 문제가 없다고 확인해 주었고, 실제로 상품도 수령했습니다. 오늘 다른 주문 내역까지 확인하려고 다시 로그인했지만 비밀번호 재설정 문자도 도착하지 않습니다. 가입할 때 사용한 번호는 그대로이니 본인 인증을 다시 진행할 수 있도록 계정 접근을 복구해 주세요.

아래에는 상담 시 참고할 수 있도록 종료된 별도 건의 기록을 덧붙였습니다.
종료된 별도 상담 건
지난달 벨벳 커튼을 주문했을 때 입력한 주소의 동 호수가 누락되어 배송지 수정 상담을 받은 적이 있습니다. 상담원이 주문 정보를 확인한 뒤 주소를 바로잡았고, 해당 주문은 수정된 주소로 배송되어 며칠 후 정상 수령했습니다. 그때의 주소 변경과 배송 완료 여부는 이미 처리된 사실이며 이번 문의의 대상은 아닙니다.

이번 주 같은 판매처에서 벨벳 커튼을 새로 주문했고 카드 결제도 승인되어 주문번호가 발급되었습니다. 회원정보에 등록된 연락처와 배송지는 이전 주문 이후 바뀌지 않았으며 주문 상세 화면에는 출고 준비 중이라는 문구가 계속 표시됩니다. 결제 완료 여부를 다시 확인해 달라는 뜻이 아니라, 새 주문이 현재 어느 단계에 있는지 확인해 주시기 바랍니다.

주문 당일 판매처 안내문에는 재고 확인 후 영업일 기준 이틀 안에 출고된다고 적혀 있었고, 상담 기록에는 과거 주문의 주소 수정 절차가 참고로 남아 있습니다. 그러나 이번 주문은 아직 운송장 번호가 생성되지 않아 구매자가 물류센터에 도착했는지조차 알기 어렵습니다. 이전 상담에서 안내받은 배송 기간을 이번 주문에 그대로 적용해도 되는지도 함께 확인해 주세요.

오늘 오전과 오후에 앱을 다시 열어 보았지만 상태 변화가 없었고 별도의 지연 알림도 받지 못했습니다. 이미 완료된 결제 승인이나 회원정보 확인을 다시 요청하는 것은 아니며, 출고 예정일을 임의로 확정해 달라는 취지도 아닙니다. 현재 재고 배정, 포장, 출고 대기 중 어느 단계인지와 예상 수령일을 알려 주시면 됩니다.

참고로 과거 주문의 배송지는 상담을 통해 정상 수정되었고 그 건의 배송 문제는 종결되었습니다. 이번에는 새로 결제한 주문의 이동 상황을 조회하여 고객에게 현재 위치와 예상 일정을 안내하는 것이 목적입니다. 물류사로 인계된 상태라면 운송장 번호와 첫 스캔 시점도 함께 확인해 주시기 바랍니다.
이 상담은 필요한 확인과 처리를 마쳐 종료된 기록입니다.",account,ctx-i-056,original-synthetic:advanced-context-ko-1.0
c-adb7e723205a,"새로 접수한 문의
수제 비누 세트를 주문할 때 가족이 대신 로그인해 주소를 입력했고, 그 뒤 제 회원 계정에 낯선 배송지가 저장된 것을 발견했습니다. 지난 상담에서 해당 배송지는 삭제됐고 비누 세트 주문 자체도 정상적으로 배송 완료된 사실을 확인했습니다. 오늘은 계정 보안을 점검하려고 로그인 기록을 보려 했지만 비밀번호가 맞지 않는다는 메시지가 계속 나타납니다. 등록된 이메일로 재설정 안내를 받으려 해도 메일이 도착하지 않아 본인 인증과 비밀번호 재설정을 진행해 계정에 다시 접근할 수 있게 해 주세요.

아래에는 상담 시 참고할 수 있도록 종료된 별도 건의 기록을 덧붙였습니다.
종료된 별도 상담 건
지난 상담에서 수제 비누 세트의 포장 상태를 확인하던 중 상자 안에서 향이 새어 나오는 문제가 발견되었다고 안내받았습니다. 판매처는 제품을 다시 포장한 뒤 재출고하겠다고 했고, 상담 기록에는 검수와 재포장이 완료되면 새 운송장 번호를 문자로 보내기로 적혀 있습니다. 카드 결제 승인은 주문 당시 정상 처리되었으며 결제 오류나 주문 취소가 발생한 것은 아닙니다.

현재 확인하고 싶은 사항은 재포장된 상품이 실제로 출고되었는지와 택배사에 집하되었는지입니다. 어제 주문 상태가 상품 준비에서 발송 준비로 바뀌었지만 약속받은 문자 알림은 아직 도착하지 않았습니다. 오늘 오전 배송 조회 화면에서도 운송장 번호가 등록되지 않아 선물 전달 예정일을 지킬 수 있을지 판단하기 어렵습니다.

수령인은 평일 낮 시간에 집을 비우는 경우가 많아 배송이 시작되면 전달 시간도 함께 조정해야 합니다. 배송 기사에게 저녁 시간대 전달 요청을 남길 수 있는지, 또는 택배사에 별도로 지정해야 하는지도 알려 주시기 바랍니다. 다만 주소 변경이나 결제 재승인을 요청하는 것은 아니며, 기존 주문의 배송 진행과 수령 가능 시간만 확인하려는 것입니다.

참고로 이전 상담에서는 향이 새어 나온 원인을 포장재 밀봉 상태에서 찾고 새 포장으로 교체하기로 했습니다. 상담원은 검수 결과에 따라 내용물이 손상되지 않았는지 확인한 뒤 발송한다고 설명했으며, 해당 검수 절차 자체는 완료된 것으로 기록되어 있습니다. 따라서 이번 문의에서 포장 원인을 다시 조사하거나 상품 구성을 바꾸어 달라는 뜻은 아닙니다.

주문번호에 연결된 배송 상태와 실제 집하 시점을 확인해 주시고, 아직 출고 전이라면 예정일을 안내해 주세요. 운송장 번호가 발급되었다면 문자 대신 상담창에도 남겨 주시면 배송 조회를 진행하겠습니다. 현재 필요한 조치는 재출고 여부와 배송 전달 일정 확인이며, 이미 끝난 결제 승인이나 포장 검수 결과를 다시 처리해 달라는 요청은 아닙니다.
이 상담은 필요한 확인과 처리를 마쳐 종료된 기록입니다.",account,ctx-i-014,original-synthetic:advanced-context-ko-1.0
c-31a6f3a05e66,"종료된 별도 상담 건
처음 주문한 베이킹 실리콘 틀은 판매처의 출고 지연으로 예정일보다 일주일 늦게 도착했고, 그 때문에 예정된 수업에 사용하지 못했습니다. 당시 상담원은 배송 지연 사실과 주문 이력을 확인한 뒤 배송비 일부를 보상하는 처리를 진행했습니다. 해당 보상금은 등록된 결제수단으로 이미 입금되었고, 상담 기록에도 종결로 남아 있어 그 건의 지급 여부를 다시 묻는 것은 아닙니다.

이번에 별도로 주문한 새 틀은 배송 자체는 완료되었지만 개봉하자 가장자리 한쪽이 눌려 변형되어 있었습니다. 반죽을 넣으면 틈으로 새는 상태라 실제 사용은 하지 않았고, 외부 포장과 상품 전체, 변형 부위를 촬영해 두었습니다. 주문번호와 결제 승인 내역도 확인할 수 있어 이전 주문의 배송 지연 보상과 이번 상품 상태를 구분해 제출할 수 있습니다.

판매처의 교환 안내에는 제조상 하자나 배송 중 파손이 확인되면 사진 검토 후 회수 절차를 진행할 수 있다고 되어 있습니다. 고객센터에서 먼저 상품을 사용하지 말고 포장 상태를 보관하라는 안내를 받은 뒤 그대로 보관하고 있습니다. 이 안내는 반품 가능 여부를 판단하기 위한 참고 절차이며, 이미 회수 접수가 완료되었다는 뜻은 아닙니다.

현재 결제는 카드 승인 상태로 남아 있고, 부분 보상이나 적립금 전환을 선택한 사실은 없습니다. 새 상품을 다시 보내 달라는 요청보다 하자 상품을 반품하고 해당 주문의 결제를 취소받는 것이 우선입니다. 과거 주문에 지급된 배송비 보상은 이번 환급액에 합산하거나 재산정할 대상이 아닙니다.

이번에는 사용하지 않은 변형 상품의 회수 접수를 진행하고, 반품 승인 뒤 결제 취소 금액과 카드사에 환급이 반영되는 예상 시점을 안내해 주시기 바랍니다. 사진과 포장 상태를 어디에 제출해야 하는지도 함께 알려 주시면 바로 전달하겠습니다. 이전 배송 지연 보상 건을 다시 처리해 달라는 요청이 아니라 이번 불량 상품의 반품과 환급을 요청드립니다.
이 상담은 필요한 확인과 처리를 마쳐 종료된 기록입니다.

아래 문의는 이후 별도로 접수한 건입니다.
새로 접수한 문의
베이킹 실리콘 틀을 주문한 뒤 구매 내역에서 예전 배송 상태를 확인하려고 했는데 계정이 잠겨 접근할 수 없었습니다. 당시에는 상담원이 주문번호를 받아 배송 완료 사실을 확인해 주었고, 상품도 이미 수령했습니다. 이후 비밀번호를 여러 번 바꾸면서 보안 잠금이 다시 걸린 것 같습니다. 오늘 새 주문의 결제 내역과 배송지를 직접 확인해야 하는데 로그인 화면에서 본인 인증 단계가 반복됩니다. 등록된 휴대전화는 변경하지 않았으니 잠금 해제와 인증 재설정을 진행해 주세요.",account,ctx-i-058,original-synthetic:advanced-context-ko-1.0
c-4532815e5e36,"새로 접수한 문의
수제 비누 세트에 관해 지난 상담에서 포장 중 향이 새어 나와 검수 후 다시 발송하겠다는 설명을 들었습니다. 상담 기록에는 재포장 완료 뒤 운송장 번호를 문자로 보내기로 되어 있고, 결제 승인은 이미 정상 처리된 것으로 확인했습니다. 어제부터 주문 상태가 발송 준비로 바뀌었지만 문자 알림은 오지 않았습니다. 오늘 오전 배송 조회를 해 보니 번호가 등록되지 않은 상태라 선물 전달 일정에 맞출 수 있을지 판단하기 어렵습니다. 재출고 여부와 실제 집하 시점을 확인해 주시고, 수령인이 낮에는 자리에 없으니 배송 기사에게 저녁 전달 요청을 남길 수 있는지도 알려 주세요.

아래에는 상담 시 참고할 수 있도록 종료된 별도 건의 기록을 덧붙였습니다.
종료된 별도 상담 건
수제 비누 세트가 배송 중 젖은 상자에 담겨 도착했고, 세트 가운데 일부 제품은 눌리거나 포장지가 찌그러진 상태였습니다. 수령 당일 외관과 젖은 포장 부분을 촬영해 상담창에 올렸으며, 판매처는 사진 확인 후 상품을 회수하고 물류센터 검수 결과에 따라 환급하겠다고 안내했습니다. 주문 당시 카드 결제는 승인되었고 배송비를 포함한 결제 내역도 정상적으로 확인되었습니다.

회수 접수는 이미 완료되었고 지정된 기사도 상품을 가져갔습니다. 상담 기록에는 회수품이 판매처 물류센터에 도착했으며 검수 대기 단계로 넘어갔다고 표시되어 있습니다. 따라서 이번 문의는 파손 상품을 다시 보내 달라는 내용이나 새 상품으로 교환해 달라는 요청이 아니라, 회수 이후 진행된 환급 절차를 확인하려는 것입니다.

회수 완료일로부터 일주일이 지났지만 카드사 앱에는 취소나 환급 내역이 나타나지 않고 있습니다. 판매처에서 환급 승인을 아직 하지 않은 것인지, 승인은 끝났지만 카드사 반영을 기다리는 것인지 구분하기 어렵습니다. 환급 방식이 카드 승인 취소인지 별도 계좌 입금인지도 주문 기록에서 명확하게 확인되지 않습니다.

참고로 상담 과정에서 상품 사진과 배송 상태를 대조하는 검토가 있었고, 물류센터에 도착한 제품의 수량도 접수된 세트 구성과 일치한다고 안내받았습니다. 회수 과정에서 주소를 다시 확인하거나 배송비를 추가로 결제할 필요는 없다는 답변도 받았습니다. 이 내용은 파손 사실과 회수 완료를 설명하는 참고 이력이며, 이번에 새로 해결해야 할 미수령이나 배송 사고를 뜻하지 않습니다.

해당 주문의 환급 승인 여부와 승인일을 확인해 주시고, 카드 취소라면 카드사에 반영될 예정일을 알려 주세요. 별도 입금 방식으로 처리된다면 입금 예정일과 확인 방법도 함께 안내해 주시기 바랍니다. 이번 요청의 핵심은 회수 이후 환급 상태와 반영 일정이며, 배송 재신청이나 파손 여부의 재판정을 요구하는 것은 아닙니다.
이 상담은 필요한 확인과 처리를 마쳐 종료된 기록입니다.",shipping,ctx-i-014,original-synthetic:advanced-context-ko-1.0
c-24055e4dc308,"종료된 별도 상담 건
캘리그래피 펜의 잉크가 새어 반품을 신청하려고 합니다. 회수 접수와 환급 일정을 알려 주세요.
이 상담은 필요한 확인과 처리를 마쳐 종료된 기록입니다.

아래 문의는 이후 별도로 접수한 건입니다.
새로 접수한 문의
캘리그래피 펜 세트를 주문하고 배송비 결제까지 끝냈는데, 운송장에는 어제부터 지역 물류센터에 도착한 것으로만 나옵니다. 오늘 작업에 써야 해서 언제 받을 수 있는지와 직접 수령 가능한 장소가 있는지 확인해 주세요.",shipping,ctx-i-033,original-synthetic:advanced-context-ko-1.0
c-62654e69a42e,비치 타월은 여행 일정이 바뀌어 주문을 취소하고 반품하려고 합니다. 이미 결제한 금액이 어떤 절차로 환급되는지 안내해 주세요.,refund,ctx-i-011,original-synthetic:advanced-context-ko-1.0
c-e8cfaf74f237,"종료된 별도 상담 건
배낭 방수 커버의 구매확정 여부와 카드 결제 내역을 확인하려고 웹사이트에 접속했으나 여러 차례 인증 실패 후 계정이 잠겼습니다. 이전 주문에서 배송지의 오기재를 발견해 주소를 수정한 기록이 있고, 그 주문은 정상 배송과 구매확정까지 끝났으므로 배송 상태를 다시 문의하는 상황은 아닙니다. 결제 승인과 주문번호도 보관하고 있지만 현재 계정 화면에 들어갈 수 없어 영수증과 구매 내역을 확인하지 못하고 있습니다. 최근 휴대전화를 교체하면서 회원정보에 등록된 인증 번호와 실제 사용 번호가 달라졌고, 비밀번호 재설정 문자도 기존 번호로만 발송되어 본인 확인을 진행할 수 없습니다. 과거 주소 수정이나 배송 완료 사실은 참고용이며 새로 처리할 일은 아닙니다. 현재 보유한 주문 및 결제 기록에 접근할 수 있도록 잠긴 계정을 해제하고, 본인 확인 후 인증 연락처를 새 번호로 갱신해 주세요. 배송이나 환급 상태를 별도로 조사해 달라는 요청은 아닙니다.
이 상담은 필요한 확인과 처리를 마쳐 종료된 기록입니다.

아래 문의는 이후 별도로 접수한 건입니다.
새로 접수한 문의
배낭 방수 커버 주문과 관련해 이전 상담 기록을 함께 남깁니다. 처음 주문한 상품은 색상이 달라 반품했고 환급까지 완료되었으며, 그때 등록된 주소 오류도 수정되었습니다. 이후 새로 결제한 검은색 커버는 발송 알림을 받았지만 배송조회가 이틀째 상품 인수 전으로 표시됩니다. 주말 산행에 가져가야 해서 현재 택배사에 실제로 전달되었는지, 어느 단계에서 멈춰 있는지와 예상 수령일을 확인해 주세요.",shipping,ctx-i-010,original-synthetic:advanced-context-ko-1.0
c-96650205fdfc,"무선 마우스 구매 내역에서 영수증을 확인하려고 했는데 계정이 잠겨 로그인할 수 없습니다. 최근 비밀번호를 바꾼 뒤 이런 상태가 되었고, 등록된 이메일은 사용할 수 있으니 본인 인증 후 잠금 해제와 로그인 복구를 진행해 주세요.",account,ctx-i-005,original-synthetic:advanced-context-ko-1.0
c-edf5be0f5a8e,"종료된 별도 상담 건
예전에 반려견 이동 가방을 구매한 뒤 회사 제출용 영수증을 내려받으려고 계정에 로그인했습니다. 비밀번호를 여러 차례 잘못 입력해 접속이 제한되었고, 당시 상담원은 본인 확인을 거쳐 임시 비밀번호를 발급했습니다. 임시 비밀번호로 다시 로그인한 뒤에는 주문 내역과 결제 영수증을 정상적으로 확인했으며, 그때의 접속 제한은 해제된 상태로 상담 기록에 남아 있습니다.

오늘 새로 구매한 이동 가방의 배송 상태를 확인하려고 같은 계정에 접속했습니다. 새 주문의 결제와 주문번호는 문자와 카드 앱에서 모두 확인되지만, 배송 조회 화면으로 들어가려면 등록된 휴대전화로 인증번호를 받아야 했습니다. 화면에 표시된 번호는 현재 사용하지 않는 예전 번호라 인증번호를 받을 수 없었습니다.

기존 휴대전화는 해지되어 문자 수신이나 통화가 불가능합니다. 새 번호를 이미 다른 서비스에서는 사용하고 있지만 이 쇼핑몰 회원정보에는 아직 반영하지 않았습니다. 배송 상태를 대신 전화로 알려 달라는 요청이나 새 주문의 배송 지연을 조사해 달라는 요청은 아니며, 계정에 접근할 수 있어야 주문 정보를 직접 확인할 수 있는 상황입니다.

과거 임시 비밀번호 발급과 주문 영수증 확인은 이미 끝난 조치이므로 같은 비밀번호를 다시 발급해 달라는 내용이 아닙니다. 결제 실패나 주문 취소도 발생하지 않았고, 회원 이름과 최근 결제 내역으로 본인 확인에 필요한 자료를 제출할 수 있습니다. 이전 상담에서 본인 확인 후 연락처 변경이 가능하다는 안내를 받아 이번에도 해당 절차를 따르려 합니다.

따라서 현재 요청은 본인 확인을 거쳐 회원 계정에 등록된 휴대전화 번호를 새 번호로 변경하고 접속을 복구하는 것입니다. 변경에 필요한 인증 자료와 처리 절차를 안내해 주시고, 번호가 반영된 뒤 정상적으로 로그인할 수 있도록 조치해 주세요. 배송 조회 자체를 대신 처리하거나 과거 영수증을 다시 발급하는 것이 이번 문의의 목적은 아닙니다.
이 상담은 필요한 확인과 처리를 마쳐 종료된 기록입니다.

아래 문의는 이후 별도로 접수한 건입니다.
새로 접수한 문의
지난달 반려견 이동 가방을 주문했을 때는 결제 승인 뒤 배송지 변경을 요청해 상담원이 새 주소를 반영했다고 안내했습니다. 당시 포인트 일부가 복원되지 않아 문의했지만 그 금액은 이틀 뒤 정상 처리되었고, 이전 상담 기록에도 해결로 남아 있습니다. 이번 주문은 별도로 다시 결제한 건이며, 출고 알림에는 어제 도착 예정이라고 표시됐지만 현관과 경비실 어디에도 물품이 없습니다. 택배 기사에게 전달됐다는 문자만 있고 수령 사진은 확인되지 않아, 현재 가방이 어느 배송 단계에 있는지와 오늘 받을 수 있는지 확인해 주세요.",shipping,ctx-i-016,original-synthetic:advanced-context-ko-1.0
c-330c70d3e359,"종료된 별도 상담 건
지난주 휴대용 스피커를 주문하면서 상품 금액과 배송비를 한 번에 결제했고, 결제 완료 알림도 확인했습니다. 주문 당시 입력한 주소는 서울의 아파트로, 과거 같은 건물에서 택배가 공동 현관 앞에 놓인 뒤 사라진 일이 있어 배송 메모에 경비실 보관을 요청했습니다. 상담원은 해당 메모가 주문 정보에 반영되었다고 답했으며, 예전에 발생한 분실 건의 보상 절차도 이미 종결된 상태입니다. 이후 주문 상태가 상품 준비 중에서 배송 출발로 변경된 사실까지는 확인했지만, 오늘 오후가 지나도록 수령하지 못했고 운송장 조회에는 현재 배송 중이라는 표시만 남아 있습니다. 야간에는 경비실 운영이 끝나 기사님이 다른 장소에 두고 갈 가능성을 걱정하고 있습니다. 결제 취소나 주소 변경, 과거 분실 보상을 다시 요청하는 것이 아니라 이번 배송의 도착 예정 시간과 기사님에게 전달된 보관 위치를 확인해 주시기 바랍니다.
이 상담은 필요한 확인과 처리를 마쳐 종료된 기록입니다.

아래 문의는 이후 별도로 접수한 건입니다.
새로 접수한 문의
휴대용 스피커를 받은 날부터 전원이 간헐적으로 꺼져 교환을 신청했지만, 대체 재고가 없다는 답변을 받았습니다. 상담 과정에서 배송비는 판매처 부담으로 처리된다고 안내받았고 회수용 포장도 완료해 두었습니다. 그런데 주문 화면에는 반품 승인만 표시되고 카드 결제 금액의 환급 예정일은 보이지 않습니다. 회수 기사 방문 여부와 별개로, 반품이 접수된 뒤 실제 환급이 언제 이루어지는지 확인해 주세요. 이전에 같은 카드로 결제한 주문의 환급은 정상 처리됐으므로 결제수단 변경은 필요하지 않습니다.",refund,ctx-i-034,original-synthetic:advanced-context-ko-1.0
c-8ea2ec9af2ef,"새로 접수한 문의
종이접기 도구 묶음을 아이 수업에 쓰려고 주문했고, 결제 직후 배송지를 학원 보관함으로 변경했습니다. 이전 상담에서는 변경된 주소가 출고 전에 반영됐다는 답을 받았지만, 오늘 확인한 화면에는 예전 주소 일부가 남아 있습니다. 상담 기록상 주문 취소 요청은 철회되어 주문은 유지 중입니다.
현재 운송장에는 배송 완료 예정일만 표시되고 구체적인 이동 경로가 보이지 않습니다. 물품이 어느 주소로 발송됐는지와 수업 전까지 받을 수 있는지 확인하고, 필요하면 보관함 수령으로 배송 정보를 바로잡아 주세요.

아래에는 상담 시 참고할 수 있도록 종료된 별도 건의 기록을 덧붙였습니다.
종료된 별도 상담 건
종이접기 도구는 단체 수업에서 사용할 예정으로 여러 세트를 주문했으나, 구성품 중 색종이 칼의 재고 부족으로 출고가 반복해서 미뤄졌습니다. 상담 과정에서 일부 대체품을 먼저 보내는 방안이 안내되었지만 수업일이 이미 지나 대체 발송을 기다릴 실익이 없어졌습니다. 주문 당시 상품 금액과 별도의 배송비가 한 번에 결제되었고, 카드 승인 내역도 정상적으로 남아 있습니다.
이번 요청은 배송 일정을 다시 확인하는 것이 아니라 주문을 반품하고 결제 금액을 돌려받는 절차를 진행하는 것입니다. 상품은 아직 사용하지 않았으며 외부 포장과 구성품을 모두 주문 당시 상태로 보관하고 있습니다. 회수 기사가 방문할 주소는 주문서의 학원 주소와 같고, 반품을 위해 별도 주소 변경을 신청한 적은 없습니다.
이전 상담에서는 품절 상품이 입고되면 순차 출고할 수 있다는 설명과 함께 반품 가능 여부를 확인해 주겠다는 답변을 받았습니다. 이후 입고 알림은 받지 못했고 주문 상태도 출고 준비 중에 머물러 있어, 배송 완료나 일부 사용을 전제로 한 환급은 아닙니다. 참고 문서에는 일반적인 미출고 상품 회수 기준과 배송비 처리 예시가 정리되어 있습니다.
회원 계정의 이름과 연락처는 주문 당시 정보와 동일하며 로그인이나 본인 확인에는 문제가 없습니다. 결제수단을 다른 카드로 바꾸거나 적립금을 현금화하려는 요청도 아니고, 품절 사실에 대한 추가 설명만을 요구하는 것도 아닙니다. 이미 확인된 주문번호와 결제 내역은 반품 접수와 환급 범위를 판단하기 위한 참고 자료로 사용해 주세요.
반품 담당자는 이번 주문 전체를 회수할 수 있는지 확인하고, 상품값뿐 아니라 별도로 결제한 배송비도 환급 대상인지 안내해 주시기 바랍니다. 회수 신청 위치와 포장 방법, 환급 승인 후 카드사 반영 시점도 함께 알려 주시면 됩니다. 이번 본문에서 처리할 행동은 미사용 주문의 반품 접수와 결제 금액 환급이며, 대체품 재발송은 요청하지 않습니다.
이 상담은 필요한 확인과 처리를 마쳐 종료된 기록입니다.",shipping,ctx-i-038,original-synthetic:advanced-context-ko-1.0
c-c989230b4022,"종료된 별도 상담 건
안경 케이스를 주문하면서 회사가 아닌 집으로 배송지를 지정했고, 결제 완료 알림도 받았습니다. 그런데 출고 뒤 조회 화면에는 이동 중이라는 표시만 있고 어제부터 같은 지역 물류센터에서 변동이 없습니다. 지난번에는 배송 기사와 연락이 닿지 않아 수령 장소를 바꾼 적이 있지만 이번 주문에는 그런 변경을 신청하지 않았습니다. 현재 안경 케이스가 실제로 어느 단계에 있는지와 오늘 받을 수 있는지 확인해 주세요.
이 상담은 필요한 확인과 처리를 마쳐 종료된 기록입니다.

아래 문의는 이후 별도로 접수한 건입니다.
새로 접수한 문의
안경 케이스를 다시 주문하려고 쇼핑몰에 들어갔는데, 등록된 휴대전화로 인증번호를 받아도 로그인이 완료되지 않습니다. 예전에 배송지를 변경하면서 본인 확인을 한 기록이 있고, 그때 주문한 안경 케이스의 결제와 수령은 이미 끝난 건입니다. 지금은 그 주문을 취소하거나 배송 상태를 묻는 것이 아니라, 새 주문을 위해 회원 계정에 접속해 저장된 주소를 확인하려는 상황입니다. 비밀번호 재설정까지 진행했지만 인증 직후 화면이 초기화되므로 로그인 차단을 해제해 주세요.",account,ctx-i-047,original-synthetic:advanced-context-ko-1.0
c-7c4978f261a3,"종료된 별도 상담 건
독서대 주문의 처리 경위를 확인하기 위해 이전 상담 내역과 현재 제품 상태를 함께 정리합니다. 최초 배송품은 받침 고정 나사가 빠져 있었고, 사진을 제출한 뒤 교환 접수가 완료되어 회수 기사 방문과 새 제품 발송까지 진행되었습니다. 당시 상담원은 교환품에서도 동일하거나 중대한 하자가 확인되면 추가 교환 대신 반품과 환급을 검토할 수 있다고 기록했습니다. 첫 결제는 카드로 승인되었고, 교환 과정에서 별도의 추가 결제가 발생하지 않았다는 점도 결제 내역에서 확인했습니다. 교환품은 지난 월요일 도착했으며, 포장을 열어 받침을 펼치는 과정에서 같은 부위의 균열을 발견했습니다. 안전상 사용하지 않고 구성품과 설명서를 모두 원래 상자에 넣어 보관했으며, 균열 부위와 포장 상태를 촬영해 두었습니다. 주문 화면에는 아직 교환 완료로 표시되어 있어 실제 하자 발생 사실과 화면상의 처리 상태가 일치하지 않습니다. 회수 가능한 날짜를 다시 잡아 달라는 정도의 배송 문의만 하려는 것은 아니며, 새 제품을 한 번 더 보내 달라는 요청도 아닙니다. 이번 주문에 대해 반품 접수를 열고 최초 결제액 전부를 환급해 주실 수 있는지 확인해 주시며, 회수 배송비와 환급 예정일도 함께 안내해 주시기 바랍니다.
이 상담은 필요한 확인과 처리를 마쳐 종료된 기록입니다.

아래 문의는 이후 별도로 접수한 건입니다.
새로 접수한 문의
독서대 주문에 대해 남겨 둔 이전 상담 기록에는 결제 승인 후 출고가 하루 늦어졌다고 적혀 있습니다. 상담원은 운송장 등록 뒤 이틀이면 도착한다고 했고, 그 안내를 믿고 주말 독서 모임 장소를 수령지로 지정했습니다. 그런데 어제 운송장 번호가 생성된 뒤에도 이동 기록이 없고, 오늘 오전에는 모임 장소의 운영 시간이 변경되어 낮 시간 수령이 어려워졌습니다. 주문을 취소하거나 환급받으려는 것은 아니며, 독서대가 실제로 어느 물류 단계에 있는지와 예상 도착일을 확인해 주셨으면 합니다. 배송 기사에게 연락할 수 있는 시점이 정해져 있다면 그 기준도 알려 주세요. 운영 시간이 짧아 부재 시 반송될 수 있으므로, 가능한 경우 저녁 수령이나 다른 전달 방법을 함께 메모해 주세요.",shipping,ctx-i-054,original-synthetic:advanced-context-ko-1.0
c-dcb576d683c8,"새로 접수한 문의
수목 이름표를 추가로 주문하려고 구매 목록에 들어갔는데, 지난주부터 본인 인증 단계에서 계속 오류가 납니다. 이전에는 배송지 변경 권한이 제한되어 상담원이 본인 확인 후 수정해 준 적이 있고, 그 기록은 완료된 상태로 남아 있습니다. 지금은 배송지 자체를 바꾸려는 것이 아니라 로그인 뒤 주문 내역에 접근하지 못하는 문제가 이어지고 있습니다. 휴대전화 인증 정보를 다시 확인할 수 있도록 계정 잠금을 풀고 본인 인증 절차를 안내해 주세요. 결제 수단이나 현재 배송 중인 물품의 상태는 이번 문의 대상이 아닙니다.

아래에는 상담 시 참고할 수 있도록 종료된 별도 건의 기록을 덧붙였습니다.
종료된 별도 상담 건
지난달 수목 이름표를 주문했을 때 결제 승인 문자가 늦게 도착해 상담원이 승인 상태를 확인했습니다. 당시 결제는 정상 승인되었고 주문도 완료 처리되어 그 상담 건은 종결된 것으로 기록되어 있습니다. 이후 같은 판매처에서 작업 일정에 맞춰 새로 이름표를 주문했고, 판매자가 출고했다는 알림까지 받은 상태입니다. 이번에는 새 주문의 배송 위치와 예상 도착일을 확인해 주세요.

새 주문은 출고 알림이 온 뒤 사흘 동안 운송장 조회 화면의 이동 기록이 바뀌지 않고 있습니다. 주문 화면에는 배송 중으로 표시되지만 어느 물류센터에 있는지, 배송사 인계가 끝났는지는 확인되지 않습니다. 현장 부착 작업이 모레 예정되어 있어 단순히 주문이 접수되었는지를 묻는 것이 아니라 실제 운송 진행 상황을 파악해야 합니다.

회원 계정에 등록된 배송지는 지난 주문과 동일한 보관 장소이며, 주소를 잘못 입력했다는 안내나 변경 요청은 접수하지 않았습니다. 결제수단도 이전 상담에서 승인된 카드와 다르지 않고 추가 결제나 취소 내역은 없습니다. 따라서 주소 수정이나 결제 재처리가 아니라 배송사 조회를 통해 현재 위치를 확인할 필요가 있습니다.

판매처 상담 기록에는 출고 전 상품 준비가 완료되었다는 답변이 남아 있고, 주문번호와 운송장 번호도 함께 전달받았습니다. 그 자료는 이번 확인에 참고할 수 있지만, 과거 주문의 승인 지연이나 상품 준비 완료 사실이 새 주문의 이동을 보장하는 것은 아닙니다. 특히 배송 지연에 대한 보상이나 주문 변경을 요청하는 것이 아니라 예정 도착일을 확인하려는 상황입니다.

배송사에 운송장 번호를 기준으로 마지막 스캔 위치와 다음 이동 예정, 보관 장소 도착 예정일을 문의해 주세요. 조회 결과가 아직 등록되지 않았다면 판매처에 실제 인계 여부도 함께 확인해 주시면 됩니다. 이번 요청의 범위는 새로 주문한 수목 이름표의 운송 상태와 도착 일정 확인이며, 이미 끝난 결제 상담을 다시 처리하는 것은 아닙니다.
이 상담은 필요한 확인과 처리를 마쳐 종료된 기록입니다.",account,ctx-i-032,original-synthetic:advanced-context-ko-1.0
c-77d9f099cb31,"새로 접수한 문의
오카리나를 주문한 뒤 받은 첫 상품은 운송 중 포장이 깨져 반품했고, 판매처가 새 상품을 별도로 발송했습니다. 첫 주문의 환불은 이미 카드사에 반영되었고, 이전 상담에서도 재발송 운송장을 안내받았습니다. 그런데 새 운송장에는 출고 완료 이후 닷새 동안 이동 기록이 없어 오늘 확인한 배송 상태가 실제 이동을 반영하는지 알기 어렵습니다. 다음 주 연습 일정에 맞춰 받아야 해서 현재 오카리나가 어느 물류 단계에 있는지, 분실 접수나 배송 지연 안내가 등록되었는지 확인해 주세요. 주소는 처음 주문 때와 같고 변경할 필요가 없습니다. 새 상품이 아직 판매처에 머물러 있다면 출고 예정일을, 운송 중이라면 예상 수령일을 알려 주시면 됩니다. 과거 파손품의 반품과 환급을 다시 처리해 달라는 요청은 아니며, 이번 문의에서는 재발송된 오카리나의 위치만 확인하고 싶습니다.

아래에는 상담 시 참고할 수 있도록 종료된 별도 건의 기록을 덧붙였습니다.
종료된 별도 상담 건
주문한 오카리나는 특정 음역에서 공기가 새고 표면에도 균열이 보여 판매처에 사진과 녹음 파일을 제출했습니다. 판매처의 반품 승인을 받은 뒤 첫 회수일에는 기사 방문이 이루어지지 않아 일정을 다시 잡았고, 변경된 날짜에 상품은 정상적으로 회수되었습니다. 택배 조회에는 판매처 도착으로 표시되고 회원 계정의 주문 상태도 반품 완료로 바뀌었지만, 카드 결제 내역에는 아직 승인 취소나 환급 금액이 반영되지 않았습니다. 이번 요청은 교환품을 보내 달라는 것이 아니라 해당 주문을 취소하고 결제한 금액을 환급해 달라는 것입니다. 검수 결과가 이미 접수되었는지, 판매처에서 환불 승인을 언제 진행하는지, 카드사 반영까지 통상 며칠이 걸리는지 확인해 주세요. 반품 배송비나 검수 비용이 공제될 가능성이 있다면 적용 기준과 예상 환급액도 함께 안내해 주시기 바랍니다. 이전 상담에서 출고 지연 사유를 들었고 로그인 인증 오류도 별도 답변을 받아 해결했으므로 그 내용을 다시 조사할 필요는 없습니다. 회수 완료와 반품 상태 변경은 환급이 끝났다는 뜻으로 이해하지 않고 있으며, 이번에는 결제 취소와 실제 환급 일정을 확인하려고 합니다. 첨부한 카드 승인 내역과 회수 조회 화면은 이미 확인된 사실을 뒷받침하는 참고 자료로 사용해 주세요.
이 상담은 필요한 확인과 처리를 마쳐 종료된 기록입니다.",shipping,ctx-i-050,original-synthetic:advanced-context-ko-1.0
c-15de5789fc87,"새로 접수한 문의
스테인리스 식판의 구매 영수증을 확인하려고 계정에 들어갔지만 로그인 단계에서 본인 인증이 계속 실패합니다. 등록된 휴대전화 번호는 변경하지 않았고, 다른 기기에서도 같은 화면이 반복됩니다. 결제나 배송 상태가 아니라 계정에 다시 접속할 수 있도록 인증 오류를 해제하고 로그인 절차를 안내해 주세요.

아래에는 상담 시 참고할 수 있도록 종료된 별도 건의 기록을 덧붙였습니다.
종료된 별도 상담 건
스테인리스 식판을 주문했는데 예정일보다 일주일 늦게 도착해 행사에 사용할 수 없었습니다. 포장 상태와 배송 지연 안내 문자는 보관 중이며, 상품을 사용하지 않은 채 다시 포장해 두었습니다. 주문을 취소한 뒤 식판을 반품할 수 있는 접수 방법과 결제 금액의 환급 일정을 확인해 주세요.
이 상담은 필요한 확인과 처리를 마쳐 종료된 기록입니다.",account,ctx-i-037,original-synthetic:advanced-context-ko-1.0
c-0f8f8a131ca3,"새로 접수한 문의
보드게임 주문을 여러 개 비교하려고 회원 페이지에 들어갔는데, 최근 이메일 주소를 변경한 뒤 로그인이 풀리고 기존 비밀번호도 인정되지 않습니다. 예전 상담에서는 배송 지연에 대한 보상 여부를 문의했지만 그 건은 답변을 받아 종료했고, 이번에는 상품 상태나 환급을 묻는 것이 아닙니다. 비밀번호 재설정 안내가 이전 이메일로만 전송되어 진행할 수 없으니, 본인 확인을 거쳐 연락처를 바꾸고 회원 계정의 접근 권한을 복구해 주세요. 필요한 확인 자료와 처리 가능한 방법을 알려 주시면 바로 제출하겠습니다.

아래에는 상담 시 참고할 수 있도록 종료된 별도 건의 기록을 덧붙였습니다.
종료된 별도 상담 건
보드게임 주문 건은 지난주 결제 승인 지연으로 상담을 접수했으나 카드사 승인 상태와 판매자 결제 기록을 대조한 결과 정상 승인으로 확인되었습니다. 승인 지연에 따른 추가 청구나 중복 결제도 없어 해당 결제 확인은 종료되었고, 당시 답변은 이번 문의를 위한 참고 이력으로 남겨 두었습니다. 이후 상품이 출고되었다는 알림을 받았지만 사흘이 지나도록 운송장에 집하 이후의 이동 기록이 표시되지 않아 현재 배송 상태를 확인해야 합니다.

수령 주소는 회사 건물로 등록되어 있으며 평일 오전에는 경비실이 운영되지 않고 오후 여섯 시 이후에만 담당자가 물품을 받을 수 있습니다. 주문 당시 입력한 주소 자체는 맞지만, 낮 시간에 배송되면 기사님이 물품을 맡길 장소가 없어 부재 처리될 가능성이 있습니다. 따라서 주문 취소나 결제 재승인을 요청하는 것이 아니라, 현재 물품이 어느 지역에 있는지와 다음 배송 단계가 무엇인지 먼저 확인해 주시기 바랍니다.

배송사 조회 화면에는 운송장 번호와 출고일만 표시되고 실제 집하 시각이나 영업소 정보는 아직 나타나지 않습니다. 판매자에게 출고 요청이 전달된 사실과 상품 포장이 완료되었다는 안내는 확인했지만, 이것만으로 현재 택배사의 보관 위치를 알 수는 없습니다. 배송 지연에 대한 일반 안내를 다시 보내 달라는 뜻이 아니라 이번 주문의 실제 이동 상황을 확인하려는 것입니다.

가능하다면 배송 메모에 평일 저녁 수령을 희망한다는 내용을 추가하고, 경비실 운영 시간에 맞춰 전달할 수 있는지도 배송사에 문의해 주세요. 이미 출고가 끝난 뒤라 변경이 불가능하다면 그 사유와 기사님께 전달할 수 있는 대체 방법을 알려 주시면 됩니다. 주소를 새로 등록하거나 회원정보를 수정해 달라는 요청은 아니며, 현재 배송 건의 위치와 수령 방식 조율이 핵심입니다.

참고로 이전 상담에서 확인한 결제 승인 내역과 카드 청구 금액은 정상이며, 주문 상품이나 수량도 결제 명세와 일치합니다. 배송 알림을 받은 날짜와 운송장 번호는 필요하면 다시 제출할 수 있고, 건물 경비실의 운영 시간도 확인해 드리겠습니다. 이번에는 결제나 환불 검토가 아니라 보드게임 배송의 현재 위치 확인과 가능한 수령 메모 반영을 부탁드립니다.
이 상담은 필요한 확인과 처리를 마쳐 종료된 기록입니다.",account,ctx-i-044,original-synthetic:advanced-context-ko-1.0
c-a8f4bf3aa62d,"새로 접수한 문의
냉장고 정리함 주문 뒤 냉장고 내부 치수를 다시 재 보니 선반 폭과 맞지 않아 사용이 어렵다는 사실을 확인했습니다. 처음 상담에서는 포장 개봉 여부를 문의했고, 미사용 상태로 포장재를 보관하면 반품 검토가 가능하다는 답을 받았습니다. 배송비가 별도로 결제된 내역과 주문번호도 함께 저장해 두었으며, 계정에 로그인하지 못했던 문제는 지난주 본인 인증을 거쳐 해결되었습니다. 상품은 아직 조립하거나 사용하지 않았고 오늘 반품 신청을 진행하려고 합니다. 회수 접수 방법과 반품 배송비 부담 여부, 결제 금액과 별도 배송비의 환급 시점을 알려 주세요. 치수 문제로 교환을 선택할 가능성은 없어 취소 처리 기준도 함께 확인하고 싶습니다.

아래에는 상담 시 참고할 수 있도록 종료된 별도 건의 기록을 덧붙였습니다.
종료된 별도 상담 건
추가 수납용품을 주문하려고 계정의 과거 주문 목록을 열던 중 갑자기 로그아웃되었고, 이후 다시 로그인할 수 없었습니다. 비밀번호 재설정 메일을 여러 차례 요청했지만 등록된 메일함에 도착하지 않았으며, 휴대전화 번호도 변경되어 기존 문자 인증을 사용할 수 없습니다. 이전에 냉장고 정리함을 주문할 때 배송지 변경 상담을 남긴 기록과 결제 승인 내역은 상담 시스템에서 확인된 상태입니다. 해당 상품은 이미 새 주소로 정상 배송되어 현재 사용 중이므로 배송 재확인이나 결제 취소가 필요한 상황은 아닙니다. 이번 요청은 주문 목록과 회원 기능에 다시 접근할 수 있도록 본인 확인과 계정 복구 절차를 안내받는 것입니다. 본인 확인에 필요하다면 예전에 등록했던 연락처, 최근 결제일, 주문번호를 제출할 수 있습니다. 이메일 주소와 휴대전화 번호를 어떤 순서로 갱신해야 하는지, 갱신 뒤 비밀번호 재설정을 다시 시도할 수 있는지도 알려 주십시오. 과거 배송 상담과 완료된 결제는 본인 소유 계정임을 확인하기 위한 참고 이력이며, 그 주문의 배송 문제를 새로 제기하는 내용이 아닙니다. 계정 접근이 복구되면 새 주문을 직접 진행할 예정이므로 대신 주문을 생성하거나 기존 상품을 변경해 달라는 요청은 하지 않습니다.
이 상담은 필요한 확인과 처리를 마쳐 종료된 기록입니다.",refund,ctx-i-002,original-synthetic:advanced-context-ko-1.0
c-08d036587f76,"종료된 별도 상담 건
스키 장갑 주문 당시 회원 계정의 배송지와 연락처를 확인한 뒤 카드 결제를 진행했고, 처음에는 카드 승인 문자가 늦게 도착해 주문이 취소될 수 있다는 상담을 받았습니다. 다음 날 카드 승인 완료와 주문 생성 사실이 확인되었고, 물류센터에서 출고되었다는 알림도 도착했습니다. 따라서 결제 승인이나 배송 시작 여부는 이전 상담에서 정상 처리된 것으로 종결되었습니다.

상품은 며칠 뒤 배송 완료로 표시되었지만 상자를 열어 보니 오른쪽 장갑의 손목 조임끈이 끊어져 있었습니다. 사용 전 상태에서 발견한 문제라 결함 부위와 포장 상태를 사진으로 촬영해 상담창에 첨부했고, 상담원은 재고와 회수 가능 여부를 확인한 뒤 반품 절차로 이어가겠다고 답변했습니다. 사진 접수 사실과 주문 번호는 상담 기록에 남아 있습니다.

이후 재고가 있다는 안내는 받았지만 실제 반품 회수 번호나 기사 방문일은 전달되지 않았습니다. 주문 화면에는 여전히 배송 완료만 표시되고, 카드 앱에는 최초 결제가 정상 매입된 상태로 남아 있습니다. 참고로 상담원이 교환 가능성도 언급했으나, 어떤 방식으로 처리할지는 회수 접수 후 확정하기로 했으므로 교환품 발송이 이미 시작된 것은 아닙니다.

이번 문의에서 다시 확인해 달라는 내용은 배송 이력이나 결제 승인 여부가 아닙니다. 불량 장갑을 회수할 수 있도록 반품 접수를 완료하고, 반품이 확인된 뒤 결제 금액이 어떤 절차와 일정으로 환급되는지 확정해 주시기 바랍니다. 카드 승인 취소가 카드사 사정으로 늦어질 수 있다면 판매처 처리일과 카드사 반영 기준일을 구분해 알려 주십시오.

따라서 회수 접수 번호, 방문 예정일, 환급 방식과 예상 시점을 한 번에 안내해 주시면 됩니다. 추가 사진이나 포장 보관이 필요하다면 제출 방법도 함께 알려 주시기 바랍니다. 이미 끝난 결제 확인이나 출고 사실을 다시 처리해 달라는 요청이 아니라, 배송 완료 후 발견된 하자에 대한 반품과 환급을 진행해 달라는 요청입니다.
이 상담은 필요한 확인과 처리를 마쳐 종료된 기록입니다.

아래 문의는 이후 별도로 접수한 건입니다.
새로 접수한 문의
스키 장갑 구매 내역을 내려받으려고 했던 이전 상담 내용을 첨부합니다. 당시에는 결제 승인 문자가 늦게 와 주문이 보이지 않는다고 문의했으며, 상담 결과 실제 주문은 정상 생성된 것으로 확인되어 결제 문제는 종결되었습니다. 오늘 다시 계정에 들어가 주문 목록을 열었는데 비밀번호 입력 뒤 추가 인증 화면에서 계속 오류가 발생합니다. 등록된 휴대전화로 인증번호를 요청해도 횟수 초과 안내만 반복되고, 다른 기기에서도 같은 현상이 나타납니다. 장갑 주문 자체의 상태를 바꾸려는 것은 아니며, 먼저 본인 계정에 정상적으로 접근해 구매 내역과 영수증을 확인할 수 있게 조치해 주세요. 본인 확인에 필요한 절차와 잠금 해제까지 걸리는 시간도 안내해 주시면 좋겠습니다.",account,ctx-i-052,original-synthetic:advanced-context-ko-1.0
c-9fcd47e3b5d7,"새로 접수한 문의
대형 퍼즐을 주문했지만 조각 수가 생각보다 많아 완성할 시간이 없어졌습니다. 상자는 개봉하지 않았고 결제 내역도 그대로 확인되니 주문을 취소하고 반품하고 싶습니다. 회수 신청 뒤 환급되는 금액과 처리 기간을 알려 주세요.

아래에는 상담 시 참고할 수 있도록 종료된 별도 건의 기록을 덧붙였습니다.
종료된 별도 상담 건
대형 퍼즐은 지난주 결제가 확인되었고 포장 완료 안내도 받았습니다. 그런데 조회 화면에는 아직 출고 준비로 남아 있어, 이번 토요일 모임 전에 받을 수 있을지 걱정됩니다. 현재 택배사로 넘어갔는지와 수령 예정일을 알려 주세요.
이 상담은 필요한 확인과 처리를 마쳐 종료된 기록입니다.",refund,ctx-i-043,original-synthetic:advanced-context-ko-1.0
c-c3eea51373d7,"종료된 별도 상담 건
스키 장갑 구매 내역과 영수증을 내려받으려던 과정에서 발생한 이전 상담 기록을 참고로 첨부합니다. 당시 결제 승인 문자가 늦게 도착해 주문이 생성되지 않은 것처럼 보였지만, 상담원이 주문 번호와 카드 승인 내역을 대조한 결과 실제 주문은 정상 생성된 것으로 확인되었습니다. 그 확인으로 결제와 주문 등록 문제는 종결되었고, 장갑의 배송 상태도 주문 상세 화면에서 조회할 수 있었습니다.

오늘 같은 계정에 다시 로그인해 주문 목록을 열려고 했는데 비밀번호 입력 뒤 추가 본인 인증 단계에서 오류가 발생했습니다. 등록된 휴대전화로 인증번호를 여러 차례 요청했지만 횟수 초과라는 안내만 반복되었고, 잠시 기다린 뒤 다시 시도해도 화면이 달라지지 않았습니다. 회사 노트북과 개인 휴대전화에서 각각 접속했으며 두 기기 모두 같은 현상이 나타났습니다.

회원정보에는 예전에 사용하던 전화번호가 남아 있는지 걱정되어 상담 화면에 표시되는 번호 일부를 확인했지만, 현재 사용하는 번호와 일치하는 것으로 보였습니다. 비밀번호를 재설정하거나 주문을 취소한 적은 없고, 카드 결제 내역과 배송 완료 여부를 변경하려는 의도도 없습니다. 이전 상담에서 확인된 주문 번호와 결제 영수증은 별도 파일로 보관하고 있어 본인 확인이 필요하면 제출할 수 있습니다.

참고 안내에는 인증번호 요청을 반복하면 일시적으로 추가 시도가 제한될 수 있고, 다른 브라우저나 기기에서 재접속해 보라는 절차가 적혀 있었습니다. 안내대로 기기를 바꾸고 일정 시간 후 재시도했지만 동일한 제한 메시지가 나타났으므로 일반적인 재시도 단계는 이미 진행했습니다. 따라서 구매 내역 자체를 다시 조사해 달라는 것이 아니라 계정 접근을 막고 있는 인증 오류를 해결해야 합니다.

이번에는 본인 확인에 필요한 자료와 절차를 안내하고, 인증 시도 제한 또는 계정 잠금을 해제해 정상 로그인할 수 있도록 조치해 주시기 바랍니다. 잠금 해제까지 예상되는 시간과 완료 후 영수증을 확인하는 경로도 알려 주시면 좋겠습니다. 결제 승인 확인이나 배송 상태 변경은 이번 요청에 포함되지 않으며, 회원 계정 접근 복구가 현재 처리해야 할 한 가지 업무입니다.
이 상담은 필요한 확인과 처리를 마쳐 종료된 기록입니다.

아래 문의는 이후 별도로 접수한 건입니다.
새로 접수한 문의
지난주 스키 장갑을 주문한 뒤 결제 완료와 출고 안내를 차례로 받았습니다. 이전 상담에서는 물류센터에서 포장 지연이 있었다고 들었고, 상담원이 금요일까지 도착할 가능성이 있다고 메모해 두었습니다. 그런데 오늘 주문 화면을 보니 배송 예정일이 다시 비어 있고 운송장에는 이틀째 같은 지역만 표시됩니다. 장갑이 현재 어느 단계에 있는지, 주말 출발 전에 받을 수 있는지 확인해 주시기 바랍니다. 산간 지역이라 배송 기사님이 공동 현관에 두고 갈 수 없는 경우에는 연락 가능한 수령 방법도 함께 알려 주세요.",shipping,ctx-i-052,original-synthetic:advanced-context-ko-1.0
c-67345eba26fa,"모니터 받침대의 구매 증빙을 내려받으려 계정에 로그인했지만 등록된 이메일 인증이 만료되었다는 메시지가 나옵니다. 결제와 배송은 이미 처리된 주문이고, 받침대 자체의 상태를 문의하는 것은 아닙니다. 본인 확인 후 이메일 인증을 갱신해 구매 내역에 접근할 수 있도록 조치해 주세요.",account,ctx-i-039,original-synthetic:advanced-context-ko-1.0
c-3b6b549da6d3,자전거 헬멧 주문이 아직 출고되지 않아 주말 라이딩 전에 받을 수 있을지 궁금합니다. 현재 배송 단계와 예상 수령일을 확인해 주세요.,shipping,ctx-i-009,original-synthetic:advanced-context-ko-1.0
c-e4f7a1f4cf34,"종료된 별도 상담 건
베이킹 실리콘 틀을 주문한 뒤 예전 구매 내역과 배송 완료 여부를 확인하려고 했지만 계정이 잠겨 로그인할 수 없었습니다. 당시 상담원에게 주문번호와 결제 승인 내역을 전달했고, 상담원은 해당 상품이 배송 완료되었으며 수령 기록도 남아 있다고 확인했습니다. 그 주문에 대한 배송 확인은 끝났고 상품도 이미 받아 보관 중이므로, 현재 문의는 과거 배송 결과를 다시 확인해 달라는 내용이 아닙니다.

그 후 비밀번호를 변경하는 과정에서 새 비밀번호를 여러 번 잘못 입력했고, 보안을 위한 일시 잠금 안내가 표시되었습니다. 등록된 휴대전화 번호와 이메일 주소는 예전과 같으며 회원 탈퇴나 정보 변경을 신청한 적도 없습니다. 다른 브라우저와 휴대전화에서도 같은 계정으로 접속을 시도했지만 로그인 화면이 본인 인증 단계로 되돌아가는 현상이 반복됩니다.

고객센터의 보안 안내에는 일정 시간 이후 자동 해제가 될 수 있고, 자동 해제가 되지 않으면 등록된 연락처를 통한 본인 확인 후 잠금 해제를 진행한다고 적혀 있습니다. 이 안내에 따라 비밀번호 재설정 링크를 받아 보았지만 링크를 열어도 다시 인증 화면으로 이동했습니다. 안내문은 재설정에 필요한 일반 절차를 설명한 참고 자료이며, 이번 계정의 잠금이 이미 해제되었다는 확인은 아닙니다.

오늘 새로 주문한 실리콘 틀의 결제 내역과 배송지를 직접 확인해야 하므로 계정 접근이 필요합니다. 결제 승인은 완료되었다는 알림을 받았지만, 로그인하지 못해 주문 상세 화면과 등록 배송지를 확인하지 못하고 있습니다. 배송 완료된 예전 주문을 취소하거나 결제 정보를 수정하려는 것이 아니며, 회원정보를 새로 변경해 달라는 요청도 아닙니다.

현재 요청은 잠긴 계정의 본인 인증 상태를 확인하고 로그인 복구 절차를 진행해 달라는 것입니다. 등록된 휴대전화로 인증할 수 있으니 필요한 확인 항목과 잠금 해제 방법을 안내해 주시고, 인증 반복 오류가 서버 문제인지도 점검해 주세요. 복구가 완료되면 새 주문의 결제와 배송지 내역을 직접 확인할 수 있도록 접속 가능 여부를 알려 주시기 바랍니다.
이 상담은 필요한 확인과 처리를 마쳐 종료된 기록입니다.

아래 문의는 이후 별도로 접수한 건입니다.
새로 접수한 문의
지난번 베이킹 실리콘 틀 주문은 배송지가 공동현관으로 지정되어 있었지만, 수령 안내가 늦어 경비실에서 찾아온 일이 있습니다. 그 주문은 이미 수령했고 주소 설정도 상담을 통해 수정했습니다. 오늘 새로 주문한 틀은 출고되었다는 알림만 받은 뒤 이틀째 이동 기록이 보이지 않습니다. 주문 내역에는 모레 도착 예정으로 표시되지만 제빵 수업에 사용할 날짜가 정해져 있어 실제 배송 위치를 확인하고 싶습니다. 배송사로 넘어간 것인지, 예정일 안에 공동현관이 아닌 문 앞에서 받을 수 있는지도 알려 주세요.",shipping,ctx-i-058,original-synthetic:advanced-context-ko-1.0
c-3e92090d92d1,"새로 접수한 문의
예전에 수목 이름표 일부가 젖은 채 도착해 사진을 보낸 뒤 교환품을 받았고, 그 건은 상담 기록상 마무리됐습니다. 이번 주문에서는 포장 안에 같은 규격의 이름표가 두 장 부족했고, 누락분을 기다리기보다 주문 전체를 반품하려고 합니다. 아직 사용하지 않은 묶음은 그대로 보관 중이며, 회수 방법과 카드 결제 취소가 언제 반영되는지 안내해 주세요. 배송 지연에 대한 보상 여부는 별도로 묻지 않으니 반품 승인과 환급 일정만 확인해 주시면 됩니다.

아래에는 상담 시 참고할 수 있도록 종료된 별도 건의 기록을 덧붙였습니다.
종료된 별도 상담 건
수목 이름표를 추가 주문하려고 회원 계정에 로그인한 뒤 구매 목록을 열었는데, 지난주부터 본인 인증 단계에서 반복적으로 오류가 발생하고 있습니다. 비밀번호 입력까지는 정상적으로 진행되지만 휴대전화 인증 화면에서 코드가 맞지 않다는 메시지가 나오거나 화면이 다시 처음으로 돌아갑니다. 그 결과 주문 내역과 계정에 저장된 정보를 확인하지 못하고 있으며, 이번 문의는 이 접속 문제를 해결하기 위한 것입니다.

과거에는 배송지 변경 권한이 제한된 상태에서 상담원이 주문자 본인임을 확인한 뒤 한 차례 주소를 수정해 준 적이 있습니다. 그 주소 변경 건은 처리 완료로 기록되어 있고 현재 배송지를 다시 바꾸려는 요청은 없습니다. 당시 상담에서 결제수단이나 주문 상품에는 이상이 없다는 사실도 확인했지만, 그 확인 결과가 지금의 인증 오류를 해결한 것은 아닙니다.

현재 사용하는 환경은 휴대전화의 기본 브라우저와 회사 컴퓨터이며, 두 환경에서 같은 인증 실패가 나타납니다. 휴대전화 번호 자체를 해지하거나 변경한 적은 없고 회원정보에 등록된 번호를 수신할 수 있는 상태입니다. 다른 계정의 주문을 조회하거나 배송 중인 물품의 위치를 묻는 것이 아니라, 본인 계정에 정상적으로 들어가 주문 내역을 확인할 수 있도록 접근을 회복하려는 상황입니다.

고객센터의 이전 안내에는 인증 앱의 캐시를 지우고 최신 브라우저에서 다시 시도하라는 절차가 참고용으로 남아 있습니다. 그 방법을 이미 한 차례 실행했지만 잠금 상태와 인증 실패가 계속되어 단순한 사용 안내만으로는 해결되지 않았습니다. 계정 보안상 필요한 추가 확인 자료가 있다면 제출할 수 있으므로, 잠금 해제에 필요한 본인 확인 기준을 함께 알려 주시기 바랍니다.

휴대전화 인증 정보를 점검한 뒤 계정 잠금을 해제하고, 다시 로그인할 수 있는 본인 인증 절차를 안내해 주세요. 잠금 해제 후 주문 내역 접근이 가능한지 확인하는 단계까지 알려 주시면 좋겠습니다. 이번 요청은 배송지 변경이나 결제 처리, 배송 상태 조회가 아니라 로그인 접근 복구와 인증 절차 안내입니다.
이 상담은 필요한 확인과 처리를 마쳐 종료된 기록입니다.",refund,ctx-i-032,original-synthetic:advanced-context-ko-1.0
c-869ae55fe7b6,"종료된 별도 상담 건
전동 칫솔 거치대는 욕실 공사 기간에 사용할 임시 숙소로 보내기 위해 주문했고, 주문 당시 배송지와 수령인 연락처를 입력했습니다. 이전 상담에서는 출고 전에 배송지를 임시 숙소 주소로 변경해 달라는 요청이 접수되었고, 상담원은 변경 내용이 주문서에 반영되었다고 안내했습니다. 기존 집으로 오배송된 사실은 없으며, 함께 문의했던 카드 결제 승인 문자도 정상 처리된 것으로 확인되었습니다.
이후 주문 상세 화면에는 상품 준비가 끝나 출고 완료로 표시되었고, 운송장 번호도 생성되었습니다. 다만 택배사 조회 화면에는 첫 집하 스캔만 기록된 뒤 사흘 동안 추가 이동 내역이 나타나지 않습니다. 임시 숙소의 수령 가능 기간이 정해져 있어 단순히 주소를 다시 바꾸는 것보다 현재 물류 흐름을 확인하는 일이 필요합니다.
주문서에 표시된 수령지와 운송장에 등록된 배송지가 서로 같은지도 확인해 주시기 바랍니다. 만약 택배사에 실제 인계되지 않았거나 중간 허브에서 멈춘 상태라면 판매처와 택배사 중 어느 쪽에 문의해야 하는지도 알려 주세요. 결제 승인이나 과거 주소 변경 접수는 이미 끝난 사항이므로 다시 처리할 필요가 없습니다.
참고로 지난 상담에서는 출고 전 주소 변경 가능 여부, 카드 승인 결과, 주문 상품의 구성만 확인했습니다. 당시에는 운송장에 집하 기록이 생기기 전이어서 현재처럼 이동이 멈춘 상황에 대한 안내는 없었습니다. 따라서 과거 상담 내용을 근거로 배송이 정상 진행 중이라고 단정하지 말고 현재 조회 기록을 기준으로 확인해 주십시오.
이번에는 거치대가 임시 숙소로 향하고 있는지와 첫 집하 이후 지연된 사유를 확인해 주시기 바랍니다. 현재 위치를 확인할 수 있다면 함께 알려 주시고, 지연이 계속될 경우 예상 도착일도 제시해 주세요. 주소 변경이나 결제 승인 처리 여부가 아니라 운송 상태와 도착 일정에 대한 답변을 부탁드립니다.
이 상담은 필요한 확인과 처리를 마쳐 종료된 기록입니다.

아래 문의는 이후 별도로 접수한 건입니다.
새로 접수한 문의
전동 칫솔 거치대를 주문했을 때는 욕실 정리에 맞춰 배송받을 예정이었지만, 출고가 계속 미뤄져 설치 계획을 취소했습니다. 판매처는 전원 부품 검수 때문에 발송하지 못했다고 안내했고, 별도로 결제한 빠른 배송비도 주문 내역에 남아 있습니다. 이전에 배송지 변경을 문의한 기록은 있으나 주소 문제는 해결된 상태입니다.
아직 상품을 받지 못했으므로 회수할 물건은 없습니다. 주문 자체를 취소하고 상품값과 빠른 배송비를 함께 환급받을 수 있는지, 카드 승인 취소가 언제 반영되는지 처리 방법을 알려 주세요.",refund,ctx-i-040,original-synthetic:advanced-context-ko-1.0
c-663434590939,"새로 접수한 문의
조각용 점토를 주문하면서 배송지를 작업실로 입력했는데, 오늘 확인하니 택배가 이미 근처 영업소에 도착했다고 합니다. 작업실은 오후 늦게만 열리니 기사님께 내일 저녁에 전달될 수 있는지 확인해 주세요.

아래에는 상담 시 참고할 수 있도록 종료된 별도 건의 기록을 덧붙였습니다.
종료된 별도 상담 건
조각용 점토를 구매한 뒤 주문 상세를 보려 했지만 비밀번호 오류가 반복되어 계정에 들어갈 수 없습니다. 본인 확인 후 비밀번호를 재설정하고 구매 내역을 다시 볼 수 있게 해 주세요.
이 상담은 필요한 확인과 처리를 마쳐 종료된 기록입니다.",shipping,ctx-i-013,original-synthetic:advanced-context-ko-1.0
c-d89d7b3264a8,원두 보관통 뚜껑이 깨진 채 도착해 사용하지 못했습니다. 반품 접수 후 결제 금액을 환급받고 싶으니 회수 방법과 처리 일정을 알려 주세요.,refund,ctx-i-025,original-synthetic:advanced-context-ko-1.0
c-90917492b96a,"종료된 별도 상담 건
화분을 주문했던 회원 계정에서 구매 내역과 결제 영수증을 내려받으려 했으나 본인 인증 화면이 반복되어 다음 단계로 진행되지 않습니다. 주문 자체는 정상 접수되었고 카드 승인과 배송 완료 기록도 이미 확인했으므로 상품 배송이나 환급 상태를 다시 문의하는 내용은 아닙니다. 과거 포장 파손 상담과 그에 따른 환급 결과는 별도 안내문에서 확인한 참고 이력입니다.

현재 사용하는 휴대전화 번호와 회원정보의 이름은 변경되지 않았습니다. 다만 휴대전화를 초기화하면서 인증 앱을 다시 설치한 뒤부터 로그인 때 생성되는 추가 인증 코드가 계속 실패하고 있습니다. 비밀번호 재설정은 완료했지만, 새 비밀번호를 입력한 다음 인증 단계에서 차단되어 계정 안으로 들어갈 수 없는 상태입니다.

고객센터의 이전 안내에서는 등록 기기 목록을 확인하고 오래된 인증 기기를 삭제하면 재등록할 수 있다고 했습니다. 해당 안내에 따라 앱을 삭제 후 재설치하고 휴대전화의 날짜와 시간을 자동 설정으로 바꾸었지만 같은 오류가 반복되었습니다. 브라우저를 바꾸거나 와이파이와 모바일 데이터를 번갈아 사용해도 결과가 달라지지 않았습니다.

회원정보에 등록된 이메일 주소는 수신 가능하며, 주문번호와 최근 결제 금액도 본인 확인에 필요한 자료로 준비해 두었습니다. 계정 접근이 막혀 있어 구매 내역을 직접 내려받지는 못했지만, 결제 취소나 배송지 변경을 요구하는 것은 아닙니다. 참고 문서에 적힌 과거 환급 처리는 이미 끝난 사실이며 이번 장애의 원인으로 다시 조사해 달라는 뜻도 아닙니다.

이번에는 추가 인증 실패를 해소해 계정 접근을 복구할 수 있는 방법을 안내해 주시기 바랍니다. 인증 앱 재등록 절차로 해결되지 않는다면 다른 본인 확인 수단을 제공하고, 필요할 경우 회원정보에 연결된 기기 목록을 초기화해 주세요. 복구 후 주문서와 결제 영수증을 확인하려는 것이 현재 요청의 목적입니다.
이 상담은 필요한 확인과 처리를 마쳐 종료된 기록입니다.

아래 문의는 이후 별도로 접수한 건입니다.
새로 접수한 문의
식물 화분을 주문한 뒤 배송지가 공동현관으로 지정되어 있었는데, 판매처 상담에서 화분은 파손 우려로 대면 전달이 필요하다는 안내를 받았습니다. 주소 변경 요청은 이미 처리되어 운송장에도 새 배달 메모가 표시되지만, 오늘 조회하니 배송 기사 배정 전 상태입니다. 지난 주문의 카드 승인과 회원 로그인 문제는 각각 정상 처리된 이력이 있습니다. 이번에는 화분이 언제 도착하는지와 대면 수령이 어려운 시간에 기사에게 전달할 수 있는 방법을 확인하고 싶습니다. 배송 중 파손이 걱정되어 현관 앞에 두는 방식은 선택하지 않으려 하니, 보관이나 재방문 절차가 있다면 함께 알려 주세요.",shipping,ctx-i-004,original-synthetic:advanced-context-ko-1.0
